time,left_command,right_command,left_grip,right_grip,left_motor_speed,right_motor_speed,left_slip,right_slip,effective_v_left,effective_v_right,linear_velocity,angular_velocity,x,y,theta
0.1,0.711541438766307,0.22000860417813356,0.5650175910214715,0.5339264428892937,0.1423082877532614,0.044001720835626715,0.26375677490916555,0.187906123727834,0.10477351273261566,0.03573352803604983,0.07025352038433275,-0.17259996174141456,0.007025352038433275,0.0,-0.017259996174141458
0.2,0.9137436541638764,0.26955106610353297,0.6531530918111623,0.4178783316628422,0.2965953610353844,0.08911158988920798,0.21957125597835989,0.23761531854618106,0.23147154509548995,0.06793731107152717,0.14970442808350856,-0.4088355850599069,0.021993564998786897,-0.00025837695641397514,-0.05814355468013215
0.30000000000000004,0.2212287757470909,0.3590701205493188,0.789930662667714,0.72696488836193,0.28152204397772573,0.14310329602123015,0.0704277790093234,0.12469666102648877,0.26169507167820943,0.12525879282549754,0.19347693225185347,-0.3410906971317797,0.04130856332485238,-0.0013826868780861896,-0.09225262439331013
0.4,0.8475443653422614,0.2051990077424488,0.8834915510996848,0.8188836369929362,0.3947265082506329,0.1555224383654739,0.06806098708290581,0.05542004808457866,0.367861032471306,0.1469033773530284,0.25738220491216723,-0.552394137795694,0.06693733830537535,-0.0037537387653734846,-0.14749203817287954
0.5,0.9657704577654249,0.4692756360901014,0.4556475060280888,0.4580298261000784,0.5089352981535913,0.2182730779103994,0.3874933457610731,0.26847345266415157,0.3117262566961469,0.15967255106016312,0.23569940387815502,-0.38013426408995943,0.09025137402991014,-0.0072175268824921195,-0.18550546458187547
0.6000000000000001,0.8457026186195042,0.7837854293550544,0.7217368548728205,0.9838694583876224,0.5762887622467738,0.3313755481993304,0.17275146682622997,0.011977941127997134,0.47673403325317115,0.32740635139174107,0.4020701923224561,-0.3733192046535752,0.12976856732790548,-0.014633444181858496,-0.222837385047233
0.7000000000000001,0.863523731402396,0.6948158018913968,0.9170241401864664,0.7464112871540572,0.6337357560778982,0.4040635989377437,0.06173628102565888,0.12838856714667365,0.5946112673446647,0.35218645243399854,0.4733988598893316,-0.6060620372766654,0.17593794246071578,-0.025095451890277974,-0.28344358877489956
0.8,0.3823186205212375,0.43151037088168576,0.44787518615417654,0.5396745318166181,0.5834523289665661,0.4095529533265321,0.23411254020416833,0.20867066998025696,0.44685882214416517,0.3240912641634917,0.3854750431538284,-0.3069188949516836,0.21294732760268462,-0.035875781215390215,-0.31413547827006794
0.9,0.7085475554115201,0.4918657431760674,0.6221085802701296,0.5257042184628926,0.6084713742555569,0.42601551129643916,0.211148155465161,0.2530708567980412,0.4799937659281444,0.3182034008433937,0.3990985833857691,-0.4044759127118767,0.2509041517912584,-0.04820770280624436,-0.3545830695412556
1.0,0.7184283081972749,0.6873048045335906,0.5026831889188582,0.8374760787702096,0.6304627610439004,0.47827336994386943,0.27864573316405505,0.08861678280439256,0.45478700276018835,0.43589032259842864,0.4453386626793085,-0.04724170040439929,0.2926676253943126,-0.06366983452787135,-0.3593072395816955
1.1,0.9916186805092762,0.7119998078832743,0.7341698462647878,0.8107685505939248,0.7026939449369756,0.5250186575317504,0.19890398144275173,0.12170253353271197,0.5629253215532973,0.4611225567581931,0.5120239391557452,-0.2545069119877606,0.3406002672412065,-0.08167391707220166,-0.3847579307804716
1.2000000000000002,0.3832384575712835,0.22568019512323023,0.5892718288354492,0.5606445255854217,0.6388028474638372,0.46515096505004633,0.17462049741208896,0.18918456257551225,0.5272547764914431,0.3771515831954759,0.45220317984345954,-0.37525798323991805,0.38251449688434325,-0.09864667501037302,-0.42228372910446343
1.3,0.901094101178135,0.45174230463878234,0.7932631991769281,0.6373791406363986,0.6912610982066968,0.4624692329677935,0.15311866852378694,0.17266480500018,0.5854161192469967,0.38261707303882664,0.48401659614291165,-0.506997615520425,0.4266643294392677,-0.11848383556297833,-0.4729834906565059
1.4000000000000001,0.411904133198442,0.3973020061551868,0.7368208804978904,0.5576449651137612,0.6353897052050458,0.4494357876052722,0.12569900229735276,0.21891884292723088,0.5555218531907624,0.3510458250126373,0.4532838391016999,-0.5111900704453127,0.4670162524192579,-0.13913292028179078,-0.5241024977010372
1.5,0.5195204041123178,0.3754566073258267,0.9985225638970662,0.7057157762058788,0.6122158449865002,0.4346399515493831,0.0,0.11436630465732778,0.6122158449865002,0.3849317864342402,0.4985738157103702,-0.5682101463806499,0.5101814488160652,-0.16408335749529535,-0.5809235123391022
1.6,0.28771930428052733,0.7019568333624722,0.8752476186177784,0.6532959800798104,0.5473165368453056,0.48810332791200095,0.03432429001219747,0.19662447981120465,0.5285302853061558,0.3921302649671859,0.4603302751366708,-0.34100005084742463,0.5486630429457731,-0.189346107450723,-0.6150235174238446
1.7000000000000002,0.9968971041920776,0.6232914760793096,0.9826470265681709,0.9164678213406988,0.6372326503146599,0.5151409575454626,0.0,0.05471448434686872,0.6372326503146599,0.4869552856874104,0.5620939680010352,-0.37569341156812375,0.5945726230241231,-0.22177767765108583,-0.6525928585806571
1.8,0.7453682952212599,0.6295762643270362,0.5600951139715257,0.7845770791478848,0.6588597792959799,0.5380280189017773,0.24759001473579598,0.11626754938659617,0.495732676831265,0.47547281964274246,0.4856027482370037,-0.05064964297130631,0.6331543422273037,-0.2512658317859284,-0.6576578228777877
1.9000000000000001,0.5629789650633652,0.9630527420168642,0.9255117642269164,0.5580334304506545,0.639683616449457,0.6230329635247946,0.039144039207907634,0.2899908927597226,0.6146438158865033,0.4423590782135038,0.5285014470500036,-0.43071184418249875,0.6749813256907327,-0.2835712686300498,-0.7007290072960376
2.0,0.9301022714758564,0.8964148558694136,0.5790668748691797,0.7833696969196031,0.6977673474547369,0.6777093419937185,0.2872430883262157,0.12877891043120898,0.4973384996386467,0.5904346713427159,0.5438865854906813,0.232740429260173,0.7165545121506206,-0.31863972092464804,-0.6774549643700203
2.1,0.810008640060121,0.6315032240957006,0.8671758871783349,0.7182122033171066,0.7202156059758137,0.6684681184141149,0.06290558128916486,0.14868254213148335,0.674910024628377,0.5690785792344548,0.6219943019314159,-0.2645786134848055,0.7650184732381761,-0.3576270726179268,-0.7039128257185008
2.2,0.21558139390866585,0.9432788930116938,0.9272331266939106,0.8989993176167077,0.619288763562384,0.7234302733336306,0.02040550059901411,0.05072593612353024,0.6066518663265491,0.6867335954986808,0.6466927309126149,0.20020432293032936,0.8143168707181377,-0.3994813781080418,-0.6838923934254678
2.3000000000000003,0.9024076793632325,0.9575595562383954,0.4513920712407273,0.6915942779899682,0.6759125467225537,0.7702561299145836,0.34537808251528707,0.221072541737022,0.4424671673874938,0.5999736494858448,0.5212204084366693,0.39376620524587735,0.8547176718193942,-0.43241285867125967,-0.6445157729008801
2.4000000000000004,0.8126675434455903,0.30271317159981026,0.6851694268592388,0.7298821560969664,0.703263546067161,0.6767475382516289,0.18739247249017862,0.1286399665077563,0.5714772513574251,0.5896907575967328,0.5805840044770789,0.04553376559826933,0.9011290224091266,-0.46729500881977193,-0.6399623963410532
2.5,0.5385103521607095,0.3694385643536657,0.723577653267675,0.8379586414539857,0.6703129072858707,0.6152857434720362,0.13051526466885097,0.06502678996270293,0.5828268407805083,0.5752756866642346,0.5790512637223715,-0.018877885290684293,0.9475757789592167,-0.501873939777241,-0.6418501848701217
2.6,0.9961194853287159,0.7199024461115628,0.6628600503487024,0.7105455046213545,0.7354742228944398,0.6362090839999416,0.2203148219822798,0.15917584179928596,0.5734383504048957,0.5349399674938983,0.554189158949397,-0.09624595727749347,0.9919657466798675,-0.5350520501021222,-0.651474780597871
2.7,0.4704684497179643,0.6706469747657866,0.5380688395579463,0.5321304306709357,0.6824730682591447,0.6430966621531106,0.20834868634481474,0.27111511359172663,0.5402807010216368,0.46874343754300973,0.5045120692823233,-0.17884315869656775,1.0320840629033763,-0.5656436336490043,-0.6693590964675278
2.8000000000000003,0.3831534270489235,0.9243360104049023,0.9157812401522479,0.4425144099331921,0.6226091400171004,0.6993445318034689,0.027693295912076026,0.380126390624124,0.6053670408650437,0.43350521912629836,0.519436129995671,-0.4296545543468633,1.0728192569615356,-0.5978737887291912,-0.7123245519022141
2.9000000000000004,0.3713894458963509,0.30584947898002,0.9613085443484026,0.7426258559951706,0.5723652011929505,0.6206455212387791,0.01626211705809897,0.12008411931180124,0.5630573312911684,0.5461158504160065,0.5545865908535874,-0.04235370218790474,1.114792844001947,-0.6341212832427027,-0.7165599221210046
3.0,0.8459975982133148,0.3523279314895022,0.458158488537294,0.6586307094438265,0.6270916805970234,0.5669820032889238,0.3428542452834972,0.14920134829459722,0.412090635722371,0.4823875239394446,0.4472390798309078,0.1757422205426841,1.1485177838886391,-0.663495700256815,-0.6989857000667362
3.1,0.7832606795678805,0.7386916378346413,0.9904991268195796,0.45905072269117536,0.6583254803911948,0.6013239301980673,0.0019317773917305828,0.31569477046473443,0.6570537421117749,0.4114891100792365,0.5342714260955057,-0.613911580081346,1.1894160063718238,-0.6978729451309638,-0.7603768580748709
3.2,0.8893380290822328,0.39892506713622855,0.5141253450644869,0.6691681286998792,0.7045279901294024,0.5608441575856995,0.3154803852745738,0.1431822177643958,0.4822632283666574,0.4805412472823748,0.4814022378245161,-0.00430495271070655,1.224297273221982,-0.7310509253098804,-0.7608073533459415
3.3000000000000003,0.3998451583056804,0.9386124794208104,0.6658784470320742,0.9168094628570983,0.6435914237646579,0.6363978219527217,0.1556882324842917,0.038214164856684954,0.5433918125566897,0.6120784106701851,0.5777351116134374,0.17171649528373856,1.266141447132076,-0.7708861321210884,-0.7436357038175676
3.4000000000000004,0.9994259747301812,0.8688220680639616,0.9813977543708508,0.9558201898048766,0.7147583339577626,0.6828826711749696,0.02696513005335009,0.015260145106853744,0.6954847825258756,0.6724617825218837,0.6839732825238797,-0.057557500009979834,1.316482713281112,-0.8171889553025835,-0.7493914538185655
3.5,0.5885129003605748,0.3709978393593454,0.6406241755296715,0.4351812399833074,0.689509247238325,0.6205057048118447,0.1875705956115775,0.27267659759452384,0.5601775870541419,0.451308320435759,0.5057429537449505,-0.27217316654595713,1.3535083340604588,-0.8516398298710277,-0.7766087704731612
3.6,0.4121624465377216,0.8272564815588554,0.673005020403486,0.6538044915940977,0.6340398870982042,0.6618558601612469,0.17030121983176175,0.23823255138761762,0.5260621209033876,0.5041802499441868,0.5151211854237872,-0.054704677398002,1.3902516411638286,-0.8877428455322093,-0.7820792382129614
3.7,0.6446146587244945,0.7747266202370608,0.4928780951644385,0.5780246952967385,0.6361548414234623,0.6844300121764096,0.3016442314963512,0.2605260036981334,0.44426240316959886,0.5061181962930249,0.4751902997313119,0.1546394828085651,1.4239640035257126,-0.9212321697052703,-0.7666152899321049
3.8000000000000003,0.6337561610994193,0.7983804483032513,0.43429916374448985,0.7505065566753828,0.6356751053586538,0.707220099401778,0.3132308223198429,0.16863310353140848,0.4365620693789099,0.587959379159865,0.5122607242693874,0.3784932744523876,1.4608602362856806,-0.9567677645984509,-0.7287659624868662
3.9000000000000004,0.3259461823515866,0.9686231226195603,0.44806687914435217,0.5114949765884339,0.5737293207572404,0.7595007040453344,0.24134153797721355,0.34283091364453444,0.4352646041030659,0.4991203837638053,0.4671924939334356,0.15963944915184852,1.4957126457517484,-0.9878804279091832,-0.7128020175716814
4.0,0.388163116000745,0.2959092911576994,0.9341723884776625,0.5477292086731749,0.5366160798059413,0.6667824214678074,0.03374978992099773,0.19398894952047271,0.5185053998442614,0.5374339999685503,0.5279696999064059,0.047321500310722464,1.5356552668978258,-1.022407331277043,-0.7080698675406092
4.1000000000000005,0.5353799322686981,0.6669378314329798,0.7136696293191753,0.9608237546418563,0.5363688502984927,0.6668135034608419,0.13538769296581732,0.03085179368815837,0.46375110907785194,0.6462411108235899,0.5549961099507209,0.45622500436434493,1.5778138030433557,-1.058502547728401,-0.6624473671041747
4.2,0.3909487620926768,0.5166286774330036,0.8030141337759829,0.5799982478792574,0.5072848326573295,0.6367765382552742,0.08254739993809257,0.22286908521987225,0.4654097886934365,0.4948587336848443,0.4801342611891404,0.07362236247851942,1.6156718779603902,-1.0880331293558023,-0.6550851308563228
4.3,0.25803449159452585,0.5666284180948689,0.9990726645126654,0.9976578687130566,0.45743476444476877,0.6227469142231932,0.0,0.0,0.45743476444476877,0.6227469142231932,0.5400908393339809,0.41328037444606097,1.658500869100767,-1.1209369082455038,-0.6137570934117167
4.4,0.4121603318003211,0.9466075023949674,0.9285185042118638,0.9275621454907257,0.44837987791587924,0.687519031857548,0.028010267094644818,0.03546931626142124,0.4358206377755912,0.6631332018808466,0.5494769198282189,0.5682814102631384,1.703420053499933,-1.1525836415232498,-0.5569289523854029
4.5,0.8669959637118456,0.7628319400698969,0.76700665943557,0.9923398381789026,0.5321030950750725,0.7025816135000178,0.15685876921419842,0.0,0.44863805848653104,0.7025816135000178,0.5756098359932744,0.6348588875337169,1.752282560047947,-1.1830093261789374,-0.49344306363203116
4.6000000000000005,0.8536833080923694,0.43950300175998236,0.7980332289796463,0.9633580023562623,0.5964191376785318,0.6499658911520108,0.11492794036559664,0.0020514532918473466,0.5278739145905129,0.6486325164850185,0.5882532155377658,0.301896504736264,1.804090446461973,-1.21087258803423,-0.46325341315840474
4.7,0.2856287821675341,0.6425789127078527,0.5634089273888898,0.7628978962181343,0.5342610665763323,0.6484884954631791,0.18956299981893654,0.12021724844721612,0.4329849361096582,0.5705289928889207,0.5017569644992894,0.3438601419481561,1.8489777956675566,-1.2332941489863893,-0.4288673989635891
4.800000000000001,0.7073903671080639,0.41118712130432755,0.693119111289626,0.943201894647594,0.5688869266826786,0.6010282206314088,0.19274224895421857,0.010073230088389451,0.45923838103320547,0.5949739250753734,0.5271061530542894,0.3393388601054198,1.8969147961162307,-1.2552133860593522,-0.39493351295304713
4.9,0.5388606180509812,0.42134417917780137,0.4021274134526694,0.8626715338117763,0.5628816649563391,0.5650914123406874,0.31371430765730773,0.054821770299370465,0.3862976331415685,0.5341121007351993,0.4602048669383839,0.36953616898407704,1.9393927245541889,-1.2729196219991972,-0.3579798960546394
5.0,0.7929847266783447,0.641344336901113,0.6566121513884076,0.405801819765004,0.6089022773007402,0.5803419972527725,0.1949466366967998,0.3460179649587692,0.49019882626393874,0.37953324038326053,0.43486603332359963,-0.2766639647016955,1.980122561818126,-1.2881565844864917,-0.385646292524809
5.1000000000000005,0.9231428572479146,0.6364722313644179,0.9007570119316101,0.7495057398938765,0.671750393290175,0.5915680440751016,0.052342830070125954,0.12401915507261194,0.6365890766046471,0.5182022750809497,0.5773956758427985,-0.2959670038092435,2.033621476774218,-1.3098757871270228,-0.4152429929057333
5.2,0.44660667994410697,0.919185190994072,0.877673382932825,0.9164215492005416,0.6267216506209614,0.6570914734588956,0.07450772430807753,0.04420622647786318,0.5800260466585916,0.6280439389664988,0.6040349928125452,0.12004473076976802,2.0888917852803157,-1.3342433008094092,-0.40323851982875647
5.300000000000001,0.3996237913783396,0.2822348973374285,0.8680697451228656,0.9304808208706054,0.581302078772437,0.5821201582346022,0.056923159517029434,0.0335305094986737,0.5482125278148928,0.5626013727395474,0.5554069502772201,0.03597211231163633,2.139977840370689,-1.3560374233993586,-0.39964130859759284
5.4,0.32364267066576374,0.9439048125549396,0.9187634177319783,0.9857236197585777,0.5297701971511024,0.6544770890986696,0.04731849325441499,0.024929779865256775,0.5047022696508179,0.6381611193405857,0.5714316944957019,0.3336471242244196,2.192618163254087,-1.378271141520129,-0.36627659617515085
5.5,0.21982908951855099,0.7892515774040658,0.5993112807678572,0.9584895316289953,0.4677819756245921,0.6814319867597489,0.1675292358587909,0.0401205827025514,0.38941481869968864,0.6540925383787906,0.5217536785392396,0.6616942991977548,2.2413325991290454,-1.3969573061366802,-0.30010716625537537
5.6000000000000005,0.8485994532595111,0.41344456767557763,0.8724247054812827,0.4648573758417743,0.5439454711515759,0.6278345029429147,0.09646338974306062,0.26338724165692773,0.49147464716890865,0.46247090499573207,0.47697277608232036,-0.07250935543294146,2.2868980380355337,-1.4110576986310697,-0.3073581017986695
5.7,0.37794697403653155,0.8532692844775431,0.6761819408073653,0.5831145204031604,0.510745771728567,0.6729214592498404,0.15791365996800039,0.2564556933292318,0.43009203760172815,0.5003469198618041,0.46521947873176617,0.17563720565018995,2.33123978968715,-1.4251325234747734,-0.28979438123365053
5.800000000000001,0.21893154776116122,0.35450383066216695,0.5969571707186239,0.9186117652181718,0.45238292693508586,0.6092379335323057,0.17488392911779094,0.027122446543819286,0.37326842320687154,0.5927139102476089,0.4829911667272402,0.5486137176018433,2.3775249613031604,-1.438934246549878,-0.2349330094734662
5.9,0.7131853908861021,0.5197427074880487,0.988689812318956,0.7217294394872331,0.5045434197252892,0.5913388883234543,0.02418904616622203,0.1259464760419361,0.49233899565269057,0.5168618391925592,0.5046004174226248,0.061307108849671665,2.4265988625412076,-1.4506802258581035,-0.22880229858849904
6.0,0.9763204888177823,0.3428542529379709,0.9775205894569333,0.5592798175137812,0.5988988335437878,0.5416419612463576,0.0,0.1900397206568509,0.5988988335437878,0.43870847423507087,0.5188036538894294,-0.40047589827179236,2.4771271605286165,-1.4624472737200713,-0.26884988841567825
6.1000000000000005,0.7828360485221635,0.450941851355993,0.763725311983686,0.7068538358016869,0.635686276539463,0.5235019392682847,0.1402759609916826,0.143884120599956,0.5465147732086653,0.44817832310429595,0.4973465481564806,-0.24584112526092328,2.5250751988212348,-1.4756579328073864,-0.2934340009417706
6.2,0.4037780049108656,0.7670282270673365,0.4010147669311777,0.9553450992994497,0.5893046222137435,0.5722071968280951,0.27797647475619797,0.03587429790164336,0.42549180077323406,0.5516796653876197,0.48858573308042685,0.31546966153596406,2.5718453743296585,-1.4897898423955704,-0.26188703478817416
6.300000000000001,0.7935600622715813,0.7365028035463996,0.6185328830687585,0.44198428667578615,0.630155710225311,0.6050663181717559,0.24209647010242993,0.325004770353459,0.4775972371648735,0.40841687838573143,0.44300705777530247,-0.1729508969478552,2.6146355650499853,-1.5012594592377049,-0.27918212448295965
6.4,0.45113251604668775,0.8784122236050684,0.8318525578083702,0.5801933609267586,0.5943510713895863,0.6597354992584185,0.07315833061092505,0.2697830213917397,0.5508693392099094,0.48175006294909445,0.5163097010795019,-0.17279819065203747,2.664267442925384,-1.5154873815333016,-0.2964619435481634
6.5,0.5219203096461797,0.4365241620207576,0.47637267943549194,0.652267800263745,0.579864919040905,0.6150932318108863,0.2840194363138508,0.17212978057078718,0.4151720115967304,0.509217368788702,0.4621946901927162,0.23511339297992914,2.7084706372829714,-1.5289898600098177,-0.2729506042501705
6.6000000000000005,0.9222444365860663,0.6924119327611045,0.5805699247393392,0.7287623278814189,0.6483408225499372,0.6305569720009299,0.2605720815444975,0.1479711306260312,0.47940130486782834,0.5372527439298256,0.5083270243988269,0.1446285976549931,2.7574214969784867,-1.542693033817795,-0.25848774448467116
6.7,0.5439105199918677,0.6639878249565456,0.7928233742218429,0.6789929141482085,0.6274547620383233,0.6372431425920531,0.10491359820850263,0.17010810048724953,0.561626225239823,0.5288429220571934,0.5452345736485082,-0.08195825795657391,2.810133556656528,-1.5566302561922607,-0.2666835702803285
6.800000000000001,0.5785489487274611,0.9209446606626035,0.8776148560760682,0.5018148377188328,0.6176735993761509,0.6939834462061631,0.048429683189004334,0.33359401517062826,0.5877598626441519,0.4624747219242995,0.5251172922842258,-0.31321285179963104,2.8607890062705326,-1.5704688663450974,-0.29800485546029165
6.9,0.7063526846126367,0.4681506043278407,0.8910540787219985,0.8506828825244394,0.6354094164234481,0.6488168778304987,0.07037730079461248,0.06174192139562968,0.5906910167960859,0.6087576771593302,0.599724346977708,0.04516665090811056,2.918118107502532,-1.5880775879202025,-0.2934881903694806
7.0,0.3593039461812613,0.21954031018146108,0.5469055264470101,0.6850818065312831,0.5801883223750107,0.5629615643006911,0.2150373027870904,0.1050434823583608,0.4554261904229215,0.5038261211526363,0.4796261557877789,0.12099982682428692,2.964029870034988,-1.6019528376232166,-0.2813882076870519
7.1000000000000005,0.5315528087981756,0.703812304590171,0.5166611420438256,0.817812550294303,0.5704612196596437,0.5911317123585871,0.24754479516643257,0.09570592003275565,0.4292465138886039,0.5345569079667702,0.4819017109276871,0.26327598519541584,3.010324763786219,-1.6153347434109804,-0.25506060916751033
7.2,0.7248464088894273,0.20443585451042542,0.8505786859710838,0.8620277131444151,0.6013382575056004,0.5137925407889548,0.07241288722537616,0.04968012675921646,0.5577936180805432,0.48826726223461964,0.5230304401575814,-0.17381588961480884,3.060935700011059,-1.6285310136325049,-0.27244219812899123
7.300000000000001,0.34070934536522535,0.9663728338236319,0.7107746502662444,0.43013103108438455,0.5492124750775255,0.6043085993958902,0.11615224793485202,0.4051765007284049,0.485420211503407,0.3594569557325799,0.42243858361799347,-0.31490813942706763,3.101621461748985,-1.6398981751557922,-0.303933012071698
7.4,0.5651694603761381,0.8411332813778116,0.8005466395518119,0.9927354718398688,0.552403872137248,0.6516735357922745,0.10874408011111714,0.02262511734936269,0.49233322121186374,0.6369293455715002,0.564631283391682,0.36149031089909106,3.1554967052924794,-1.656796192642306,-0.2677839809817889
7.5,0.9131407406483496,0.6901218582094103,0.8315643767655803,0.7028668988946412,0.6245512458394683,0.6593632002757016,0.12527562565992026,0.17307802750418272,0.5463101977602463,0.5452419181631377,0.5457760579616919,-0.0026706989927713365,3.2081291440095026,-1.6712371569155415,-0.26805105088106607
7.6000000000000005,0.9177664825866099,0.794924353727668,0.684804662093832,0.5555149290790116,0.6831942931888966,0.6864754309660949,0.20015847751137356,0.28018478184472817,0.546447163619748,0.4941354620990938,0.5202913128594209,-0.13077925380163544,3.2583002583908467,-1.6850172071369265,-0.2811289762612296
7.7,0.8126509474377324,0.6170398502623857,0.7760490621890688,0.564758468150523,0.7090856240386637,0.6725883148253531,0.12308219221451759,0.22942613344551827,0.6218098109641857,0.5182789783543353,0.5700443946592606,-0.258827081524626,3.3130668647112227,-1.7008325462408902,-0.3070116844136922
7.800000000000001,0.4173720856657477,0.45576765473500985,0.7240913335110739,0.48302443690969343,0.6507429163640805,0.6292241828072844,0.1180856893701006,0.25709895739704614,0.5738994904825184,0.46745130143852326,0.5206753959605208,-0.2661204726099879,3.362699774465402,-1.7165679505547273,-0.333623731674691
7.9,0.7651353133556418,0.2513830805711025,0.6445596217999521,0.7255666843023492,0.6736213957623928,0.553655962360048,0.2120470768854772,0.09819852721443859,0.5307819478634622,0.49928776227279864,0.5150348550681304,-0.07873546397665895,3.4113634551061747,-1.7334337504421744,-0.3414972780723569
8.0,0.5361148142187405,0.9238707826721415,0.7504476485225351,0.8173137918987808,0.6461200794536623,0.6276989264224667,0.14265047175547324,0.13294102549984016,0.5539507453089135,0.5442519874387153,0.5491013663738145,-0.024246894675495623,3.4631027667004104,-1.7518230609591703,-0.34392196753990645
8.1,0.5043048231421694,0.20471686686719448,0.6110552816030949,0.8520850750356315,0.6177570281913638,0.5431025145114122,0.20928001251112857,0.07462396302875549,0.48847282960263755,0.5025740525476885,0.495523441075163,0.03525305736262738,3.50975330039882,-1.7685312180150294,-0.3403966618036437
8.200000000000001,0.5352170261038576,0.7980125351824408,0.7276793858403034,0.7619515533647447,0.6012490277738626,0.594084518645618,0.12881798372379324,0.13617765713369084,0.5237973403001426,0.5131834807570612,0.5184904105286019,-0.026534648857703402,3.558627363235612,-1.7858415917812576,-0.34305012668941404
8.3,0.5486687808373093,0.2232198559573722,0.6016777262190295,0.8074851310170099,0.5907329783865519,0.5199115861079688,0.20308814743409664,0.06154550647265154,0.47076211217780084,0.4879133642199543,0.4793377381988776,0.04287813010538363,3.6037681848355376,-1.8019646466375752,-0.33876231367887566
8.4,0.5739121193858481,0.30210223782492857,0.7733541765844388,0.41617987114308264,0.5873688065864111,0.47634971645136076,0.11578447122480669,0.2482710649440313,0.5193606199018577,0.3580858650621941,0.4387232424820259,-0.40318688709915895,3.645147099931486,-1.8165442975394903,-0.37908100238879155
8.5,0.22168163707224997,0.7141997184074687,0.4814196923383386,0.677019066430907,0.5142313726835789,0.5239197168425823,0.1835693702603908,0.18432759136066448,0.419834243431918,0.4273468573706278,0.4235905504012729,0.018781534846774445,3.6844988788743076,-1.8322199805526103,-0.3772028489041141
8.6,0.36932822736918525,0.46147664390504683,0.8567378247364162,0.6274757293384818,0.48525074362070014,0.5114311022550753,0.0742233516169277,0.19379875268388744,0.4492338070545653,0.412316392554296,0.43077509980443063,-0.09229353625067327,3.7245479762286298,-1.8480863496148499,-0.3864322025291814
8.700000000000001,0.4018172254259045,0.2655249862093141,0.4116299722300064,0.7236514287535203,0.468564039981741,0.462249879045923,0.29107420630428693,0.10625396535042535,0.3321771339413256,0.41313399641453924,0.3726555651779324,0.20239215618303413,3.75906555591072,-1.8621312204035545,-0.366192986910878
8.8,0.7201152745999,0.8249864396887159,0.7910527931463336,0.8525399224357157,0.5188742869053729,0.5347971911744815,0.14085506146086352,0.0808734763181789,0.44578821733285484,0.4915462831990035,0.46866725026592915,0.11439516466537167,3.8028248886859752,-1.8789124810767797,-0.3547534704443408
8.9,0.21630401385626588,0.3219058766278323,0.47573258492452375,0.8016753067719464,0.45836023229555145,0.4922189282651517,0.20519946628579347,0.0737527432968852,0.364304957261872,0.455916432002944,0.410110694632408,0.22902868685268002,3.841282287094108,-1.8931580532378727,-0.33185060175907277
9.0,0.7595719769969207,0.8135184786849927,0.5006734860206814,0.764348496334559,0.5186025812358253,0.5564788383491199,0.31142475122810764,0.1319595070594844,0.3570969013882039,0.4830461651515356,0.42007153326986973,0.3148731594083293,3.880997574213868,-1.9068436989892443,-0.30036328581823984
9.1,0.855440939448868,0.9717766184272703,0.46485924979456394,0.41540705529847965,0.5859702528784339,0.63953839436475,0.3361330372746627,0.40970927686786596,0.3890062920258037,0.3775135812803322,0.38325993665306796,-0.028731776863678837,3.917607677414784,-1.9181831052369898,-0.30323646350460776
9.200000000000001,0.9665382705647168,0.5173235532133018,0.829008823029681,0.445597886705836,0.6620838564156905,0.6150954261344603,0.12502973631670192,0.28613243827561113,0.5793036864284916,0.4390966720824311,0.5092001792554613,-0.35051753586515133,3.96620447191604,-1.9333883605699551,-0.3382882170911229
9.3,0.28152104435678127,0.8179847079609792,0.9101759434532778,0.7602469688901066,0.5859712940039086,0.6556732824997641,0.02190436444966759,0.1697254086476292,0.5731359652230037,0.5443888666881592,0.5587624159555815,-0.07186774633711118,4.018913879550777,-1.9519321660488826,-0.345474991724834
9.4,0.8261082770888157,0.4777630122467592,0.6570268079408467,0.6223425257308337,0.63399869062089,0.6200912284491631,0.21646358631668458,0.17911879827693716,0.49676106032900996,0.5090212327872793,0.5028911465581446,0.030650431145673313,4.066231647073509,-1.968962254995518,-0.34240994861026663
9.5,0.8796605015996619,0.8578647344720465,0.4633233223863992,0.9764725403287472,0.6831310528166443,0.6676459296537398,0.3552637176987061,0.028279881518946597,0.4404393753175721,0.6487649818665251,0.5446021785920486,0.5208140163723824,4.117530353537487,-1.987247714913022,-0.2903285469730284
9.600000000000001,0.7658469149648617,0.5483897160061417,0.8402771824080351,0.9792842387428466,0.6996742252462878,0.6437946869242201,0.0876494319740062,0.023086821302480787,0.6383481768365977,0.6289315140317141,0.6336398454341559,-0.02354165701220906,4.178242547410968,-2.0053867350708754,-0.2926827126742493
9.700000000000001,0.6305383251586046,0.5867980031065569,0.6613446958023366,0.8386157285830733,0.6858470452287512,0.6323953501606875,0.177746472107217,0.10036379510595494,0.5639401525341817,0.5689257528112016,0.5664329526726917,0.012464000692549715,4.232476990285176,-2.0217295654517895,-0.2914363126049943
9.8,0.8645848151124829,0.26933031844453953,0.9289787104016631,0.5463180635145736,0.7215945992054975,0.5597823438174578,0.04445629695820161,0.18939396928531088,0.6895151754197835,0.45376294378603493,0.5716390596029092,-0.5893805790843712,4.287230418402126,-2.038154371510884,-0.35037437051343145
9.9,0.5031914433026112,0.22295999821607168,0.9105717017874755,0.5091039142946151,0.6779139680249202,0.4924178746971806,0.03331310525080953,0.20296219614199898,0.6553305486571122,0.3924756614290652,0.5239031050430887,-0.6571372180701174,4.336437717671328,-2.056137317136368,-0.4160880923204432
10.0,0.4722710745314269,0.9042559838065805,0.820710250199321,0.5657611454537109,0.6367853893262215,0.5747854965190606,0.06806231463408574,0.3052593925248869,0.5934443018035115,0.3993268250195367,0.49638556341152407,-0.48529369195993693,4.381840966993659,-2.0762004980060116,-0.4646174615164369
10.100000000000001,0.26849036956641703,0.7760597312833555,0.6931467081092724,0.8548987920894798,0.5631263853742606,0.6150403434719196,0.13263522264204444,0.09440936013076559,0.48843599187453585,0.5569747781901294,0.5227053850323327,0.17134696578898392,4.4285704645698445,-2.0996219251976944,-0.4474827649375385
10.200000000000001,0.5926570680628689,0.834346294505854,0.455832010332803,0.5329578402835181,0.5690325219119823,0.6589015336787065,0.2999238852278977,0.28823084725513126,0.3983660771191117,0.4689857863687875,0.4336759317439496,0.17654927312418953,4.467668048042167,-2.118386975273956,-0.42982783762511956
10.3,0.6652444682658938,0.5786083910076198,0.7185531586874607,0.6553022876231289,0.5882749111827645,0.6428429051444892,0.1691638515799364,0.17641896109785402,0.4887600614192431,0.5294332276697721,0.5090966445445075,0.10168291562632242,4.513946842432393,-2.139601760793777,-0.41965954606248734
10.4,0.7622839537486152,0.4167331415809571,0.5508422057205649,0.4723935308513835,0.6230767196959347,0.5976209524317827,0.2594050217340253,0.23101257095748273,0.46144748968124555,0.45956299975245707,0.4605052447168513,-0.004711224821971199,4.55600145748804,-2.158365026944387,-0.42013066854468445
10.5,0.6286911723069999,0.8097516875872823,0.5110899054625972,0.5298307839271634,0.6241996102181477,0.6400470994628826,0.2689903560447075,0.3023222913322007,0.4562959348226005,0.446546593792735,0.4514212643076677,-0.024373352574663804,4.5972178282836405,-2.1767775867102332,-0.4225680038021508
10.600000000000001,0.9812856183064456,0.6197094952868862,0.569799221964973,0.4603156648544745,0.6956168118358073,0.6359795786276834,0.28568487112215724,0.28478362986186884,0.49688961259608877,0.45486300570806987,0.47587630915207935,-0.10506651722004726,4.640619594093761,-2.1962934607794495,-0.4330746555241555
10.700000000000001,0.3435532349483227,0.21131869380485108,0.720481053560598,0.5645867960699604,0.6252040964583103,0.5510474016631169,0.14123933648737153,0.1695626996589087,0.5369006847053519,0.45761031659709184,0.49725550065122187,-0.19822592027065017,4.685754467509676,-2.217161463343383,-0.4528972475512205
10.8,0.7579339143281556,0.30102359436672715,0.9210767183577664,0.6945272167142673,0.6517500600322794,0.501042640203839,0.0625132266073001,0.13138620985312494,0.6110070608381601,0.4352125467326537,0.523109803785407,-0.4394862852637661,4.732791618166238,-2.240051311011639,-0.4968458760775971
10.9,0.5755175559444081,0.5523750385088082,0.5106182022340491,0.4308260303101467,0.6365035592147051,0.5113091198648329,0.2771162096700857,0.295620355767841,0.46011810544360715,0.36015573594304934,0.41013692069332824,-0.24990592375139453,4.768846359559371,-2.2596006987317794,-0.5218364684527366
11.0,0.8576925162395443,0.5205659538015519,0.4444493021533839,0.7776674241711989,0.680741350619673,0.5131604866521766,0.3394062426995657,0.0989631838865768,0.44969348655562214,0.46237649104829204,0.4560349888019571,0.031707511231674756,4.808380270427809,-2.2823328126141798,-0.5186657173295691
11.100000000000001,0.6502716776676514,0.4430684094737822,0.9963508736261321,0.471070937326877,0.6746474160292687,0.49914207121649773,0.012621645136870701,0.25667212826087105,0.6661322557516405,0.37102621349282,0.5185792346222302,-0.7377651056470511,4.853417911647744,-2.308039914729318,-0.5924422278942743
11.200000000000001,0.8325926638747356,0.3805497096520277,0.7135435210781307,0.6703086789332526,0.7062364655983621,0.47542359890360375,0.17904640898522842,0.16349963755576907,0.5797873625385556,0.3976920127974052,0.48873968766798037,-0.45523837435287595,4.8939627513846204,-2.3353305870136163,-0.6379660653295618
11.3,0.9920250083734383,0.4443041954554883,0.7726163926432892,0.7657785473470782,0.7633941741533773,0.46919971821398065,0.16804674442320452,0.12979627344064054,0.6351082684752614,0.4082993432904073,0.5217038058828343,-0.5670223129621351,4.935871674835196,-2.3664013247895386,-0.6946682966257753
11.4,0.3662303246588411,0.3688201562443144,0.7962568823152221,0.49423425602852633,0.68396140425447,0.4491238058200474,0.07792224049317104,0.20934695823332114,0.6306655992241063,0.3551011032014477,0.492883351212777,-0.6889112400566463,4.973738230727588,-2.3979522982115387,-0.76355942063144
11.5,0.2021405780823086,0.5604029636941619,0.756286717071738,0.5747555734186166,0.5875972390200377,0.4713796373948703,0.08207877181970208,0.23117485594982903,0.5393679793166251,0.36240851762242854,0.4508882484695268,-0.4423986542354913,5.006309462793338,-2.4291310885632864,-0.8077992860549892
11.600000000000001,0.7623900464749738,0.5632250611256346,0.8124309520427457,0.9543466266895292,0.6225558005110249,0.48974872214102316,0.12498414552880462,0.028983581869062653,0.5447461957401535,0.47555404995758,0.5101501228488667,-0.17298036445643372,5.041565463898917,-2.4660031086390912,-0.8250973225006326
11.700000000000001,0.7289464342826943,0.9469347667564108,0.655083379662527,0.7267374272263472,0.6438339272653588,0.5811859310641007,0.20995067124527664,0.20181996188567036,0.5086605620655141,0.463891008608256,0.4862757853368851,-0.11192388364314534,5.074558569588463,-2.5017255997477537,-0.8362897108649472
11.8,0.8613049277200477,0.25712786948465133,0.49955367353243485,0.5845670875685396,0.6873281273562966,0.5163743187482108,0.33250696164141835,0.17012590757712387,0.45878674007836856,0.4285256691216524,0.4436562046000105,-0.07565267739179038,5.104293343051609,-2.534652056069324,-0.8438549786041263
11.9,0.4308884706446734,0.2994829265397666,0.8132067947272563,0.8198402109854304,0.6360401960139719,0.472996040306522,0.10593982663030037,0.075648736132636,0.5686582079183494,0.4372144876615922,0.5029363477899709,-0.32860930064189303,5.137717853499985,-2.5722319948740844,-0.8767159086683156
12.0,0.5950361754760675,0.2643534815194408,0.42391647051016784,0.6592171984964635,0.627839391906391,0.43126752854910577,0.3028341382382353,0.12828440455530443,0.4377081907064014,0.375942630445146,0.4068254105757737,-0.1544139006531385,5.163741615823818,-2.6035023153299752,-0.8921572987336295
12.100000000000001,0.2730615093047882,0.9695288817542693,0.9015751683437088,0.7451194655319583,0.5568838153860705,0.5389197991901384,0.0583093138431961,0.19529267284100296,0.5244123022205276,0.43367271115935974,0.47904250668994364,-0.22684897765291964,5.193812751688391,-2.640792314256929,-0.9148421964989214
12.200000000000001,0.7378252674425914,0.41560882077364314,0.4241390038867697,0.8537612982475342,0.5930721057973747,0.5142576035068394,0.34153224915083485,0.07424322785781151,0.3905188555957755,0.47607745907206894,0.4332981573339222,0.21389650869073365,5.220240283852103,-2.6751297351738486,-0.893452545629848
12.3,0.9328582303414141,0.34519131777850076,0.7511977751667127,0.7808708316724522,0.6610293307061825,0.4804443463611716,0.16714858080282152,0.07964504130149469,0.5505392162096052,0.4421793365521665,0.49635927638088584,-0.27089969914359674,5.251348380699828,-2.713808044638019,-0.9205425155442076
12.4,0.4783688450357204,0.46664671493207366,0.8020801057127113,0.9146398566402115,0.6244972335720901,0.477684820075352,0.0904395993252661,0.0492882021612643,0.5680179539880931,0.4541405940941109,0.511079274041102,-0.28469339973495544,5.282288529207304,-2.7544863859744,-0.9490118555177032
12.5,0.43057423628916464,0.9561548316505686,0.8881396208427836,0.7300579653830698,0.585712634115505,0.5733788223903953,0.05101682902188802,0.17680584893771092,0.5558314328048747,0.4720020929347565,0.5139167628698156,-0.2095733496752955,5.312223490834028,-2.796259612615306,-0.9699691904852328
12.600000000000001,0.45861902902079577,0.9761477814468618,0.6425050342004474,0.708757751397463,0.5602939130965632,0.6539326142016886,0.19235485596906132,0.207397279974871,0.452518658142532,0.5183087687294017,0.48541371343596684,0.1644752764671742,5.339665138929781,-2.836299850897637,-0.9535216628385154
12.700000000000001,0.634074875485756,0.5305980566394572,0.5125495248367162,0.6170676154910052,0.5750501055744017,0.6292657026892423,0.28012490844906074,0.20116933665641323,0.41396424739674975,0.5026767386986157,0.45832049304768274,0.22178122825466495,5.366193412569196,-2.873674005619678,-0.9313435400130489
12.8,0.8079924288488136,0.3628465906802191,0.729531783451199,0.9566036565066687,0.6216385702292841,0.5759818802874377,0.1660796172538045,0.02724739032670348,0.5183970744154024,0.5602878771741373,0.5393424757947698,0.10472700689683728,5.398379021855971,-2.916952055677454,-0.9208708393233651
12.9,0.2971408666900959,0.9785174526573555,0.765323000249179,0.5435784773965903,0.5567390295214465,0.6564889947614212,0.08463107731673175,0.31760658731548175,0.5096216056687747,0.447983765525075,0.47880268559692485,-0.15409460035924916,5.4273526692387035,-2.9550709207535464,-0.93628029935929
13.0,0.6418011272429864,0.27456736102521806,0.9953542836371317,0.9477579270905008,0.5737514490657545,0.5801046680141806,0.0010442810754278278,0.006108855073731365,0.5731522912854958,0.5765608926696869,0.5748565919775914,0.008521503460477697,5.4614294673924615,-3.001367495583537,-0.9354281490132422
13.100000000000001,0.8657145390151211,0.5987004037657562,0.8299619955950747,0.705323209041707,0.6321440670556278,0.5838238151644957,0.100830146229393,0.17236124060140665,0.5684048883363656,0.48319521809009686,0.5258000532132312,-0.21302417561567186,5.492634327353178,-3.043686683600587,-0.9567305665748094
13.200000000000001,0.9841957060827005,0.3949847248601107,0.7307590461282818,0.63015160794829,0.7025543948610423,0.5460559971036186,0.20364132843964014,0.1697179394290284,0.5594852845904322,0.4533804984623289,0.5064328915263806,-0.26526196532025825,5.5218147478987865,-3.085078057013161,-0.9832567631068352
13.3,0.9034610041171809,0.8912215475428706,0.5657484416932246,0.8740037092018681,0.74273571671227,0.615089107191469,0.28380490399700237,0.10008506669464945,0.5319436779355995,0.5535278728750584,0.542735775405329,0.05396048734864739,5.551899398669442,-3.1302503384150997,-0.9778607143719704
13.4,0.6061901406477253,0.8564395785484626,0.5697033899696959,0.5791335098630603,0.7154266014993611,0.6633592014628678,0.23690311692746144,0.29039472814547596,0.5459398096713416,0.47072318649125827,0.5083314980813,-0.1880415579502083,5.580304858161581,-3.1724064647843035,-0.9966648701669912
13.5,0.5917122773245609,0.31887633470623133,0.7231483466223243,0.6070743650158046,0.6906837366644011,0.5944626281115405,0.15065880161660494,0.16973276753195704,0.5866261526024636,0.49356284104784814,0.5400944968251559,-0.23265827888653876,5.6096376987179415,-3.217756273162105,-1.019930698055645
13.600000000000001,0.564275693493201,0.45742188018322993,0.5131914242242632,0.8184990565723429,0.6654021280301611,0.5670544785258784,0.2587921770898336,0.07700178198969644,0.4932012626770275,0.5233902731941478,0.5082957679355876,0.07547252629280063,5.636243170090257,-3.2610667195932974,-1.012383445426365
13.700000000000001,0.8204355800794072,0.23491783927784154,0.8468230909391176,0.8231367286150015,0.6964088184400103,0.5006271506762711,0.10867814331691408,0.06512146653968857,0.6207244010624241,0.46802557643464665,0.5443749887485354,-0.3817470615694436,5.665086379954794,-3.3072350044700385,-1.0505581515833093
13.8,0.7309510635876277,0.8565980413676442,0.9884908831958711,0.6971971897698541,0.7033172674695338,0.5718213288145457,0.0,0.19468460673986696,0.7033172674695338,0.4604965182888177,0.5819068928791757,-0.6070518729517902,5.6940122044582955,-3.3577271127305934,-1.1112633388784883
13.9,0.6721443434476537,0.8957602506897724,0.924514224432585,0.6641837258624064,0.6970826826651578,0.636609113189591,0.043978710965885785,0.21934635318312626,0.6664258848449026,0.4969712258083102,0.5816985553266064,-0.423636647591481,5.71981225670427,-3.409862411682413,-1.1536270036376364
14.0,0.7779550620565141,0.5279828957970916,0.7928687958566403,0.4926167312629293,0.7132571585434291,0.6148838697110911,0.12537449279167234,0.2781390008468069,0.6238329040610172,0.44386068455282995,0.5338467943069236,-0.4499305487704681,5.741442349517961,-3.458668795309854,-1.1986200585146831
14.100000000000001,0.4708489872411454,0.7541636788695056,0.7899019915475636,0.9110591754104148,0.6647755242829724,0.642739831542774,0.11669282979885116,0.0678863105332738,0.5872009871733774,0.5991065957465572,0.5931537914599674,0.029764021432949483,5.763012005655253,-3.513923334827909,-1.1956436563713881
14.200000000000001,0.504007518018124,0.45332892314671974,0.8312304551337898,0.8556410856006182,0.6326219230300028,0.6048576498635632,0.09955063192583131,0.050920466797842484,0.5696440108222314,0.5740580159862646,0.571851013404248,0.011035012910083075,5.783965460877386,-3.567131309132225,-1.1945401550803798
14.3,0.25473659774524116,0.7049288134837124,0.952557459268178,0.9984555537737292,0.5570448579730505,0.624871882587593,0.02893755745482941,0.0,0.5409253403905381,0.624871882587593,0.5828986114890655,0.2098663554926372,5.805383552576483,-3.6213436071902105,-1.173553519531116
14.4,0.2787545011065584,0.706998263024633,0.9235475395642544,0.6662071309970234,0.5013867865997521,0.6412971586750009,0.039220371629307124,0.21067121462095773,0.4817222104992857,0.5061943073239694,0.4939582589116276,0.06118024206170927,5.824493677447049,-3.6668930390516667,-1.167435495324945
14.5,0.2367927749417702,0.8369147721297694,0.5760206655791253,0.6249046538651889,0.4484679842681557,0.6804206813659546,0.1531746894004318,0.2393443910213347,0.37977404007184323,0.5175658077460986,0.4486699239089709,0.34447941918563846,5.842104495467689,-3.7081593218361473,-1.1329875534063811
14.600000000000001,0.6527424495327494,0.8340155791047625,0.5019901894408585,0.4473810103959968,0.48932287732107443,0.7111396609137162,0.2942653845678225,0.35493125027824624,0.34533209264835507,0.4587339719431628,0.40203303229575893,0.2835046982370193,5.859148924203604,-3.7445707628902385,-1.1046370835826793
14.700000000000001,0.39266383348505046,0.9302632128188439,0.4858706320771058,0.6766899480129985,0.46999106855386963,0.7549643712947417,0.22514990735974977,0.20751146300168877,0.36417262300905606,0.5983006100932197,0.48123661655113786,0.585319967710409,5.880778520516545,-3.787559684421664,-1.0461050868116384
14.8,0.20751794516389685,0.8437064615801171,0.9407256541593298,0.8065665314194477,0.4174964438758751,0.7727127893518168,0.009021524814988538,0.1209796588492249,0.4137299893472794,0.679230259707601,0.5464801245274402,0.6637506759008039,5.908154213016293,-3.834856372732734,-0.979730019221558
14.9,0.4764524995544654,0.6700573641011371,0.7833632214160073,0.6545853630765386,0.42928765501159316,0.7521817043016809,0.09628181641221409,0.21001559653829674,0.387955059823737,0.5942118149675707,0.49108343739565385,0.5156418878595842,5.93551967770717,-3.8756333364143973,-0.9281658304355995
15.0,0.3593735992871139,0.5077545991738763,0.6899248366355297,0.5423234211565447,0.4153048438666973,0.7032962832761199,0.14047258770650245,0.23325040599695424,0.35696589776169735,0.539252139665816,0.44810901871375663,0.45571560476029654,5.962374998301718,-3.911505452079494,-0.8825942699595699
15.100000000000001,0.9941536349015181,0.4361846031066155,0.9867666907461176,0.7949378895572083,0.5310746020736614,0.649873947242219,0.00021158498190309086,0.09993376791334306,0.5309622346635925,0.584929595025587,0.5579459148445898,0.13491840090498614,5.9978129050537365,-3.954600593382812,-0.8691024298690713
15.200000000000001,0.7486395941872097,0.7957350729322601,0.42942655046559997,0.7638438958458847,0.574587600496371,0.6790461723802272,0.34190267660664664,0.16218012078697291,0.3781345619416712,0.5689183821236704,0.47352647203267084,0.47695955045499794,6.028379622502852,-3.9907661706842044,-0.8214064748235714
15.3,0.4289553211673556,0.8390880956060791,0.7642389988985596,0.6113925735011899,0.5454611446305679,0.7110545570253977,0.11664538982915006,0.2518482206505616,0.4818356167784809,0.5319767320530779,0.5069061744157795,0.12535278818649256,6.062909675446026,-4.027877006572797,-0.8088711960049222
15.4,0.7422115668986875,0.7767427013365673,0.7955089241900521,0.9030022701775099,0.5848112290841918,0.7241921858876316,0.12718750360794015,0.07537237858399995,0.5104305487750822,0.6696080982853345,0.5900193235302084,0.3979438737756308,6.103639628112966,-4.070565400512359,-0.7690768086273592
15.5,0.7170724871124183,0.4471463071621089,0.6644939140976869,0.7477442832210417,0.6112634806898372,0.6687830101425271,0.20617908987199318,0.10440013495083306,0.48523373256921987,0.5989619736308229,0.5420978531000213,0.28432060265400766,6.142592233583325,-4.108266797706986,-0.7406447483619584
15.600000000000001,0.43608836130332423,0.7979846919506972,0.505384042266584,0.47929587864807016,0.5762284568125345,0.6946233465041611,0.2362396026723775,0.3412763868038239,0.44010047512662415,0.45756480061964044,0.4488326378731323,0.04366081373254074,6.175717592995015,-4.1385524037277985,-0.7362786669887043
15.700000000000001,0.624681898962228,0.9307895795853576,0.8982835717404385,0.5541820507379573,0.5859191452424732,0.7418565931204004,0.06891868560389999,0.2990043785996516,0.5455383678822014,0.5200382234843804,0.532788295683291,-0.0637503609945525,6.215195750635507,-4.174331011155751,-0.7426537030881595
15.8,0.8451907950350133,0.797247480573636,0.6032291522811317,0.46910182446985565,0.6377734752009813,0.7529347706110475,0.2716858133225062,0.3142026264122976,0.46449946987548146,0.5163606881679155,0.49043007902169844,0.12965304573108502,6.251324586985881,-4.207496110402703,-0.729688398515051
15.9,0.9732001675702018,0.8881124775190574,0.8345300272453109,0.9879653456691421,0.7048588136748254,0.7799703119926495,0.13274594380348811,0.020069152729625332,0.6112916652053537,0.7643169686766956,0.6878043169410246,0.3825632586783548,6.302592293984556,-4.253347718914566,-0.6914320726472155
16.0,0.4926200395244531,0.8325455748711501,0.40835119306054074,0.7219433849614354,0.6624110588447509,0.7904853645683496,0.2922693066548375,0.18292804155212267,0.4688086379556988,0.6458834249522457,0.5573460314539722,0.4426869674913672,6.345526534645499,-4.288886387525575,-0.6471633758980788
16.1,0.7378726378808105,0.6676480733217329,0.8934503807360645,0.9641751350677326,0.6775033746519629,0.7659179063190262,0.04774674931974031,0.009667696387759425,0.6451547908591775,0.7585132445427855,0.7018340177009814,0.28339613420901993,6.401518661663031,-4.331201770025035,-0.6188237624771769
16.2,0.22001971971718587,0.9073878761718819,0.7368444293499273,0.9491535452458957,0.5860066436650074,0.7942119002895973,0.09096112515655944,0.016237600708717673,0.5327028200080194,0.7813158045745829,0.6570093122913012,0.6215324614164088,6.455036099511607,-4.369313398309573,-0.556670516335536
16.3,0.8590842811123582,0.9275101107423136,0.5813141047175502,0.6449775134772476,0.6406221711544776,0.8208715423801406,0.2550714376292668,0.2560719855883954,0.4772177529809227,0.6106693366098493,0.543943544795386,0.33362895907231654,6.501217939272754,-4.398053326554463,-0.5233076204283044
16.400000000000002,0.4434916674848042,0.5940996951825648,0.458315199173093,0.9323555851171014,0.6011960704205429,0.7755171729406254,0.24402508042428522,0.0345140852455185,0.4544891509854057,0.7487509071243892,0.6016200290548974,0.7356543903474586,6.553328518162059,-4.428119157017327,-0.4497421813935585
16.5,0.7363889750801371,0.7945120972185373,0.9675844514676593,0.6514760520488336,0.6282346513524617,0.7793161577962078,0.02896360617447119,0.2015006976087695,0.6100387103255328,0.622283408342486,0.6161610593340094,0.0306117450423829,6.60881747013017,-4.45490573425065,-0.4466810068893202
16.6,0.5319076219494456,0.2792173077684228,0.6936082226737688,0.6448695314186204,0.6089692454718585,0.6792963877906508,0.17516724287809565,0.1275112213861483,0.5022977817449987,0.5926784757002663,0.5474881287226325,0.225951734888169,6.6581946463576775,-4.4785558289379805,-0.4240858334005033
16.7,0.4964239669875483,0.5547064688485613,0.9703331019108562,0.9132701159835728,0.5864601897749965,0.6543784040022329,0.0,0.05269002690673863,0.5864601897749965,0.6198991882881666,0.6031796890315815,0.08359749628292529,6.713169365001895,-4.503375935355793,-0.41572608377221076
16.8,0.635572689185716,0.9822740235616374,0.6152043047273907,0.6388837856466238,0.5962826896571404,0.7199575279141138,0.20085730500082577,0.2351072838079984,0.4765149555939634,0.5506902690691053,0.5136026123315344,0.18543828368785487,6.760154930193937,-4.524117996427975,-0.3971822554034253
16.900000000000002,0.8784265507709448,0.5637738948564137,0.7976612428371868,0.7850226803399305,0.6527114618799013,0.6887208013025738,0.1356833601463497,0.09382693441169554,0.5641493775260001,0.6241002398507869,0.5941248086883935,0.14987715581196687,6.814942423765232,-4.547100020515628,-0.3821945398222286
17.0,0.8294356723636935,0.39485511773121895,0.47555433118482576,0.738746785544778,0.6880563039766597,0.6299476645883029,0.31407568513030293,0.1302451268726604,0.47195454889696636,0.5479000510908633,0.5099272999939148,0.18986375548474224,6.86225594672021,-4.566118144986238,-0.3632081642737544
17.1,0.3657258962773268,0.3727610815349398,0.9218172560617268,0.5971357320593382,0.6235902224367932,0.5785103479776302,0.020794372019237978,0.196949369899206,0.6106230553638832,0.4645730994632656,0.5375980774135743,-0.36512488975154395,6.912508564368591,-4.5852176567044305,-0.3997206532489088
17.2,0.2022684411840131,0.8867249011041411,0.48681278819230484,0.4779952788660621,0.5393258661862371,0.6401532586029324,0.1855029623585985,0.3287311350655915,0.439279320332073,0.4297149512864533,0.4344971358092632,-0.02391092261404923,6.952533125766327,-4.602126592069597,-0.40211174551031376
17.3,0.7288461140778535,0.2206241198289587,0.40891619633842535,0.8739907985408524,0.5772299157645604,0.5562474308481377,0.3391660586993292,0.04187388658113494,0.38145312027134864,0.5329551890177551,0.4572041546445519,0.37875517186601604,6.994606724916189,-4.620019849034698,-0.36423622832371216
17.400000000000002,0.3393969611249418,0.24191921428894123,0.8450308341724897,0.7156513159587203,0.5296633248366367,0.49338178753629836,0.0773557863295826,0.1118702079202582,0.4886908018539575,0.438187064380544,0.46343893311725076,-0.1262593436835338,7.037910278847373,-4.636529199846213,-0.3768621626920655
17.5,0.8224136314513621,0.6105903660873533,0.46543240600230734,0.7023032138714929,0.5882133861595817,0.5168235032465094,0.3540411744124559,0.14375195316461248,0.379961628118516,0.4425291152134462,0.4112453716659811,0.15641871773732538,7.076148858434697,-4.651663220736603,-0.36122029091833296
17.6,0.8265815967843038,0.8935847262078707,0.7128707288278504,0.6748255132586092,0.6358870282845261,0.5921757478387817,0.19963413725612156,0.1962137442040337,0.5089422700005858,0.4759827271285106,0.49246249856454816,-0.082398857180188,7.122217063110068,-4.669067635202838,-0.3694601766363518
17.7,0.5831855287986907,0.5212938036100484,0.8116584976373395,0.6941613124865351,0.625346728387359,0.577999358993035,0.11682569933345051,0.13846395996669714,0.5522901595176205,0.4979672788886468,0.5251287192031336,-0.1358072015724343,7.171186493420402,-4.688030667987722,-0.3830408967935952
17.8,0.2646323819286336,0.6866379389067521,0.4394093399920684,0.5650095997347719,0.553203859095614,0.5997270749757784,0.2328404436323576,0.25190374219443856,0.424395627124659,0.4486535804940552,0.4365246038093571,0.06064488342349045,7.211675565319846,-4.704345457414217,-0.37697640845124614
17.900000000000002,0.46014835465493437,0.9957022046887389,0.7183341024587948,0.6722292505452829,0.5345927582074781,0.6789221009183705,0.14056008065017045,0.21284318644939362,0.4594503569988379,0.5344181576079877,0.4969342573034128,0.18741950152287454,7.257879613157252,-4.722638147873949,-0.35823445829895867
18.0,0.761423534836853,0.8822341898364601,0.7905499989287832,0.8613776380628432,0.579958913533353,0.7195845187019884,0.13546066106256044,0.07910658610498456,0.5013972957170008,0.6626606440134757,0.5820289698652382,0.4031583707411873,7.312387634232808,-4.743045324455992,-0.31791862122483994
18.1,0.5612439327722252,0.3827948594916675,0.6033589713011052,0.6720993417444684,0.5762159173811274,0.6522265868599242,0.2046768429584438,0.13238110560934532,0.4582778625491548,0.5658841101835977,0.5120809863663762,0.2690156190861073,7.361029597426914,-4.759052472315706,-0.29101705931622923
18.2,0.5414112050087665,0.7320862904482472,0.6245806140613221,0.4915833548612343,0.5692549749066552,0.6681985275775888,0.21084772206086302,0.2840922681638084,0.44922886017577324,0.4783684922943545,0.4637986762350639,0.0728490802964532,7.405459309866035,-4.772360093190644,-0.2837321512865839
18.3,0.8654175107798836,0.27458408136294193,0.4579386595394714,0.8432775990932294,0.6284874820813009,0.5894756383346594,0.3627329239297973,0.0664849402894373,0.40051438005267453,0.5502843857179016,0.47539938288528805,0.37442501416306767,7.451098475268641,-4.7856684482291385,-0.24628964987027713
18.400000000000002,0.6691720661915816,0.649269131193658,0.597787588849723,0.4733387712127356,0.6366243989033571,0.6014343369064592,0.22246737061736527,0.30138994081553255,0.4949962428084666,0.42016807770179243,0.45758216025512954,-0.18707041276668543,7.495475877894411,-4.796824633510308,-0.2649966911469457
18.5,0.8002274002011827,0.8944737190952521,0.8326364072476897,0.9810391751868847,0.6693449991629222,0.6600422133442178,0.10779705456128447,0.006538078666740889,0.5971915797678338,0.6557268054300035,0.6264591925989187,0.14633806415542433,7.55593503907278,-4.81323198032583,-0.2503628847314032
18.6,0.6623348147118839,0.3701910445376049,0.7940417817928913,0.5345469214645393,0.6679429622727145,0.6020719795828952,0.10068152005706131,0.22237348483520641,0.6006934495196813,0.46818713536141554,0.5344402924405485,-0.33126578539566437,7.607712821306337,-4.826473034997337,-0.2834894632709697
18.7,0.49404884049228015,0.8100845055494799,0.7444600025988777,0.8843328226914067,0.6331641379166276,0.6436744847762121,0.14096790143964094,0.09116209253294068,0.5439083181276813,0.5849957718339501,0.5644520449808157,0.10271863426567218,7.661905029934503,-4.842261183553502,-0.27321759984440247
18.8,0.8547414876325357,0.6908586244283719,0.7856194982978988,0.41575229887215004,0.6774796078598092,0.6531113127066441,0.15477348572813313,0.34990576718739147,0.5726237274416178,0.42458389777526145,0.49860381260843967,-0.3700995741658909,7.7099159736734775,-4.855715064063218,-0.31022755726099155
18.900000000000002,0.41395818012328855,0.34433285756868354,0.8216192637193629,0.5853908132979461,0.6247753223125051,0.591355621679052,0.07664407313919538,0.16173241399930094,0.5768899968136211,0.49571424945284154,0.5363021231332313,-0.20293936840194884,7.760986100978641,-4.872087045305769,-0.3305214941011864
19.0,0.8958901652291507,0.6530568758091011,0.6404706063997093,0.48512479249076124,0.6789982908958342,0.6036958725050618,0.24202523772122808,0.2701859639670263,0.5146635681294623,0.4405857212493667,0.4776246446894145,-0.18519461720023916,7.806163337440654,-4.887587700704891,-0.3490409558212103
19.1,0.7968894096045653,0.3721063040268088,0.6518994962587019,0.6045375890615997,0.7025765146375804,0.5573779588094112,0.21019131678525152,0.18636418443755465,0.5549010318835149,0.45350267009242634,0.5042018509879707,-0.2534959044777214,7.853543242601966,-4.904831240141504,-0.37439054626898244
19.200000000000003,0.8214684959733929,0.6540748452915178,0.4509742239863076,0.4315652958553131,0.7263549109047429,0.5767173361058325,0.33140708007743097,0.32396347498915357,0.4856357507818996,0.3898819838144994,0.43775886729819946,-0.23938441741850044,7.894286803217543,-4.9208403165466805,-0.3983289880108325
19.3,0.7391749684904905,0.4176822748369752,0.7971632156849567,0.6913970229345978,0.7289189224218924,0.5449103238520611,0.11850555222433794,0.13506676428706746,0.6425379829935167,0.47131104958274517,0.5569245162881309,-0.4280673335269289,7.9456191167833,-4.942442232026899,-0.4411357213635254
19.400000000000002,0.8039545149346965,0.29105400648816143,0.6579481800387342,0.5699478820482696,0.7439260409244532,0.4941390603792811,0.2197526381785809,0.17854830229151736,0.5804463308215577,0.40591137005263495,0.4931788504370963,-0.4363374019223069,7.990215669075711,-4.963499328427276,-0.4847694615557561
19.5,0.7337060469890797,0.23633389008354203,0.6371580376525774,0.7595949741666703,0.7418820421373785,0.4425780263201333,0.19564780889049727,0.08690462421106644,0.5967344461379929,0.40411594925870664,0.5004251976983498,-0.48154624219821557,8.034492410047312,-4.986819362600666,-0.5329240857755777
19.6,0.36898718337624986,0.30978784420586164,0.5533117024128755,0.5968734135627047,0.6673030703851528,0.416019989897279,0.18024458824843187,0.18077202733017037,0.5470253032266666,0.3408152129136709,0.44392025807016877,-0.5155252257824894,8.072728378829398,-5.009372913242333,-0.5844766083538266
19.700000000000003,0.34055584150067386,0.504165956572189,0.8222027580295982,0.7001574079337278,0.601953624608257,0.433649183232261,0.09089329643020733,0.1626689559826229,0.5472400753695009,0.36310792333315195,0.4551739993513264,-0.4603303800908724,8.11068993535671,-5.034487728051098,-0.6305096463629138
19.8,0.2576603972737263,0.8894114896180709,0.42538135693767487,0.41124492195138745,0.5330949791413508,0.524801644509423,0.24845467743972535,0.4005691363540345,0.4006450380540494,0.3145823030111064,0.35761367053257787,-0.21515683760735746,8.139575362371778,-5.055571074077644,-0.6520253301236496
19.900000000000002,0.6606073285894649,0.6587197447086744,0.8256993769413605,0.6506163759060883,0.5585974490309736,0.5515852645492733,0.08295482941224262,0.17770770625657661,0.5122590929364953,0.4535643123812949,0.4829117026588951,-0.14673695138800097,8.177959911229943,-5.084874035269379,-0.6666990252624497
20.0,0.4598145435564111,0.8410577234483618,0.7708751579825441,0.8992155478430243,0.5388408679360611,0.609479756329091,0.12767021653476865,0.04766674765506265,0.47004693764888156,0.5804278385832832,0.5252373881160823,0.275952252336004,8.219236597450877,-5.117354464967408,-0.6391038000288494
20.1,0.8755874878517576,0.39465317985818693,0.7533227729817471,0.714377525800379,0.6061901919192004,0.5665144410349102,0.1562288333859091,0.12318645180605808,0.5114858054256834,0.4967275371469273,0.5041066712863054,-0.03689567069689037,8.259697743584006,-5.147423236374753,-0.6427933670985384
20.200000000000003,0.47161062491877115,0.46645489799450557,0.500879624827412,0.706289970725289,0.5792742785191146,0.5465025324268293,0.22845336696325277,0.14331208397345163,0.4469371191962138,0.46818211560797157,0.4575596174020927,0.05311249102939439,8.296321933848063,-5.174850899823792,-0.637482117995599
20.3,0.9247381852640404,0.47950021237790424,0.8364274634043426,0.8913691609149111,0.6483670598680997,0.5331020684170443,0.12217794946889941,0.04287540984823164,0.5691509019902362,0.5102450987427235,0.5396980003664799,-0.14726450811878178,8.339691896848189,-5.206972319863439,-0.6522085688074771
20.400000000000002,0.31715537462215554,0.35781744225918666,0.7614393911638995,0.8561291773281352,0.5821247228189109,0.49804514318547277,0.1080528547777809,0.05083888787311726,0.5192244846816032,0.4727250819953159,0.49597478333845957,-0.11624850671571832,8.379109257773994,-5.237075168810361,-0.663833419479049
20.5,0.8182784713980482,0.595293620013911,0.8526674951481914,0.8559262897646491,0.6293554725347383,0.5174948385511604,0.09037956847829849,0.09449474761196654,0.572474596507593,0.46859429439177314,0.5205344454496831,-0.2597007552895497,8.420108429757635,-5.269147415155945,-0.6898034950080039
20.6,0.6515934267222394,0.7082386552484747,0.7747130676651368,0.9185481248988497,0.6338030633722386,0.5556436018906232,0.13139296967077574,0.0335488051817103,0.5505257966893253,0.5370024229403308,0.543764109814828,-0.03380843437248621,8.462052820777355,-5.303751780967383,-0.6931843384452525
20.700000000000003,0.2546290067966049,0.5537664510690279,0.5816922610834078,0.5648042004916956,0.5579682520571119,0.5552681717263042,0.15034452012176694,0.22725094862962722,0.4740807829584043,0.4290829529576628,0.45158186795803357,-0.1124945750018537,8.496789182585783,-5.332607404388107,-0.7044337959454379
20.8,0.44832628048504874,0.5615310909605458,0.43413403050037147,0.899017978997873,0.5360398577426992,0.5565207555731525,0.2543060650403606,0.06754642542593774,0.39972167081535875,0.518929767858844,0.4593257193371014,0.2980202426087132,8.531788807915122,-5.362353452718117,-0.6746317716845666
20.900000000000002,0.8842346971648722,0.6920067107324589,0.7042406904003731,0.6776269953563634,0.6056788256271338,0.5836179466050138,0.19550870515642738,0.19761832631265838,0.48726334268810734,0.4682843447909005,0.47777384373950393,-0.047447494743017155,8.569099935283338,-5.392195675023584,-0.6793765211588683
21.0,0.9167014124454422,0.559786962920725,0.8858895506187827,0.791102472789166,0.6678833429907955,0.578851749868156,0.06893628937860072,0.1084696642085739,0.6218419435872348,0.5160638949334118,0.5689529192603233,-0.2644451216345575,8.61336245869194,-5.427943447889197,-0.705821033322324
21.1,0.32068886135651087,0.24949896008088057,0.462101126362235,0.9394761003734641,0.5984444466639386,0.5129811919107009,0.224106444049598,0.0327700518614034,0.464329189760854,0.4961707716478627,0.48024998070435837,0.07960395471752174,8.649913287616538,-5.459095291247017,-0.6978606378505718
21.200000000000003,0.6036392012007659,0.33804712914909196,0.5486462341589705,0.6626549645855397,0.5994833975713041,0.47799437935837913,0.24196493209130843,0.14772884033678274,0.45442943798809665,0.4073808240082656,0.4309051309981811,-0.11762153494957767,8.682930042429527,-5.48678439056109,-0.7096227913455296
21.3,0.3269969663852331,0.4982815856810617,0.5697361471686507,0.6452616383483922,0.5449861113340899,0.4820518206229156,0.178891831571491,0.18104078032906792,0.44749254769651003,0.3947807828582951,0.42113666527740257,-0.13177941209553734,8.714877794106261,-5.514223451609375,-0.7228007325550834
21.400000000000002,0.8313815452509319,0.7178442855754457,0.4395471125678305,0.45670356850905663,0.6022651981174583,0.5292103136134216,0.36165111506073555,0.31035570389012973,0.38445531765600466,0.3649668742260119,0.37471109594100827,-0.048721108574981964,8.742979478428081,-5.539010129331287,-0.7276728434125815
21.5,0.7789869240019696,0.7252512691283823,0.9438056182982063,0.9239677972363233,0.6376095432943605,0.5684185047164138,0.027702671372189507,0.048176222032153014,0.619946055652705,0.5410342486260113,0.5804901521393582,-0.19727951756673412,8.786326088284913,-5.577620485211898,-0.747400795169255
21.6,0.3131427044674543,0.4798566300286754,0.9806179046156468,0.8190879776871286,0.5727161755289792,0.5507061297788661,0.003920692695481384,0.0927999891634152,0.5704707314029988,0.499600606903161,0.5350356691530799,-0.1771753112495944,8.82556871356915,-5.613988713563878,-0.7651183262942144
21.700000000000003,0.9504017596526086,0.44766550993276877,0.6260075836337802,0.8749971747181261,0.6482532923537051,0.5300980058096466,0.2669023365069326,0.06668928499348982,0.4752329739761895,0.4947461488257265,0.484989561400958,0.04878293712384241,8.860551030374504,-5.647580174645658,-0.7602400325818301
21.8,0.8631671783155717,0.7910197377035864,0.8112486641665457,0.7158360038405045,0.6912360695460784,0.5822823521884346,0.12763597676123883,0.17209718538348764,0.6030094786369651,0.48207319827832834,0.5425413384576467,-0.3023407008965918,8.899867407526164,-5.684966449226346,-0.7904741026714893
21.900000000000002,0.4894624770774277,0.49007813518563553,0.5081577537261068,0.5285155967253402,0.6508813510523482,0.5638415087878748,0.26175473426056023,0.23332183666769,0.48051007597248646,0.43228497236800634,0.45639752417024637,-0.12056275901120031,8.931975359289405,-5.717402022818572,-0.8025303785726093
22.0,0.3812344372271098,0.31005228254166345,0.4462990505805258,0.90665703321153,0.5969519682873006,0.5130836635386324,0.23459186331017787,0.05041435881585536,0.4569118937401045,0.48721687962244226,0.4720643866812734,0.07576246470584441,8.964778608333656,-5.751348962354685,-0.7949541321020249
22.1,0.8680958613076448,0.9069457323940493,0.42264849541453675,0.602058623178569,0.6511807468913694,0.5918560773097158,0.3843363362136816,0.24898886808409332,0.40090832441825175,0.44449050255167805,0.42269941348496487,0.10895544533356574,8.994380988352887,-5.78152257729891,-0.7840585875686683
22.200000000000003,0.5013758966580197,0.3297977696707604,0.8988070340134753,0.862658688238593,0.6212197768446994,0.5394444157819247,0.06301392420432078,0.04594190347921187,0.5820742809123824,0.5146613124996716,0.548367796706027,-0.16853242103177707,9.033208354977612,-5.820246058620086,-0.800911829671846
22.3,0.5501387241106774,0.5286868891972267,0.8058177533131197,0.5425181208681551,0.607003566297895,0.5372929104649851,0.0987534917731812,0.2253875496590145,0.5470598446072041,0.4161937779261218,0.48162681126666296,-0.3271651667027059,9.066732100587489,-5.854826433597712,-0.8336283463421166
22.400000000000002,0.7988292144763491,0.5591423704266723,0.7204066898189567,0.5856807379376738,0.6453686959335858,0.5416628024573225,0.18556186963585047,0.2157217845411714,0.5256128741116989,0.42481433609165686,0.47521360510167787,-0.25199634505010504,9.098675667009799,-5.89001006997829,-0.8588279808471271
22.5,0.868090714180566,0.4942727665800263,0.9682781021464738,0.9906638761189464,0.6899130995829819,0.5321847952818632,0.01899876247882963,0.0,0.6768056044729717,0.5321847952818632,0.6044951998774175,-0.36155202297777106,9.138168863308668,-5.93577503379175,-0.8949831831449042
22.6,0.5054979473525685,0.6219678307691862,0.9797608919235684,0.8901347437487441,0.6530300691368992,0.5501414023793278,0.022214432424544565,0.045828580302511766,0.6385233767948619,0.5249292029426503,0.5817262898687561,-0.283985434630529,9.174557700597216,-5.981161235263478,-0.9233817266079571
22.700000000000003,0.4000025692712057,0.7129432289635578,0.9244701670313422,0.7327244472546588,0.6024245691637605,0.5827017676961739,0.01884739005816896,0.17023927513185322,0.5910704383281068,0.4835030411455277,0.5372867397368173,-0.26891849295644765,9.206962871051834,-6.024017685592189,-0.950273575903602
22.8,0.880932838467823,0.4280504112474628,0.8578700981750145,0.563674779754814,0.658126223024573,0.5517714964064316,0.10893397804496031,0.19149918829865667,0.5864339154948015,0.44610770271826483,0.5162708091065331,-0.3508155319413417,9.23698198123245,-6.066020167748833,-0.9853551290977361
22.900000000000002,0.5499780481559846,0.9571306104094086,0.5332228041441884,0.6706767941324254,0.6364965880508553,0.6328433192070271,0.23670344632249063,0.20594589781399592,0.48583565208671126,0.5025118336573468,0.494173742872029,0.04169045392658874,9.264288399418058,-6.107207986425163,-0.9811860837050773
23.0,0.24260550973685957,0.6016056917545884,0.5414668443180596,0.9967152107429748,0.5577183723880561,0.6265957937165394,0.17705352162748,0.0,0.45897237048040446,0.6265957937165394,0.542784082098472,0.4190585580903373,9.29446920896878,-6.152321890408945,-0.9392802278960436
23.1,0.9446607237999625,0.8713410300892845,0.789976410576509,0.8748283824893056,0.6351068426704374,0.6755448409910885,0.1278714747360266,0.07265352760162319,0.553894794083227,0.6264641252400083,0.5901794596616177,0.1814233278919533,9.329311582383069,-6.199957244516205,-0.9211378951068483
23.200000000000003,0.8638092665222581,0.7568575908607869,0.48327561509091177,0.8233217051734483,0.6808473274408016,0.6918073909650282,0.33150189920101014,0.08670165981211653,0.4551451453282438,0.6318265418980704,0.5434858436131571,0.44170349142456655,9.36218782658717,-6.243234504007898,-0.8769675459643916
23.3,0.26338061701657706,0.4047391427496358,0.9009778595694286,0.7292825472663013,0.5973539853559566,0.6343937413219497,0.049228238520131126,0.1261540759542995,0.5679473008839027,0.5543623850942883,0.5611548429890955,-0.03396228947403601,9.398072861827394,-6.28637626827304,-0.8803637749117952
23.400000000000002,0.28894948825939076,0.43048126243138446,0.580690716751732,0.42864966797131077,0.5356730859366434,0.5936112455438367,0.17104948785141771,0.28154330884310463,0.4440464789313921,0.42648397130694826,0.4352652251191702,-0.04390626906110959,9.425793629845028,-6.3199339377763435,-0.8847544018179061
23.5,0.5656908933091589,0.288686316232012,0.9430881313971992,0.7580434256913682,0.5416766474111465,0.5326262596814718,0.010608784985000778,0.10114182235107619,0.5359301163273656,0.47875546914525025,0.5073427927363079,-0.1429366179552885,9.457932758477213,-6.359190064739897,-0.8990480636134349
23.6,0.39355050753679466,0.31486147219700805,0.6575433358620002,0.7688857496655703,0.5120514194362762,0.48907330218457906,0.14626916638600868,0.09510456815107304,0.4371540851685596,0.44256019698609544,0.43985714107732754,0.013515279543839659,9.485307503587121,-6.3936192148272095,-0.8976965356590509
23.700000000000003,0.7314970413936073,0.26849116398980943,0.984792694571333,0.44060759374530767,0.5559405438277424,0.44495687454562516,0.01005420901294246,0.22818759705255226,0.5503510014013294,0.343423234551045,0.4468871179761872,-0.517319417125711,9.51316701331603,-6.428561004704023,-0.9494284773716221
23.8,0.990665188477174,0.6433215619345565,0.6342722395360385,0.6820810468950915,0.6428854727576288,0.48462981202341143,0.2600706640984797,0.19642690982555444,0.47568982091828715,0.3894354756383134,0.43256264827830027,-0.21563586319993444,9.538348556173874,-6.463731935117561,-0.9709920636916155
23.900000000000002,0.4029202088553702,0.21299378488715812,0.8731120097677092,0.6068814958980348,0.594892419977177,0.43030260659616076,0.06783433213796602,0.15655854896875798,0.5545382899740868,0.3629350548899915,0.4587366724320392,-0.4790080877102383,9.56424336578544,-6.501598175774919,-1.0188928724626394
24.0,0.8172010992878873,0.788149587849849,0.5995111650231909,0.42660141297712495,0.6393541558393191,0.5018720028468984,0.25289916677957985,0.36532947474341193,0.4776620225504936,0.3185233676584168,0.3980926951044552,-0.397846637230192,9.585115724971363,-6.535496886089164,-1.0586775361856586
24.1,0.3400713016413668,0.8233140747826253,0.6787737398482226,0.8172335511976383,0.5794975849997286,0.5661604172340438,0.14533324492034802,0.12747951779342176,0.49527732054821283,0.49398656025132537,0.4946319403997691,-0.0032269007422186524,9.609353942092314,-6.578614358132803,-1.0590002262598806
24.200000000000003,0.2504804296257797,0.8209523197627375,0.6746077464684119,0.5760655427050188,0.5136941539249388,0.6171187977397825,0.11197168367043847,0.25437112099457077,0.456174954618302,0.4601415973718923,0.4581582759950972,0.009916606883975804,9.631791968557721,-6.618559633535105,-1.058008565571483
24.3,0.2335247535443056,0.946696783960318,0.7092301535526992,0.993473621377674,0.45766027384881214,0.6830343949838896,0.11611296453224626,0.0,0.4045199827035869,0.6830343949838896,0.5437771888437383,0.6962860307007568,9.658470131499984,-6.665943300901551,-0.9883799625014074
24.400000000000002,0.8026327350550919,0.35288274458712876,0.6141845056212181,0.868504940187055,0.5266547660900681,0.6170040649045374,0.25424383758870656,0.05128644044171353,0.39275603727494657,0.5853601226775157,0.48905807997623113,0.4815102135064228,9.685370454934791,-6.7067863009750415,-0.940228941150765
24.5,0.29958000659550676,0.49441533945173843,0.9336919102073689,0.8459846233117727,0.48123981419115586,0.5924863198139776,0.04362375792695623,0.07212942963533478,0.46024632503206747,0.5497506194990569,0.5049984722655622,0.22376073616747358,9.715145322737005,-6.747574679433448,-0.9178528675340177
24.6,0.9789788674522473,0.5969625812296182,0.6985140354961764,0.9545862799761782,0.5807876248433741,0.5933815720971057,0.2092761787256254,0.03651415611468145,0.45924261006502065,0.5717147447379769,0.5154786774014988,0.2811803366823906,9.746462045260497,-6.7885190997974325,-0.8897348338657787
24.700000000000003,0.7816650594741086,0.2631416048443743,0.7614719792981364,0.8934047677239321,0.620963111769521,0.5273335786465595,0.14795698989961006,0.03604688300735749,0.5290872789134076,0.5083248468312358,0.5187060628723217,-0.05190608020542942,9.779120715635246,-6.828817623913814,-0.8949254418863216
24.8,0.2640551288599962,0.7287353771665093,0.5838975136544515,0.7615729766383599,0.549581515187616,0.5676139383505494,0.16582498707936183,0.14861878206476467,0.45844716753257353,0.48325584614990635,0.47085150684123994,0.06202169654333206,9.80857610226532,-6.865551690029879,-0.8887232722319884
24.900000000000002,0.4812375870175937,0.23388413028010363,0.9220223050338353,0.6115355861850894,0.5359127295536116,0.5008679767364602,0.058329651507455796,0.14386380317541575,0.50465312680034,0.42881120471437734,0.46673216575735865,-0.18960480521490672,9.837999067063752,-6.901782592419908,-0.9076837527534791
25.0,0.9840218233554234,0.958323502882469,0.4450246989928956,0.7825075227299789,0.6255345483139739,0.592359081965662,0.3794681585738649,0.16066284327069005,0.38816410514093597,0.49718898761984304,0.4426765463803895,0.2725622061972677,9.86524903061848,-6.936669047290225,-0.8804275321337524
25.1,0.7435284862517519,0.9622315170236864,0.4856676810175299,0.7645437419925132,0.6491333359015296,0.6663335689772669,0.3185204667098354,0.14265420896829353,0.44237108279326204,0.5712782807857951,0.5068246817895286,0.3222679949813327,9.897524719592946,-6.975745798459356,-0.8482007326356191
25.200000000000003,0.25378669044968705,0.8228122988054924,0.6197970838642891,0.6297126410132666,0.5700640068111611,0.697629314942912,0.1553468364238388,0.23716079807680696,0.4815063667939495,0.5321789898492749,0.5068426783216122,0.1266815576383136,9.931043940618327,-7.013763647261385,-0.8355325768717877
25.3,0.743249645530716,0.9590588234124453,0.6232080270824103,0.8578506830791477,0.6047011345550721,0.7499152166368187,0.2280146631325598,0.09835501299170545,0.46682040906362066,0.6761572957618268,0.5714888524127237,0.5233422167455154,9.969378429312455,-7.0561483386119175,-0.7831983551972361
25.400000000000002,0.51842723676196,0.7196485893648252,0.5497669918560388,0.46806916755101086,0.5874463549964497,0.74386189118242,0.237862118546805,0.31266231742958434,0.44771512046439566,0.5112843084377712,0.4794997144510834,0.1589229699334388,10.003358683328072,-7.089979420454224,-0.7673060582038922
25.5,0.5095899040314108,0.6493381686077178,0.5570660059524974,0.5561738626839421,0.571875064803442,0.7249571466674796,0.22101699931804192,0.2682797461550264,0.4454809539957744,0.5304658273862559,0.4879733906910152,0.21246218347620374,10.038482198447264,-7.12385447006152,-0.7460598398562718
25.6,0.4284615021585264,0.9331831276335052,0.6947201171525345,0.47358245314238256,0.5431923522744588,0.7666023428606847,0.15801728734305417,0.3525045605942006,0.45735857026255616,0.4963715208400944,0.47686504555132525,0.09753237644384558,10.073501686637039,-7.156221709109869,-0.7363066022118873
25.700000000000003,0.9189432246289844,0.556088954193964,0.4526744446628387,0.8091575561503823,0.6183425267453639,0.7244996651273405,0.3792029596574886,0.09248639404534578,0.38386521052143213,0.6574933036126522,0.5206792570670422,0.6840702327280502,10.11208162080391,-7.191188229770049,-0.6678995789390823
25.8,0.47794023579085165,0.25195126265285694,0.7253028167353375,0.9347990094123334,0.5902620685544615,0.6299899846324438,0.14897917162576205,0.03460365009850034,0.5023253145391091,0.6081900316386631,0.5552576730888861,0.26466179274888507,10.155676248214563,-7.225577462040734,-0.6414333996641938
25.900000000000002,0.9418595653785422,0.7101600180512131,0.8762178303070016,0.7052534471045805,0.6605815679192777,0.6460239913161977,0.06862331733050196,0.16019006764563087,0.6152502693612726,0.5425373644465555,0.5788938169039141,-0.18178226228679262,10.202059473556943,-7.260215258150387,-0.659611625892873
26.0,0.3111014976306926,0.8322984486461993,0.41577041608495946,0.7324128623557571,0.5906855538615606,0.6832788827821981,0.2427272012010112,0.18150755416040848,0.44731010258287485,0.5592586039589448,0.5032843532709098,0.2798712534401748,10.241830527632036,-7.2910570262616545,-0.6316245005488555
26.1,0.6413175471411421,0.6895586900964168,0.45172928899115966,0.5855744305170774,0.6008119525174769,0.6845348442450419,0.3251112660814353,0.24739075837454788,0.4054812179576608,0.515187249993458,0.4603342339755594,0.274265080089493,10.278982693954314,-7.318237765899504,-0.6041979925399062
26.200000000000003,0.6205565238642401,0.8153316402997584,0.8940036397050344,0.44425042774674345,0.6047608667868295,0.7106942034559851,0.07700479050380249,0.353666499387887,0.5581913829350117,0.45934547238444406,0.5087684276597279,-0.24711477637641907,10.320852197934133,-7.347141014269148,-0.6289094701775482
26.3,0.5599795965303969,0.7440871925196648,0.6067088684216199,0.926776090990247,0.595804612735543,0.717372801268721,0.21729186029914416,0.04935291902974539,0.4663411200594257,0.6819683594935643,0.574154739776495,0.5390680985853464,10.36728234100642,-7.380916426425998,-0.5750026603190135
26.400000000000002,0.3455705092417099,0.9730116911472855,0.6595709718891849,0.9464273625681324,0.5457577920367763,0.7685005792444339,0.1314021154759215,0.021888957073841493,0.47404406362567586,0.7516789030541302,0.6128614833399031,0.6940870985711358,10.418713116265925,-7.4142461028994076,-0.5055939504618999
26.5,0.32241237344816054,0.33172566391209934,0.5935964506927334,0.8255992795175475,0.5010887083190532,0.681145596177967,0.16817380124981987,0.09309765625751312,0.4168187154776758,0.6177325376036717,0.5172756265406737,0.5022845553149898,10.463968886429715,-7.439299166684355,-0.4553654949304009
26.6,0.9159407334568996,0.8767469649246926,0.5503631853891995,0.7810342548326475,0.5840591133466224,0.7202658699273121,0.30166097050810203,0.12748755635446182,0.40787127438037873,0.6284409342447584,0.5181561043125686,0.5514241496609492,10.510504504134756,-7.4620871847898,-0.40022307996430595
26.700000000000003,0.4422596848871009,0.6267824238147044,0.7015438868447577,0.5011815410486241,0.5556992276547181,0.7015691807047906,0.1599991560839831,0.2608735654586189,0.46678782019344206,0.5185483271184497,0.4926680736559459,0.12940126731251902,10.55587795769119,-7.481282705630894,-0.38728295323305406
26.8,0.7269862987070035,0.7765062147498185,0.7630833447171133,0.9055180024680334,0.5899566418651752,0.7165565875137961,0.1425137828925774,0.07070039325887491,0.5058796890903675,0.6658957549843334,0.5858877220373504,0.4000401647349147,10.61012756541051,-7.503410161215325,-0.34727893675956256
26.900000000000002,0.2226987903191021,0.23636944263307358,0.784872240294616,0.7460627388864274,0.5165050715559606,0.6205191585376516,0.0897470037512182,0.110868741919998,0.47015028896150457,0.5517229800933264,0.5109366345274156,0.20393172782955465,10.658171053683034,-7.520799401556118,-0.32688576397660707
27.0,0.533269426930597,0.7111929537670965,0.6988228360816697,0.7762984061788506,0.5198579426308879,0.6386539175835406,0.1461834448904875,0.1490144838533492,0.4438633177234233,0.5434852336939099,0.4936742757086666,0.24905478992621646,10.704924322964162,-7.536651048678459,-0.30198028498398544
27.1,0.5863558545403356,0.8437505233725864,0.8109945047174061,0.5784603228578454,0.5331575250127775,0.6796732387413498,0.0839503610846899,0.2511281537444347,0.4883987582729352,0.5089881531467342,0.4986934557098347,0.0514734871844974,10.752537050830743,-7.551482763777566,-0.2968329362655357
27.200000000000003,0.5516843999363288,0.5874009040858874,0.5224138081380392,0.7639961576923818,0.5368628999974877,0.6612187718102573,0.24116989819856244,0.1349872162324782,0.4073877290585086,0.5719626904829325,0.48967520977072054,0.4114374035610596,10.799363105951894,-7.565805426673509,-0.25568919590942973
27.3,0.7873598038436376,0.8886218926034604,0.9852244767489281,0.4784596909314319,0.5869622807667176,0.706699395968898,0.00390772613279365,0.344308995955907,0.5846685929232014,0.4633764365002007,0.524022514711701,-0.30323039105750166,10.85006171932164,-7.579058598430967,-0.2860122350151799
27.400000000000002,0.45529270912252584,0.5731780536325092,0.5604830046725094,0.5487513295153273,0.5606283664378793,0.6799951275016202,0.1957711181038883,0.2304414152052627,0.4508735242995792,0.5232960879874637,0.48708480614352145,0.1810564092197113,10.896791494073804,-7.592800659243335,-0.26790659409320877
27.5,0.5073198668012848,0.6923019553311749,0.548962168228712,0.9191845010324307,0.5499666665105604,0.6824564930675311,0.21322751711121285,0.03972157370484372,0.4326986397165832,0.6553482471777999,0.5440234434471916,0.5566240186530419,10.949253152365666,-7.607201682799647,-0.21224419222790458
27.6,0.6621496303148772,0.4501719366898185,0.8578728250831771,0.6989593252359453,0.5724032592714238,0.6359995817919886,0.08087092857585512,0.1444706161975003,0.5261124761742978,0.5441163303091475,0.5351144032417227,0.04500963533712432,11.001563829582388,-7.618474095793121,-0.20774322869419215
27.700000000000003,0.44683238564354344,0.21854103857308083,0.9671396824415424,0.7032666778142629,0.5472890845458477,0.552507873148207,0.034398782124696325,0.10356513692065542,0.5284630065673306,0.49528731961587286,0.5118751630916017,-0.08293921737864432,11.051650756453222,-7.629031632557733,-0.21603715043205657
27.8,0.4823160710850843,0.24043232370231352,0.6969365221151058,0.9294036858209207,0.534294481853695,0.49009276325902834,0.15555839921818232,0.026791822733609468,0.451180487545426,0.47696228482276765,0.4640713861840968,0.06445449319335411,11.09697914235866,-7.6389794939337285,-0.20959170111272116
27.900000000000002,0.6293525994311416,0.8777378923147743,0.6585566616085243,0.9294734385511557,0.5533061053691843,0.5676217890701776,0.19748862508186724,0.05647377316045967,0.44403444337042136,0.5355660449132941,0.48980024414185774,0.22882900385718177,11.144887285329684,-7.64917030492609,-0.18670880072700297
28.0,0.4927498820140504,0.5204652968118053,0.7421689863286176,0.5167931811326314,0.5411948606981576,0.5581904906185031,0.13029670179271546,0.22850026781124153,0.4706789553220196,0.43064381402248686,0.45066138467225325,-0.10008785324883182,11.189170196290297,-7.6575357477237915,-0.19671758605188616
28.1,0.6034044232985638,0.8115232917657917,0.5678324065743892,0.9934544203724336,0.5536367732182388,0.6088570508479608,0.24117495862416125,0.0,0.4201134473445159,0.6088570508479608,0.5144852490962384,0.4718590087586123,11.239626454692692,-7.667591427880145,-0.14953168517602494
28.200000000000003,0.9800662523310273,0.5151229701828857,0.8769383370285675,0.6034511799715392,0.6389226690407965,0.5901102347149458,0.10271987470325909,0.21087181529848173,0.573292612531854,0.46567261829439205,0.519482615413123,-0.26904998559365495,11.29099502317297,-7.675330423257556,-0.17643668373539045
28.3,0.35924630524196,0.6072980129801457,0.7000467421423864,0.42718201148024487,0.5829873962810292,0.5935477903679858,0.11857027215223953,0.30431551526096967,0.5138624220426621,0.4129219887101422,0.46339220537640213,-0.25235108333129974,11.336614845124295,-7.683464008270668,-0.20167179206852043
28.400000000000002,0.578995320316152,0.5655908474262992,0.7637563134422825,0.7093034392883524,0.5821889810880538,0.5879564017796485,0.11870533546123803,0.15749781870280596,0.51308004278616,0.49535455100700326,0.5042172968965817,-0.04431372944789194,11.386014681379606,-7.693563859895588,-0.2061031650133096
28.5,0.3300016367015515,0.9924925900489121,0.8435916163441626,0.5795406055169909,0.5317515122107533,0.6688636394335012,0.06102346222292658,0.3061905271595333,0.4993021938933764,0.4640639290775135,0.48168306148544493,-0.08809566203965724,11.433163544857887,-7.703421364139886,-0.21491273121727533
28.6,0.625871863900701,0.7669918451483504,0.5798743388424482,0.8894492999462945,0.5505755825487428,0.6884892805764711,0.22594994299037285,0.07403405988168568,0.42617306105996305,0.6375176239503739,0.5318453425051685,0.5283614072260271,11.48512456937966,-7.714763613215445,-0.16207659049467263
28.700000000000003,0.9839184249433295,0.6669617134790291,0.8780528883580883,0.8351945275311132,0.6372441510276602,0.6841837671569827,0.09210028354592364,0.07447510406264722,0.5785537840300312,0.6332291098999924,0.6058914469650118,0.1366883146749029,11.54491965191412,-7.724540757980192,-0.14840775902718234
28.8,0.5796721712680484,0.9736565569376407,0.8697423948588529,0.8656972151032433,0.6257297550757378,0.7420783251131143,0.0723853408954494,0.10145275481276439,0.5804360934461545,0.6667924347435467,0.6236142640948505,0.21589085324348029,11.60659558693016,-7.733761741860601,-0.1268186737028343
28.900000000000002,0.666818621638112,0.3364096493973275,0.7774151446872182,0.7718414833006537,0.6339475283882127,0.660944589969957,0.13979163215904022,0.0850604739857537,0.5453269686916349,0.6047243298687929,0.5750256492802139,0.14849340294289498,11.66363636507917,-7.7410346093457605,-0.11196933340854481
29.0,0.7445815160405431,0.22525641067367952,0.9689231024705808,0.4659373128002181,0.6560743259186788,0.5738069541107015,0.0,0.20088692309511394,0.6560743259186788,0.45853664064882343,0.5573054832837511,-0.4938442131746383,11.719017927632997,-7.747261691011992,-0.16135375472600866
29.1,0.3211450064954764,0.7524002087348205,0.6462264455936231,0.8649833810842547,0.5890884620340383,0.6095256050355253,0.168397948488907,0.09605230693316702,0.4898871735490209,0.5509792645370287,0.5204332190430248,0.15273022747001957,11.77038524327045,-7.755622686110495,-0.1460807319790067
29.200000000000003,0.7886698170149451,0.24982502881154556,0.48284949147112616,0.5244050229827468,0.6290047330302196,0.5375854897907294,0.3112915327079655,0.19669377662813456,0.4332008856046779,0.43184576954330534,0.4325233275739916,-0.003387790153431408,11.813176902804052,-7.761918570743889,-0.14641951099434986
29.3,0.6203817211200283,0.45100207899025374,0.5039094543143967,0.9472744965544062,0.6272801306481813,0.5202688076306343,0.2656264470384783,0.01950085524737888,0.4606579382462724,0.5101231209233029,0.4853905295847877,0.12366295669257635,11.861196578208258,-7.7690002680108465,-0.13405321532509223
29.400000000000002,0.8175918273189926,0.7767396490618341,0.785985459999677,0.8159879860178925,0.6653424699823436,0.5715629759168743,0.13859804073592608,0.1000659418255502,0.5731273072243891,0.514368988419138,0.5437481478217636,-0.14689579701312766,11.915083559286083,-7.776267575140318,-0.148742795026405
29.5,0.39721530842188835,0.6464693206459233,0.5349202227956901,0.9837463765543414,0.6117170376702525,0.5865442448626841,0.20532323862956653,0.0006392400926184122,0.48611731437091177,0.5861693022652733,0.5361433083180925,0.25012996973590385,11.968105889836421,-7.784212946972611,-0.12372979805281462
29.6,0.3658222358837122,0.7639906077921574,0.5902244470110688,0.609281904520784,0.5625380773129445,0.6220335174485787,0.20024268448946955,0.24843362498008234,0.4498939425842557,0.46749947584971696,0.45869670921698635,0.04401383316365318,12.013624897621824,-7.789873922215211,-0.1193284147364493
29.700000000000003,0.4187660294043385,0.2974992845861721,0.8059733474695274,0.6278165112246294,0.5337836677312233,0.5571266708760974,0.10991512560351677,0.168679873696017,0.47511276884744,0.4631506144000348,0.4691316916237374,-0.029905386118513066,12.060204458273668,-7.795458720361839,-0.1223189533483006
29.8,0.9636870907131692,0.8436926671652563,0.5742715911957613,0.572578204968484,0.6197643523276125,0.6144398701339291,0.3003917628270088,0.26632613277515993,0.4335922459945816,0.4507984756982883,0.44219536084643496,0.043015574259266665,12.104093601887959,-7.800854129924165,-0.11801739592237394
29.900000000000002,0.5539008894918683,0.4051551803787857,0.68744755780989,0.5212408043203579,0.6065916597604637,0.5725829321829004,0.16455807990216217,0.23853742336866005,0.5067721009456161,0.4360004748751191,0.47138628791036763,-0.17692906517624243,12.150904335620806,-7.806404403042816,-0.13571030243999818
30.0,0.7569370405174582,0.30981836384073835,0.7694062206486953,0.7520982991424892,0.6366607359118626,0.520030018514468,0.12869444450336778,0.11188566859418149,0.5547260361665801,0.4618461122039321,0.5082860741852562,-0.23219980990661998,12.201265598463863,-7.813281214582994,-0.15893028343066018
30.1,0.6248331917862393,0.7103556587269102,0.4314946641036777,0.6479808196289552,0.6342952270867379,0.5580951465569564,0.3213343244491494,0.1896510770051996,0.4304743987895012,0.4522518009410549,0.44136309986527805,0.05444350537888415,12.244845664883742,-7.82026631802287,-0.15348593289277176
30.200000000000003,0.8166128464786233,0.20414515712570402,0.73021153946777,0.9574598081019867,0.670758750965115,0.4873051486707059,0.1653379253024684,0.033637091176921055,0.5598568907020678,0.4709136209538863,0.515385255827977,-0.22235817437045377,12.295778310778124,-7.828145734336674,-0.17572175032981713
30.3,0.9027196972113827,0.5819588163527172,0.519673584800561,0.9783484233345614,0.7171509402143685,0.5062358822071081,0.31038467908118494,0.017371520086597876,0.4945582757831617,0.49744179541079075,0.49600003559697625,0.007208799069072652,12.3446145050264,-7.836816748375802,-0.17500087042290985
30.400000000000002,0.926349566988498,0.27156857640921306,0.744480011905224,0.7210913661361629,0.7589906655691945,0.4593024210475291,0.18026103568953053,0.13143649360783247,0.6221742221150054,0.3989333213194536,0.5105537717172295,-0.5581022519888795,12.394890082143851,-7.845705948770327,-0.2308110956217978
30.5,0.9305837805358821,0.3400518203847705,0.9293469838988999,0.5054732245233176,0.793309288562532,0.4354523009149774,0.06428071763621708,0.23551079685848775,0.7423147981862556,0.33289858253262905,0.5376066903594423,-1.0235405391340662,12.447225080770218,-7.858004625689837,-0.33316514953520443
30.6,0.5175956594226397,0.5963071178574062,0.9619652468666576,0.9772788280500054,0.7381665627345536,0.4676232643034631,0.0363266631074723,0.02730559692565283,0.7113514346928946,0.45485453193533476,0.5831029833141147,-0.6412422568938997,12.502329010189348,-7.877074178754078,-0.3972893752245944
30.700000000000003,0.20741373478407985,0.6543694949315964,0.4643804144641228,0.9897963330226038,0.6320159971444589,0.5049725104290897,0.1965062852185639,0.02529586625934736,0.5078208813468947,0.4921987933406286,0.5000098373437617,-0.03905522001566533,12.548435576102642,-7.896420572580534,-0.4011948972261609
30.8,0.6346403868455799,0.5951299362734553,0.9631363010445234,0.910635843146798,0.632540875084683,0.5230039955979628,0.01913801731315964,0.035795016976183855,0.6204352968660312,0.5042830586969218,0.5623591777814765,-0.2903805954227734,12.600206082048851,-7.9183817465569915,-0.43023295676843826
30.900000000000002,0.2901174088161236,0.3299954100317909,0.6753486826194167,0.5543589281377115,0.5640561818309712,0.48440227848472844,0.122518157566176,0.2019808406728579,0.49494905766922864,0.38656229905253514,0.4407556783608819,-0.2709668965417337,12.640264982217165,-7.936764896379007,-0.45732964642261165
31.0,0.8326141315402047,0.6542249779367515,0.8543696501545367,0.5052969483030788,0.6177677717728178,0.5183668183751331,0.10643652002956795,0.29375146321310014,0.5520147199588987,0.3660958069963184,0.45905526347760855,-0.46479728240645085,12.681453017957391,-7.957034653682112,-0.5038093746632567
31.1,0.8615918602210477,0.6122245271678368,0.45204266190901354,0.8015535120459725,0.6665325894624639,0.5371383601336739,0.3406246823682242,0.09375594431388913,0.4394951378887421,0.48677844595212744,0.4631367919204348,0.1182082701584633,12.722012217293422,-7.979393281312709,-0.4919885476474104
31.200000000000003,0.45888133606806625,0.398437666933716,0.5564711662392663,0.5413127516809204,0.6250023387835844,0.5093982214936823,0.22461975772781312,0.22887087823092042,0.48461446486669907,0.3928118031711543,0.43871313401892664,-0.229506654238862,12.760680184656035,-8.000117191167053,-0.5149392130712966
31.3,0.4415566717532918,0.7783060227207981,0.4068614405165008,0.7922100202421192,0.5883132053775258,0.5631797817391054,0.29041402674758965,0.10951164428202226,0.41745879841505684,0.5015050378144655,0.4594819181147612,0.21011559849852174,12.800669937192632,-8.022745846071974,-0.4939276532214445
31.400000000000002,0.2945798782431781,0.44544507360289587,0.6432499677810384,0.7015122827430338,0.5295665399506563,0.5396328401118635,0.16486629688006327,0.15087254985441598,0.4422588655574035,0.45821705753900627,0.4502379615482049,0.039895479954006885,12.8403123812842,-8.04409107613955,-0.4899381052260438
31.5,0.44878235870772826,0.29393259667582106,0.9496782315103812,0.5770225600937481,0.5134097037020706,0.490492791424655,0.028714957255485736,0.1653891189080636,0.49866716600571404,0.4093706208201747,0.4540188934129444,-0.22324136296384828,12.880373282540752,-8.065455901115943,-0.5122622415224286
31.6,0.30685502575744333,0.3225484517513434,0.8486409022905139,0.7634433688534417,0.47209876811314516,0.4569039234899927,0.06061967386060191,0.1034567597478365,0.44348029476013434,0.40963412404964467,0.4265572094048895,-0.08461542677622419,12.917553625586153,-8.08636361787266,-0.520723784200051
31.700000000000003,0.5766624615034492,0.6300141501545606,0.7984566636037983,0.5310469735943956,0.493011506791206,0.4915259688229063,0.09685060867754416,0.2690543068680104,0.4452630422734445,0.3592787899736319,0.40227091612353816,-0.2149606307495315,12.952448991057683,-8.106376922652158,-0.5422198472750042
31.8,0.8985080467901867,0.2654962451786199,0.66804878649789,0.8222596750935236,0.5741108147910021,0.44632002409404903,0.20201380752589587,0.07476460191468089,0.45813250315327736,0.4129510851661067,0.435541794159692,-0.1129535449679267,12.98975598831916,-8.128852565021853,-0.5535152017717968
31.900000000000002,0.24940643804534704,0.6381193989687453,0.7032922336555575,0.7436210045367189,0.5091699394418711,0.4846798990689883,0.10460675601637273,0.13547856834596844,0.455907323815804,0.41901616023705324,0.4374617420264286,-0.09222790894687694,13.026970067240278,-8.151849088398679,-0.5627379926664845
32.0,0.6162732329478297,0.2929920177477314,0.523240891323617,0.7498886070646105,0.5305905981430628,0.4463423228047369,0.24419094927751053,0.10476068871306443,0.4010251763047862,0.39958319366592376,0.40030418498535497,-0.0036049565971560393,13.060827697257915,-8.173205476079104,-0.5630984883262001
32.1,0.8469536665417898,0.5627458401438257,0.7079487059209849,0.6740790854271257,0.5938632118228082,0.46962302627255464,0.16886642519640407,0.16963566215812173,0.49357965418663574,0.38995821324610885,0.44176893371637227,-0.2590536023513172,13.098183906790247,-8.196787492900096,-0.5890038485613318
32.2,0.845532282043514,0.7786240638600019,0.6375692259719545,0.8898719355598783,0.6441970258669494,0.5314232337900441,0.24114017930037845,0.07047021436615941,0.4888552395446227,0.49397372458570205,0.49141448206516236,0.01279621260269842,13.139044750035705,-8.224087189255622,-0.587724227301062
32.300000000000004,0.23623184218226304,0.47562309324970764,0.4382559472672499,0.9964741962861521,0.5626039891300121,0.5202632056819768,0.23898726074001803,0.0,0.4281488028864236,0.5202632056819768,0.47420600428420023,0.23028600698888305,13.178508395519971,-8.250380420895798,-0.5646956266021737
32.4,0.9470204500679447,0.22538789681846325,0.6453201614915489,0.8613832375500896,0.6394872813175986,0.4612881439092741,0.2513926829872035,0.07321537635288508,0.47872485793097486,0.42751475884583273,0.4531198083884038,-0.1280252477128553,13.216785760553492,-8.27462952260349,-0.5774981513734592
32.5,0.7167046544777309,0.5362895511058623,0.9957139591485273,0.6294877713108232,0.654930755949625,0.4762884253485917,0.017299353838883,0.2069050957889164,0.6436008770624853,0.3777419230786892,0.5106714000705872,-0.66464738495949,13.25957139882365,-8.302508581883094,-0.6439628898694082
32.6,0.50051642704159,0.7461842832812331,0.7970755228752808,0.7235801583513162,0.624047890168018,0.53026759693512,0.10764552077406275,0.1593408045503052,0.5568719300429266,0.44577433141252104,0.5013231307277238,-0.2777439965760138,13.299663354914154,-8.332606486641792,-0.6717372895270096
32.7,0.34277890320328935,0.6298067891184009,0.7173055237264057,0.8367148845436769,0.5677940927750722,0.5501754353717763,0.11247663252820535,0.07025969614524291,0.5039305252503247,0.5115202764559785,0.5077254008531515,0.018974378014134652,13.339405136771921,-8.364204613192024,-0.6698398517255961
32.800000000000004,0.21818826185757328,0.4386903909623855,0.8040999146659402,0.7266672034150126,0.4978729265915724,0.5278784264898981,0.0771446095868038,0.14289764502921173,0.4594647140458261,0.4524458424827658,0.45595527826429594,-0.017547178907650757,13.37514843335891,-8.392513073179547,-0.6715945696163612
32.9,0.3980096308030205,0.47692778799010144,0.5653898366770764,0.9624462166810401,0.477900267433862,0.5176882987899388,0.20857561909219272,0.002944097669935492,0.37822192328951976,0.5161641738757184,0.4471930485826191,0.3448556264654967,13.410156067549671,-8.420338992308519,-0.6371090069698115
33.0,0.8475825468313556,0.5353924787934017,0.859632080508342,0.9302539731072247,0.5518367233133608,0.5212291347906314,0.07032556718050269,0.024103672231486854,0.5130284927553186,0.5086655985681365,0.5108470456617276,-0.010907235467955134,13.4512189181439,-8.450727959742263,-0.6381997305166071
33.1,0.28071737047400563,0.22686102060342464,0.7586709380389316,0.8219717601189572,0.4976128527454897,0.46235551195319,0.08144387531513829,0.07918518238176515,0.4570853336112758,0.42574380641396226,0.441414570012619,-0.07835381799328384,13.48667199319374,-8.477025254198244,-0.6460351123159355
33.2,0.5218122806487251,0.3874714227900493,0.5303615261065321,0.9182381456020339,0.5024527383261368,0.44737869412056186,0.2211745528261137,0.03735654309844033,0.3913229786105971,0.4306661726523231,0.41099457563146014,0.09835798510431495,13.519488966046335,-8.501768166411175,-0.636199313805504
33.300000000000004,0.4314107610831351,0.8526290054106536,0.8389104898696109,0.5913422178215152,0.48824434287753643,0.5284287563785802,0.08004185927735144,0.268872002059888,0.44916435789196973,0.38634905870505454,0.41775670829851214,-0.157038247967288,13.553091632589984,-8.526588872977273,-0.6519031386022328
33.4,0.4565320923143865,0.44141154811536265,0.48595626049799723,0.7961274542864459,0.48190189276490647,0.5110253147259367,0.23692581704282645,0.08917848027301899,0.3677268930870965,0.46545285377763645,0.4165898734323665,0.2443149017263499,13.58620763655877,-8.551863395872934,-0.6274716484295978
33.5,0.24876610968540974,0.958816204021377,0.9278283345783298,0.9469465993723266,0.43527473614900714,0.6005834925850247,0.03387277090702062,0.033351427560184214,0.420530774729818,0.5805531757382328,0.5005419752340254,0.4000560025210371,13.62672723469512,-8.581250210204885,-0.587466048177494
33.6,0.5964966299944168,0.9778321882749488,0.9649518458991471,0.8028055148474333,0.46751911491808906,0.6760332317230096,0.030309072392950113,0.12903696981141696,0.4533490442189487,0.5887999520096528,0.5210744981143007,0.3386272694767603,13.670098756009448,-8.610130955775793,-0.553603321229818
33.7,0.5330597067371557,0.319374086260131,0.6258761131042793,0.8526496583428752,0.4806272332819024,0.6047014026304338,0.19095006665800413,0.07700269207828399,0.388851431049071,0.5581377667243761,0.4734945988867235,0.4232158391882627,13.710375891360098,-8.635025206511543,-0.5112817373109918
33.800000000000004,0.44058913503611824,0.7660614379903778,0.8834656959609322,0.9488447042895433,0.47261961363274557,0.6369734097024227,0.05799322848264028,0.04973327601211229,0.44521087639396456,0.6052946353053158,0.5252527558496402,0.40020939727837807,13.756184133641007,-8.66072558616652,-0.471260797583154
33.9,0.6458294065594186,0.3072742008472624,0.5457151096537515,0.5220020398360327,0.5072615722180802,0.5710335679313906,0.2595099176222836,0.21903900871604096,0.37562216339881616,0.44595494126811475,0.41078855233346545,0.17583194467324648,13.792785253237744,-8.679375797734963,-0.45367760311582933
34.0,0.8777067087356896,0.27397119722149094,0.8347508273843212,0.514288971058443,0.5813505995216021,0.5116210937894107,0.09832933826602422,0.2058885183489705,0.5241867797700865,0.40628418483302925,0.46523548230155787,-0.2947564873426432,13.83460254381961,-8.699765862676385,-0.48315325185009367
34.1,0.6823376359912607,0.8988963667916317,0.5128979763596532,0.857017850522326,0.6015480068155338,0.5890761483898549,0.28805003400511536,0.09665911776681893,0.42827208299660996,0.5321365675890158,0.4802043252928129,0.2596612114810147,13.877126289181552,-8.722074897184672,-0.4571871307019922
34.2,0.5835153651767319,0.8955790812196305,0.5997785864912928,0.9742118563160039,0.5979414784877733,0.65037673495581,0.1940939100037843,0.03446096244403793,0.48188467897463777,0.6279641267180218,0.5549244028463298,0.3651986193584601,13.926919529270293,-8.746570696216518,-0.4206672687661462
34.300000000000004,0.9696620448915672,0.2938529595546676,0.999743204210687,0.6873525258054195,0.6722855917685321,0.5790719798755816,0.0,0.134719257857273,0.6722855917685321,0.5010598325008014,0.5866727121346668,-0.4280643981693266,13.980471991316922,-8.770528628522518,-0.46347370858307885
34.4,0.36361051438231495,0.9321011676748452,0.7312475755286887,0.8653083292382622,0.6105505762912886,0.6496778174354343,0.11494068003771339,0.09197201176240853,0.54037347785495,0.5899256415684866,0.5651495597117183,0.12388040928384136,14.031024899075142,-8.795794094392207,-0.4510856676546947
34.5,0.4874076444412606,0.4092493019082821,0.7076899240142641,0.69836637586059,0.585921989921283,0.6015921143300038,0.12862701829140136,0.15912016556013353,0.5105565914063438,0.5058666774981428,0.5082116344522434,-0.011724784770502372,14.076762642296249,-8.817949217929808,-0.452258146131745
34.6,0.5755923376180467,0.8717849452509479,0.9485982993384935,0.622422952858755,0.5838560594606357,0.6556306805141926,0.02381228703811679,0.24744049738896562,0.5699531113838152,0.4934010988242947,0.531677105104055,-0.19138003139880122,14.124585008984534,-8.841183388568103,-0.4713961492716251
34.7,0.37701927865298024,0.3167381704820389,0.5564644659458617,0.9608549501778121,0.5424887032991046,0.5878521785077618,0.2031149561001597,0.013406130474506544,0.4323011341436744,0.5799713555029639,0.5061362448233191,0.36917555339822367,14.169678464718253,-8.864168584526148,-0.4344785939318027
34.800000000000004,0.32192912814731467,0.463892228782288,0.6279038648446925,0.9000176291721911,0.4983767882687466,0.563060188562667,0.15951633359237855,0.05473144783008335,0.418877550256571,0.5322430892271526,0.47556031974186175,0.283413847426454,14.212816048877285,-8.884186701571771,-0.4061372091891573
34.9,0.747877289876725,0.4058614061079062,0.8929551638154138,0.9799049603502062,0.5482768885903423,0.5316204320717148,0.06980378982373464,0.008914655617393191,0.5100050838939708,0.5268812190006257,0.5184431514472982,0.042190337766637165,14.26044302190781,-8.904668509421072,-0.4019181754124936
35.0,0.3345869167612328,0.8359804114829072,0.5015594265161091,0.8321881184572562,0.5055388942245204,0.5924924279539533,0.21577350276360288,0.1231345183641274,0.39645699623445707,0.5195361582034508,0.4579965772189539,0.3076979049224843,14.30259301149528,-8.92258462019375,-0.37114838492024516
35.1,0.6337094842810842,0.7134475705458934,0.4352392309484381,0.42029425429881434,0.5311730122358331,0.6166834564723414,0.32645382832191905,0.3571551105191941,0.3577695488901599,0.39643180842060366,0.37710067865538177,0.09665564882610944,14.337735455791618,-8.936261528737065,-0.3614828200376342
35.2,0.7345724347145224,0.8114710748576155,0.6474353334493557,0.9055268300952091,0.571852896731571,0.6556409801493962,0.1986204498492593,0.0672936314107144,0.45827121713514435,0.6115205176934632,0.5348958674143037,0.383123251395797,14.387768194314715,-8.955178742211794,-0.3231704948980545
35.300000000000004,0.20731316935252941,0.6045863357544521,0.6239204156120871,0.7707011415260818,0.4989449512557627,0.6454300512704074,0.15068056472580355,0.12890281464051892,0.42376364423345586,0.5622323010080775,0.4929979726207667,0.34617164193655414,14.434515904610146,-8.970835101693371,-0.2885533307043991
35.4,0.58656332289746,0.590283507202457,0.40396741419529536,0.7309861365467542,0.5164686255841022,0.6344007424568173,0.29912815610043625,0.14539864363174573,0.36197831792940316,0.5421597349846237,0.4520690264570134,0.45045354263805126,14.477853797979215,-8.983699433978773,-0.24350797644059397
35.5,0.4197925897582656,0.9819834785860093,0.4102855585614563,0.8878943325483459,0.4971334184189349,0.7039172896826558,0.2828987515520656,0.08991277351074603,0.3564949949934076,0.6406261338451209,0.4985605644192642,0.7103278471292832,14.526239008261236,-8.995720157330766,-0.17247519172766562
35.6,0.9278186927990129,0.28561314295559437,0.4577883341508451,0.4893384914441503,0.5832704732949505,0.6202564603372435,0.35157042964582624,0.2125973473607961,0.37820982239892037,0.4883915821861487,0.43330070229253453,0.2754543994680708,14.568926189781745,-9.003156522027785,-0.14492975178085854
35.7,0.8521715125706262,0.4138597893413087,0.6381378534988429,0.6238309500782093,0.6370506811500857,0.5789771261380565,0.2281471854356804,0.17772329977739698,0.49170936126581055,0.4760794007851669,0.48389438102548876,-0.039074901201609086,14.61680831561697,-9.010145065894728,-0.14883724190101943
35.800000000000004,0.9921864253117818,0.38068580210193775,0.8104249752822312,0.9087202612189215,0.7080778299824249,0.5393188613308327,0.13825944263894305,0.05561224822458315,0.6101793838640625,0.509326126942303,0.5597527554031827,-0.25213314230439876,14.672164738020184,-9.018445546033343,-0.1740505561314593
35.9,0.8076686801414759,0.27480040434168757,0.6275584133438896,0.7316208637178172,0.727996000014235,0.4864151699330037,0.21430083545172685,0.09039202585770674,0.5719858490056691,0.4424471173148388,0.5072164831602539,-0.3238468292270756,14.72212005328845,-9.02722917195564,-0.20643523905416689
36.0,0.3371068601768381,0.5998867144902336,0.6603457911829974,0.8706257864740667,0.6498181720467556,0.5091094788444497,0.15033043331520132,0.08417462534905876,0.5521307246668747,0.4662553792010636,0.5091930519339691,-0.2146883636645279,14.771958230052741,-9.03766621072099,-0.2279040754206197
36.1,0.2762894683765841,0.6225273485133185,0.4255310545702271,0.5268502335307284,0.5751124313127213,0.5317930527782234,0.25055324706485566,0.27526657005008587,0.43101614421995516,0.3854082031634976,0.40821217369172635,-0.11401985264114387,14.811723895638346,-9.04688920524745,-0.2393060606847341
36.2,0.5804002301162187,0.23724957659339463,0.4446088359553907,0.9553508860485539,0.5761699910734207,0.4728843575412577,0.3115294790143855,0.0201723220994535,0.39667605393059485,0.4633451819651423,0.43001061794786855,0.1666728200863686,14.8534995429378,-9.057081683267574,-0.22263877867609722
36.300000000000004,0.22632142412277753,0.9430130890037274,0.5886908159359906,0.9768815139256035,0.5062002776832921,0.5669101038337516,0.16410943149944004,0.025746138602636064,0.4231280378878284,0.5523143577252131,0.48772119780652073,0.3229657995934618,14.90106787865463,-9.067850764241793,-0.19034219871675104
36.4,0.7701691199594878,0.5186368163160977,0.4461624948648075,0.49747015042882353,0.5589940461385312,0.5572554463302208,0.3263895568849411,0.26839716978918404,0.3765442271180557,0.407689661685581,0.3921169444018183,0.07786358641881333,14.93957139226171,-9.075269417810974,-0.1825558400748697
36.5,0.511325285893887,0.9172206136021759,0.5990379037730972,0.8533655587125354,0.5494602940896024,0.6292484797846118,0.18789547603181206,0.11732790358796373,0.4462191905710571,0.5554200748155702,0.5008196326933136,0.2730022106112828,14.988821138986907,-9.084361474366814,-0.1552556190137414
36.6,0.7793308560754519,0.6006342813101802,0.9845939964615978,0.4322178591684362,0.5954344064867723,0.6235256400897256,0.006907880745774371,0.32029339579364485,0.5913212166148306,0.4238144954609813,0.507567856037906,-0.4187668028846232,15.03896742380106,-9.092210130568173,-0.19713229930220372
36.7,0.47247419718008477,0.8152045226923539,0.9729150381487994,0.6380218295853757,0.5708423646254348,0.6618614166102512,0.024186463443132755,0.20781297413735605,0.5570357066416303,0.5243180271577113,0.5406768668996708,-0.08179419870979754,15.091987942206556,-9.102799718474081,-0.20531171917318347
36.800000000000004,0.4186616229030379,0.9940687027606379,0.694362073666476,0.6134867186235088,0.5404062162809554,0.7283028738403285,0.16052063980269116,0.26691620474960354,0.453659864690185,0.5339070348466387,0.4937834497684118,0.2006179253911343,15.140329217563062,-9.11286659731305,-0.18524992663407003
36.9,0.7437558864705271,0.7285375260119005,0.4514164705820415,0.7711695341559327,0.5810761503188697,0.7283498042746429,0.33970215746765114,0.1438581136452306,0.38368332840255254,0.6235707753578199,0.5036270518801862,0.5997186173881683,15.189830229294527,-9.122143014262313,-0.1252780648952532
37.0,0.26563040773851887,0.32337677109241475,0.82700629286717,0.7803405291778306,0.5179870018027996,0.6473551976381973,0.07986527928366943,0.08697807855964892,0.47661782523850843,0.5910494864020251,0.5338336558202668,0.28607915290879177,15.242795227369463,-9.128813299097784,-0.09667014960437402
37.1,0.2852407341690089,0.2041561778960241,0.5849604730817788,0.615950498408138,0.4714377482760414,0.5587153936897626,0.16265698755196645,0.13187756200447362,0.39475510432317823,0.4850333697155871,0.4398942370193827,0.22569566348102213,15.286579267916549,-9.133059143065694,-0.07410058325627181
37.2,0.34991342682230175,0.5590749416171612,0.7328440003653207,0.6448265050498825,0.4471328839852935,0.5587873032752424,0.09858986458225896,0.18013606036012564,0.40305011350290854,0.4581295598839815,0.430589836693445,0.13769861595268246,15.329520089458695,-9.1362469197082,-0.06033072166100356
37.300000000000004,0.27445140836789933,0.6784350382354183,0.5946581983434476,0.6311427504375902,0.41259658886181466,0.5827168502672776,0.15777508588282757,0.2062674301279726,0.3474991266191802,0.4625213430703797,0.40501023484477994,0.2875555411279987,15.369947427566066,-9.13868889367256,-0.03157516754820369
37.4,0.267759613542818,0.9209088358851465,0.9431245445880153,0.9869038384083324,0.38362919379801536,0.6503552473908514,0.026032633838050906,0.0,0.37364231546628496,0.6503552473908514,0.5119987814285681,0.691782329811416,15.421121784915242,-9.140305269786662,0.03760306543293791
37.5,0.5045856187909945,0.31107204716753345,0.5806787592250413,0.6958743653264708,0.4078204787966112,0.5824986073461877,0.19296044534302184,0.1264667346821766,0.3291272575880127,0.5088319105182001,0.4189795840531064,0.44926163232546845,15.462990125152578,-9.138730149377375,0.08252922866548476
37.6,0.5368818718180195,0.5873850511471428,0.4461528168370943,0.5510198426733417,0.43363275740089285,0.5834758961063787,0.27495796264180716,0.24518508777890183,0.31440197789119434,0.4404163073026629,0.3774091425969286,0.3150358235286714,15.500602584274812,-9.135618955404684,0.1140328110183519
37.7,0.6750451184312629,0.3564385799042084,0.4641834205485412,0.5827947974507541,0.48191522960696687,0.5380684328659446,0.3233780588645179,0.17793346134735918,0.3260744181194175,0.44232805416435794,0.3842012361418877,0.2906340901123511,15.538773180765638,-9.131247289582127,0.143096220029587
37.800000000000004,0.6961537502997515,0.843261169565906,0.5977250297675561,0.6008417342481742,0.5247629337455237,0.5991069802059369,0.24531960154146795,0.2687656848174945,0.3960282999353401,0.4380875823919471,0.4170579411636436,0.10514820614151751,15.580052708064965,-9.125299694368872,0.15361104064373876
37.9,0.9793803012036855,0.30889957726261186,0.5923990932250526,0.9683673532096697,0.6156864072371561,0.5410654996172719,0.26999285111982446,0.005965649773408957,0.449455478751475,0.5378376923420807,0.49364658554677787,0.22095553397651416,15.628836098029206,-9.117746524318044,0.17570659404139016
38.0,0.9716596984758352,0.9749801773973565,0.574868890948032,0.816974660603266,0.6868810654848919,0.6278484351732888,0.2924127313249276,0.1293212042333143,0.4860282970310782,0.5466543194606771,0.5163413082458777,0.15156505607399728,15.679675232047481,-9.108720677084543,0.1908630996487899
38.1,0.39393943742445847,0.5008442418593178,0.8898967092597478,0.635761077843676,0.6282927398728052,0.6024475965104946,0.03493611153167418,0.18479648372126428,0.6063426346380677,0.4911173990490282,0.5487300168435479,-0.2880630889725988,15.733551787504172,-9.098310917914745,0.16205679075153
38.2,0.6737816274003083,0.6365032683606577,0.8090275798780526,0.7300594941984837,0.6373905173783059,0.6092587308805273,0.1268813937033725,0.1481742463360185,0.5565175202000328,0.518982277608666,0.5377498989043494,-0.0938381064784169,15.786622191192716,-9.089634409973684,0.15267298010368832
38.300000000000004,0.7666936410048508,0.5507639634471269,0.5747987247911772,0.8157011675946056,0.6632511421036149,0.5975597773938472,0.2707186508227284,0.1077179853191656,0.48369668775669056,0.5331918420652129,0.5084442649109517,0.12373788577130576,15.83687520044822,-9.081901961074756,0.1650467686808189
38.400000000000006,0.5273132721959213,0.5994425722311683,0.7800016237921982,0.5452127006024793,0.6360635681220762,0.5979363363613115,0.11874925705800338,0.2540931928987998,0.560531491965917,0.4460047835050552,0.5032681377354861,-0.28631677115215454,15.886518106662473,-9.07363334285885,0.13641509156560344
38.5,0.8312614105760503,0.2591721084658308,0.9944203686621808,0.6875408198635757,0.675103136612871,0.5301834907822154,0.0,0.1263945415722924,0.675103136612871,0.46317119151559955,0.5691371640642353,-0.5298298627431787,15.942903087900472,-9.065893510432934,0.08343210529128557
38.6,0.9363137475826366,0.7533670927184861,0.7261871220324867,0.8744325502295556,0.7273452588068241,0.5748202111694696,0.17907494787336423,0.09132964937502298,0.5970959445000534,0.5223220828296853,0.5597090136648694,-0.18693465417592037,15.998679297865316,-9.061229156058028,0.06473863987369353
38.7,0.6295247888196702,0.710544293608673,0.4509891604305927,0.8613724287520244,0.7077811648093933,0.6019650276573103,0.3092536907899092,0.07518903602716381,0.4888972273205074,0.5567038575056921,0.5228005424130997,0.1695165754629617,16.050849835119003,-9.057846980111076,0.0816902974199897
38.800000000000004,0.7175998783867235,0.23543735482227968,0.9901649235711897,0.8064831375185114,0.7097449075248594,0.5286594930903041,0.0017582926373417521,0.08638680914009023,0.7084969682795677,0.4829902863606152,0.5957436273200915,-0.5637667047973811,16.11022552943194,-9.052985743665293,0.02531362694025159
38.900000000000006,0.9725734221710627,0.5443644351121458,0.406328663670748,0.5552430222421932,0.7623106104541001,0.5318004814946725,0.4094840358072208,0.23102295638504147,0.450156585146689,0.4089423620527847,0.42954947359973683,-0.10303555773476067,16.15316671519745,-9.051898514273686,0.015010071166775524
39.0,0.6644146364192034,0.6601883186163409,0.6674671309029441,0.6346805012065018,0.7427314156471208,0.5574780489190062,0.19902943215503607,0.20961131416615292,0.5949060037471682,0.44062434246631044,0.5177651731067393,-0.38570415320214435,16.204937399935062,-9.05112137424675,-0.02356034415343891
39.1,0.6003726252957877,0.47597391007961465,0.4147375918154616,0.46272961480363706,0.7142596575768542,0.5411772211511279,0.31276795099186444,0.2819409045908651,0.4908621280003908,0.3885972258758082,0.4397296769380995,-0.25566225531145653,16.248898163720124,-9.052157296654526,-0.049126569684584565
39.2,0.29285547036717974,0.9525409265169544,0.485005106098929,0.5871342063385249,0.6299788201349192,0.6234499622242932,0.21303940233539395,0.26944305739535884,0.49576850880941936,0.4554656982695587,0.47561710353948905,-0.1007570263496517,16.296402492428058,-9.05449290060247,-0.059202272319549734
39.300000000000004,0.5863407990235108,0.5809300249673308,0.6628995629638162,0.8180579593141997,0.6212512159126375,0.6149459747729007,0.1729488059207514,0.08887141322830136,0.513806559943732,0.5602948569357776,0.5370507084397549,0.11622074248011399,16.350013475063378,-9.057670505869314,-0.047580198071538335
39.400000000000006,0.8481487495349584,0.29206821335902877,0.9095080048281459,0.7887819503666282,0.6666307226371018,0.5503704224901264,0.06493344088636423,0.07461560995827868,0.6233440960157113,0.50930419771303,0.5663241468643707,-0.2850997457567031,16.406581797481657,-9.060364070793046,-0.07609017264720865
39.5,0.9871203764706225,0.3951303572415942,0.5046719396944804,0.4960814267292156,0.7307286534038059,0.51932240944042,0.3465717447373495,0.24915948720145709,0.4774787490640749,0.3899283042120198,0.43370352663804734,-0.21887611213013775,16.44982665973203,-9.063660944938208,-0.09797778386022242
39.6,0.3854844379291283,0.5240379490242023,0.5106710650908363,0.7842873259960468,0.6616798103088704,0.5202655173571764,0.21953553434428763,0.0910981440803048,0.5164175795878856,0.47287029429695804,0.4946439369424218,-0.10886821322731888,16.49905382295702,-9.068499606360433,-0.10886460518295431
39.7,0.6912855498975359,0.3578595486257971,0.755321895016221,0.6333014682134243,0.6676009582266035,0.48778432361090057,0.14924983147416251,0.1507315671374202,0.5679616277192935,0.414259828087963,0.49111072790362825,-0.38425449907832615,16.547874163057415,-9.073835509573756,-0.1472900550907869
39.800000000000004,0.8018603962883935,0.8469838309050086,0.43753825088149867,0.46105122923628544,0.6944528458389615,0.5596242250697222,0.3640240183540356,0.3317553824635967,0.4416553303392672,0.3739658762458226,0.4078106032925449,-0.16922363523361142,16.58821366302544,-9.079820459357004,-0.16421241861414804
39.900000000000006,0.4607879292790548,0.5660403377649483,0.5574120372714165,0.9175819284743844,0.6477198625269802,0.5609074476087674,0.21546066595150212,0.04895054610204877,0.5081617095969017,0.5334507217356119,0.5208062156662567,0.06322253034677566,16.63959366542034,-9.088334359559967,-0.15789016557947047
40.0,0.6775766634263949,0.6890467369112014,0.7522028287391308,0.6087547824620526,0.6536912227068632,0.5865353054692543,0.1553204956888186,0.22990256862549552,0.5521595779686033,0.45168933215233303,0.5019244550604681,-0.25117561454067555,16.689161778183784,-9.096226367095934,-0.18300772703353801
40.1,0.8509906034087471,0.7647906887567841,0.5784669008196112,0.7686907094277518,0.69315109884724,0.6221863821267603,0.25333829107034916,0.12551197461874003,0.5175493840117456,0.5440945407251406,0.5308219623684431,0.0663628917834877,16.741357542690178,-9.105886684115582,-0.17637143785518924
40.2,0.2942893221293254,0.44430400202839915,0.5098267109988901,0.8160619250298673,0.6133787435036571,0.5866099061070881,0.20518608745823483,0.08460075587334202,0.4875219589940935,0.5369822646476382,0.5122521118208658,0.12365076413386175,16.791788088689927,-9.1148745810229,-0.16400636144180308
40.300000000000004,0.310293838827646,0.5069679702701496,0.5114522195756595,0.7813009852351811,0.5527617625684549,0.5706815189397004,0.21493899768391417,0.11576946647880439,0.4339517033639974,0.5046140239627376,0.46928286366336747,0.17665580149685042,16.83808664793937,-9.122536661204323,-0.14634078129211803
40.400000000000006,0.9999196420504737,0.6439300606659979,0.6937852157153253,0.48417792105867824,0.6421933384648586,0.5853312272849599,0.20692370686883418,0.2856479995464811,0.5093083123432381,0.41813253313892446,0.4637204227410813,-0.22793944801078422,16.883963032612574,-9.129298586520976,-0.16913472609319646
40.5,0.24288901010466946,0.4872313377370951,0.40575006373796874,0.48192082879749754,0.5623324727928207,0.565711249375387,0.24861833001414294,0.2749466779928367,0.4225263124943462,0.4101708206564471,0.41634856657539665,-0.0308887295947477,16.925003792632673,-9.136306960502617,-0.17222359905267123
40.6,0.6043504157845363,0.5959758782931229,0.8108180023359919,0.6493782611644672,0.5707360613911638,0.5717641751589342,0.11608315896212833,0.18831934162871475,0.5044832164512744,0.46408992212611855,0.48428656928869646,-0.10098323581288954,16.97271600264326,-9.144606347699263,-0.1823219226339602
40.7,0.26613650062917354,0.22468856451440386,0.8566339711272545,0.5752539457352239,0.5098161492387658,0.5023490530300281,0.04926589868608243,0.16710239349398942,0.48469959848184013,0.4184053238992713,0.4515524611905557,-0.16573568645642203,17.017122816282473,-9.152793603313004,-0.19889549127960238
40.800000000000004,0.33456718194925894,0.5658571098187593,0.8455109511578722,0.8595517329662143,0.47476635578086446,0.5150506643877744,0.06901054831941324,0.05845238010693314,0.4420024692448174,0.4849447271786517,0.46347359821173456,0.10735564483458582,17.06255645699961,-9.161951226016498,-0.1881599267961438
40.900000000000006,0.29136532108717506,0.8200904222911964,0.8939696847985399,0.6201170632632526,0.4380861488421266,0.5760586159684588,0.05707095440574761,0.22024464511569722,0.41308415421576805,0.44918479052864585,0.4311344723722069,0.0902515907821945,17.104908955628638,-9.170015666019047,-0.17913476771792436
41.0,0.7751841929040346,0.6370826197775716,0.9938654367260099,0.461449863326499,0.5055057576545082,0.5882634167302814,0.01694536423604531,0.3088592335732065,0.49693977846763454,0.4065728286998109,0.4517563035837227,-0.22591737441955917,17.149361695789942,-9.1780649809233,-0.20172650515988028
41.1,0.43816714808231494,0.9994501354231262,0.6698394056982482,0.6091461860933883,0.49203803574006955,0.6705007604688503,0.16958353210092741,0.2710744992031602,0.4085964877112662,0.48874510260941867,0.4486707951603425,0.20037153724538112,17.19331896576832,-9.187054599399422,-0.18168935143534215
41.2,0.9951661474548936,0.8205053199046188,0.5421676332200087,0.886421630103646,0.5926636580830343,0.700501672356004,0.3231143749645097,0.06537540730388697,0.40116551063735484,0.6547060902086762,0.5279358004230155,0.6338514489283034,17.245243555308864,-9.196593943964368,-0.11830420654251181
41.300000000000004,0.7686031675950395,0.7062165047417108,0.4995889706141555,0.4835409795560657,0.6278515599854354,0.7016446388331454,0.2922350959774061,0.2891081686673482,0.44437129909352757,0.4987934422448318,0.4715823706691797,0.13605535787826056,17.29207216645738,-9.202159957004287,-0.10469867075468575
41.400000000000006,0.2474862669114729,0.4806523831622648,0.5686510112741188,0.7232611276285827,0.5517785013706429,0.6574461876989693,0.16505202163427457,0.14438989158921656,0.46070634422508794,0.5625176039313714,0.5116119740782297,0.25452814926570866,17.342953210216404,-9.207506685554952,-0.07924585582811489
41.5,0.4314665947719549,0.4138744530224641,0.9148101069677546,0.9912929813570766,0.5277161200509053,0.6087318407636683,0.04743157776885005,0.0,0.502685711862835,0.6087318407636683,0.5557087763132516,0.2651153222520833,17.398349689208995,-9.211905839557616,-0.05273432360290656
41.6,0.9702175959950337,0.8285528386330379,0.9512612270978952,0.9954917353868046,0.6162164152397309,0.6526960403375421,0.04821842151871379,0.0,0.5865034323829508,0.6526960403375421,0.6195997363602465,0.1654815198864784,17.460223530287735,-9.215171742670021,-0.036186171614258716
41.7,0.8928630359929255,0.39974179355051187,0.8268369093035015,0.8970890816191796,0.6715457393903699,0.602105190980136,0.12425223986062141,0.054377775698035785,0.5881046771022593,0.5693640499583952,0.5787343635303273,-0.04685156785966038,17.518059079907456,-9.217265503757908,-0.040871328400224755
41.800000000000004,0.5915669807325102,0.6619404234433293,0.5612302912524916,0.6485350536190226,0.6555499876587979,0.6140722374727747,0.2335352502625257,0.20384413662146955,0.502455957231305,0.4888972124019229,0.4956765848166139,-0.033896862073455186,17.56758534362064,-9.21929083582128,-0.04426101460757027
41.900000000000006,0.9041000650458588,0.2744758272340939,0.7093680832526195,0.5669354127110702,0.7052600031362101,0.5461529554250386,0.2097471535220409,0.17222852748646406,0.5573337249854444,0.45208983612980375,0.5047117805576241,-0.26310972213910166,17.618007092283623,-9.221524012057817,-0.07057198682148044
42.0,0.9602032630923061,0.46183142412874423,0.40148385108519086,0.864481174262616,0.7562486551274292,0.5292886491657798,0.4187426694165984,0.07492766613531782,0.43957507453665706,0.4896302859718729,0.464602680254265,0.12513802858803963,17.6643517128355,-9.22480008453825,-0.05805818396267648
42.1,0.5667594053437741,0.731315056665474,0.6149336376045923,0.4379984116361048,0.7183508051706982,0.5696939306657186,0.20419288032176952,0.32171376328594814,0.571668685181431,0.3864155523100863,0.47904211874575864,-0.46313283217836176,17.71217521075977,-9.227579753873197,-0.10437146718051266
42.2,0.5437144805481889,0.3694811731261906,0.5611221029886535,0.8970061702292849,0.6834235402461963,0.529651379157813,0.22062328242927778,0.0492372069610298,0.5326443955076429,0.5035728245850248,0.5181086100463339,-0.07267892730654507,17.763704129547857,-9.232977516981403,-0.11163935991116716
42.300000000000004,0.6529136887337122,0.5882703232068041,0.6062437723315716,0.8095311556559235,0.6773215699436995,0.5413751679676112,0.20289877117414346,0.08594251042911774,0.5398938557123812,0.49484802694848945,0.5173709413304354,-0.11261457190972948,17.81511914972917,-9.238741422695995,-0.12290081710214011
42.400000000000006,0.8271118094724546,0.5676654101388535,0.4745423075382391,0.9145909599571683,0.7072796178494505,0.5466332164018597,0.32913365081889234,0.025043252371525593,0.47449009507686984,0.5329437428088492,0.5037169189428595,0.14613411932994827,17.865110897824973,-9.244916571813118,-0.10828740516914528
42.5,0.966425415443178,0.3618545651179198,0.8131551291469061,0.47914785243040814,0.7591087773681959,0.5096774861450717,0.13428200200460555,0.21800383372692203,0.6571741310039262,0.3985658402011459,0.5278699856025361,-0.6465207270069507,17.917588704247454,-9.250621574011605,-0.17293947786984037
42.6,0.9461804501807394,0.41921556647622576,0.7927527786512765,0.5502335671294654,0.7965231119307046,0.4915851022113025,0.13548522478826472,0.22650157658971173,0.6886059990617249,0.38024030153242794,0.5344231502970764,-0.7709142438232425,17.97023383105228,-9.259817859100615,-0.2500309022521646
42.7,0.33242006332747503,0.5170732535457866,0.5833055469065385,0.8196648229147441,0.7037025022100587,0.49668273247819933,0.16978112818162966,0.09761856095860971,0.5842270974805992,0.44819727888068733,0.5162121881806433,-0.34007454649977964,18.020249876503318,-9.272590698632294,-0.2840383569021426
42.800000000000004,0.7629584318112355,0.20086904295337896,0.6860840249565485,0.47961987522399196,0.7155536881302941,0.43751999457323526,0.17902436298727034,0.20512464949195222,0.5874521449295763,0.34777385904067953,0.4676130019851279,-0.5991957147222419,18.06513752537977,-9.285694826783363,-0.3439579283743668
42.900000000000006,0.20742955808676813,0.756477685830439,0.890265416147979,0.9928929456785632,0.6139288621215888,0.501311532824676,0.03891781100071272,0.0,0.5900360946976583,0.501311532824676,0.5456738137611672,-0.2218114046824557,18.116508751538632,-9.30409581135435,-0.3661390688426124
43.0,0.2566626443204097,0.5064559405406182,0.8384580290583826,0.461456302269704,0.542475618561353,0.5023404143678645,0.057581366152363984,0.2859021311007874,0.5112391313402416,0.3587202193620394,0.43497967535114046,-0.3812972799455054,18.157123524388727,-9.319668653292194,-0.40426879683716294
43.1,0.3097034357948365,0.8187683869204994,0.8518946805946408,0.4798877387117273,0.4959211820080497,0.5656260088783914,0.08249669254319572,0.3120883919369065,0.45500932473027345,0.3891006973298438,0.4220550110300586,-0.16477156850107408,18.195926850987533,-9.336270043843053,-0.42074595368727036
43.2,0.6244066212373448,0.20677979356240767,0.7900121278946841,0.6640596524679112,0.5216182698539087,0.49385676581519466,0.12434076977500766,0.13369157607805027,0.45675985265156605,0.4278322764365527,0.44229606454405934,-0.07231894053753338,18.23629895090277,-9.354335248949713,-0.4279778477410237
43.300000000000004,0.3210993046754248,0.5293679154877424,0.811939701925444,0.91597751476129,0.4815144768182119,0.5009589957497043,0.06404002314052358,0.027016873216684775,0.45067827858027654,0.48742465007477676,0.46905146432752665,0.09186592873625055,18.27897357522071,-9.373802380253547,-0.41879125486739865
43.400000000000006,0.801956517238362,0.6716591342092105,0.6304191456058724,0.9779492263319585,0.545602884902242,0.5350990234416055,0.22200951297668214,0.0,0.42447385414642247,0.5350990234416055,0.479786438794014,0.27656292323795767,18.322805959948944,-9.393313205903496,-0.3911349625436029
43.5,0.4215741255558763,0.26739897279838937,0.732037979070838,0.7600047203355118,0.5207971330329688,0.4815590133129623,0.1298786720975283,0.10882716650337539,0.4531566929624471,0.4291523103899514,0.44115450167619924,-0.06001095643123927,18.36358967741333,-9.41013168779922,-0.3971360581867268
43.6,0.752380860011723,0.8783136835519672,0.7950432220510864,0.5809896001463192,0.5671138784287196,0.5609099473607633,0.12387922123993775,0.2732930496975204,0.4968602528146091,0.40761715724086467,0.4522387050277369,-0.2231077389343611,18.40529388652892,-9.427623325952773,-0.4194468320801629
43.7,0.7982749127849997,0.43643364099365334,0.4327414786091518,0.9387475362141938,0.6133460852999757,0.5360146860873413,0.3694957155470715,0.02886430224942104,0.38671733463406605,0.5205429961779877,0.45363016540602685,0.33456415385980415,18.446724580975687,-9.446097654826145,-0.3859904166941825
43.800000000000004,0.29019493008304686,0.599666033018126,0.7563578608826339,0.7169719005617106,0.54871585425659,0.5487449554734982,0.12048200505952247,0.17227266619434187,0.48260546792780734,0.45421119893338324,0.4684083334305953,-0.07098567248606025,18.49011914769584,-9.463732145106345,-0.3930889839427885
43.900000000000006,0.9471395213393727,0.30558630458616165,0.9164884023620484,0.7410282332637765,0.6284005876731465,0.5001132252960309,0.05130883165054772,0.11666450205659287,0.5961580877111199,0.4417677648949528,0.5189629263030363,-0.38597580704041773,18.538057323225306,-9.483610689209879,-0.4316865646468303
44.0,0.8101807503164686,0.9635623871527093,0.8622202295347683,0.41001364106251376,0.6647566202018109,0.5928030576673665,0.06868584103606112,0.3948787845298644,0.6190972526589601,0.3587177067900897,0.48890747972452486,-0.6509488646721759,18.582462901334285,-9.504066736484784,-0.4967814511140479
44.1,0.23186148954975183,0.24837508767056457,0.8735739993958549,0.7039663625649561,0.5781775940713991,0.5239174636680062,0.05479595635082453,0.1182630021113422,0.5464957998636379,0.4619574115560677,0.5042266057098528,-0.21134597076892567,18.626790524561954,-9.528098101781884,-0.5179160481909405
44.2,0.5323455955003216,0.7614485108988132,0.44945668715478754,0.7219388896420093,0.5690111943571836,0.5714236731141675,0.2870365991703554,0.1592087299051647,0.40568415623903553,0.4804480358799169,0.4430660960594762,0.18690969910220345,18.665286444993537,-9.550033000115343,-0.49922507828072016
44.300000000000004,0.4479255084933136,0.6090437586362651,0.5219184963746967,0.884836048582392,0.5447940571844097,0.578947690218587,0.2305380182482141,0.0582343998763301,0.41919831488771164,0.5452330189189202,0.4822156669033159,0.31508676007802133,18.70762275346449,-9.573118850308099,-0.467716402272918
44.400000000000006,0.7074353978826053,0.8676211753478023,0.8086334108255262,0.439669050172729,0.5773223253240488,0.63668238724443,0.11950881167819417,0.3717596189545979,0.5083272202692799,0.39998958556733694,0.45415840291830845,-0.2708440867548574,18.748160940352566,-9.593594542072742,-0.4948008109484037
44.5,0.877174492112621,0.24632475521850436,0.45172767903489364,0.6606901531636115,0.6372927586817633,0.5586108608392449,0.35498876785420763,0.13957841621409495,0.41106098751491527,0.48064084160331094,0.4458509145591131,0.1739496352209892,18.787398643671185,-9.614766056388254,-0.4774058474263048
44.6,0.447432051098821,0.7933548072460435,0.8443949081405069,0.47166580414473247,0.5993206171651748,0.6055596501206046,0.08284663400741725,0.33422283285123455,0.5496689213417921,0.4031677883968937,0.4764183548693429,-0.36625283236224604,18.829713638981637,-9.636656366126598,-0.5140311306625294
44.7,0.3310661047483261,0.9624129614037582,0.713803217637045,0.8697922609262475,0.545669714681805,0.6769303123772353,0.13258967700398805,0.07586628619368417,0.4733195434612862,0.625574123565244,0.5494468335132651,0.3806364502598945,18.87755779429162,-9.66367219539856,-0.4759674856365399
44.800000000000004,0.3015444859848999,0.82489918394959,0.5612586918455474,0.9318488558443936,0.496844668942424,0.7065240866917063,0.19539961296503155,0.02410672257327031,0.39976141292733514,0.6894921065424962,0.5446267597349157,0.7243267340379025,18.925966934959334,-9.688626917877619,-0.4035348122327497
44.900000000000006,0.845686277325896,0.41758447601708304,0.4383231934738889,0.8273939489202973,0.5666129906191184,0.6487361645567816,0.3615700559749465,0.06369565953436446,0.36174269988483193,0.6074144866915434,0.48457859328818764,0.6141794670167786,18.970532597091616,-9.707654946925395,-0.3421168655310718
45.0,0.5641582221435419,0.48809911641740267,0.69976600345683,0.7401316769430699,0.5661220369240031,0.6166087549289059,0.1525295011639615,0.11890173970622603,0.4797717250340591,0.543292901249769,0.511532313141914,0.15880294053927477,19.018721325058962,-9.724815936721216,-0.3262365714771443
45.1,0.2823239320174957,0.6591298441536453,0.83366702399552,0.5370426538919506,0.5093624159427016,0.6251129727738538,0.06903680012167251,0.24270832147892074,0.47419766464377305,0.47339285241721346,0.47379525853049326,-0.0020120305663989813,19.063601825110133,-9.740000145137087,-0.3264377745337842
45.2,0.8903427959220891,0.3956411602853628,0.6830587537466428,0.6297876846204394,0.5855584919385791,0.5792186102761556,0.19396030273855128,0.18689858970363557,0.4719833895710428,0.4709634688854424,0.4714734292282426,-0.002549801714001043,19.108259347642434,-9.755118929015413,-0.32669275470518433
45.300000000000004,0.885988158198378,0.6422918307966916,0.9483686017126775,0.8443994968639461,0.6456444251905389,0.5918332543802628,0.030562114650225427,0.07952860433255558,0.6259121662445868,0.5447655816618061,0.5853388739531964,-0.2028664614569517,19.163697310859366,-9.773903183271736,-0.3469794008508795
45.400000000000006,0.5330052788010523,0.7762303371425576,0.56275477480589,0.4467322419801472,0.6231165959126416,0.6287126709327218,0.21930749949135367,0.3378472524434821,0.4864624533714759,0.4163038224816986,0.45138313792658724,-0.17539657722444327,19.20614556994882,-9.789252863148501,-0.36451905857332384
45.5,0.921552807406617,0.3434754802178446,0.882602811675254,0.988848318364897,0.6828038382114366,0.5716652327897463,0.0966574161887661,0.0,0.6168057834461469,0.5716652327897463,0.5942355081179467,-0.11285137664100137,19.261664715656924,-9.810437358680005,-0.375804196237424
45.6,0.572075342333509,0.425845496496722,0.9069079025567968,0.5963805530356714,0.6606581390358511,0.5425012855311415,0.051353562451269624,0.17015641054689956,0.626730990033934,0.4501912140680838,0.5384611020510088,-0.44134943991462533,19.31175305477238,-9.830199996886348,-0.41993914022888656
45.7,0.3605369227623647,0.6510453926593496,0.5823455843608498,0.7736305143352628,0.6006338957811539,0.5642101069567831,0.18408532743202616,0.1305292073710914,0.49006600840950665,0.4905642089049555,0.49031510865723105,0.001245501238622132,19.356524401763927,-9.850190383234244,-0.41981459010502437
45.800000000000004,0.594688540683908,0.8180906103604195,0.5172534543236941,0.9402659783358539,0.5994448247617047,0.6149862076375103,0.27007678802313556,0.02727241837130867,0.4375486918929721,0.5982140464902357,0.5178813691916039,0.401663386493159,19.403815491340715,-9.87129876953443,-0.37964825145570846
45.900000000000006,0.20510230620144326,0.5280288876528159,0.5397986451158459,0.6078542186436438,0.5205763210496523,0.5975947436405714,0.18939871042260073,0.21555739926790632,0.42197983716630644,0.46877877488523867,0.4453793060257726,0.11699734429733058,19.445182100770793,-9.88780425003696,-0.3679485170259754
46.0,0.9607922097147548,0.2011696324284622,0.7943823101055987,0.909403592667353,0.6086194987826729,0.5183097213981496,0.14979625838199334,0.018626981358835597,0.5174505750867042,0.508655175879563,0.5130528754831336,-0.021988498017853075,19.493053383364284,-9.906258865537401,-0.3701473668277607
46.1,0.62385159124801,0.39053407561669257,0.6952173261099386,0.4359370453919138,0.6116659172757403,0.4927545922418582,0.18736883540777563,0.2657993071974257,0.497058786697156,0.3617807630056223,0.42941977485138916,-0.3381950592288342,19.533087074430263,-9.921793247081833,-0.40396687275064413
46.2,0.2744213106864706,0.9370195223776852,0.9383724831588756,0.7118555310952221,0.5442169959578863,0.5816075782690235,0.03328689301864208,0.18934181668596725,0.5261017030345094,0.4714849428012407,0.49879332291787504,-0.1365419005831718,19.578951568294627,-9.941399266372866,-0.41762106280896133
46.300000000000004,0.9796438321346008,0.26792193401319164,0.45734620320243136,0.4801083101505742,0.6313023631932292,0.5188704494178572,0.38823763272190365,0.19467688113676065,0.3862070281753464,0.41785836861115944,0.40203269839325295,0.07912835108953256,19.61569962407716,-9.957705194803276,-0.4097082277000081
46.400000000000006,0.6542565826313667,0.5479863027479883,0.9785309648396445,0.5420630408451379,0.6358932070808567,0.5246936200838834,0.0024988511356137753,0.23035871681842068,0.6343042046182137,0.4038258710385481,0.5190650378283809,-0.5761958339491638,19.663310194400047,-9.978381720828873,-0.4673278110949245
46.5,0.8406534575995963,0.7605804850572337,0.8412117212694208,0.5908346315596604,0.6768452571846046,0.5718709930785535,0.09190908470893187,0.23021838572299116,0.614637029107186,0.4402157762102051,0.5274264026586956,-0.43605313224245223,19.7103975209548,-10.002142398010742,-0.5109331243191697
46.6,0.362170101023387,0.8239495859750903,0.7508248214824773,0.49324633079316205,0.6139102259523611,0.6222867116578609,0.0974250726137322,0.3176840956332507,0.5540999776106396,0.42459612044024386,0.4893480490254417,-0.32375964292598924,19.753082793301584,-10.026071097422344,-0.5433090886117686
46.7,0.525210041527371,0.6287396392720189,0.9787808333501372,0.5245817353662121,0.5961701890673631,0.6235772971806924,0.0031558664823992753,0.25279151975039554,0.5942887555498797,0.46594224454454114,0.5301155000472104,-0.3208662775133464,19.79846082148394,-10.053476552940985,-0.5753957163631033
46.800000000000004,0.2959308450843149,0.326092301652413,0.8116329057703091,0.8958320127637899,0.5361223202707535,0.5640802980750366,0.086682700950978,0.026450939981751544,0.4896497895095793,0.5491598439657652,0.5194048167376722,0.14877513614046475,19.842037692659794,-10.081740840213547,-0.5605182027490568
46.900000000000006,0.868739800790389,0.4622349271078336,0.45472774227480917,0.5489312736767531,0.6026458163746806,0.543711223881596,0.3472912725588118,0.21925889284518302,0.39335218390367377,0.4244977029058178,0.4089249434047458,0.07786379750536004,19.876672806684656,-10.103480319735159,-0.5527318229985209
47.0,0.7417467015912576,0.4081334341769791,0.9944059722447443,0.41864925601525577,0.630465993417996,0.5165956659406726,0.0,0.267400740213,0.630465993417996,0.3784576024773091,0.5044617979476526,-0.6300209773517174,19.91960722007267,-10.129965281560937,-0.6157339207336926
47.1,0.7984627577669674,0.3998821025772409,0.6772259493257433,0.8823380520663101,0.6640653462877903,0.4932529532679863,0.18551316022799466,0.03459722416010659,0.5408724853000447,0.4761877702761392,0.5085301277880919,-0.16171178755976387,19.961121066128555,-10.159335836447251,-0.631905099489669
47.2,0.8642978655157088,0.9860537899868973,0.4784291425263868,0.8942040491130134,0.7041118501333741,0.5918131206117685,0.3316778785265806,0.07867888654520125,0.4705735254357109,0.5452499232391936,0.5079117243374522,0.18669099450870683,20.002104649227867,-10.189337321636092,-0.6132360000387983
47.300000000000004,0.7157480125668014,0.6658590411312506,0.5552923914079155,0.8876482549681686,0.7064390826200595,0.6066223047156649,0.2416037246964177,0.046208575037953024,0.5357607689879328,0.5785911524285151,0.557175960708224,0.1070759586014558,20.04766993824118,-10.221403736294494,-0.6025284041786527
47.400000000000006,0.9219968655466253,0.554745059068791,0.4772749293982027,0.9430467822280918,0.7495506392053727,0.5962468555862901,0.36277211892423417,0.0229857674444775,0.47763456557982553,0.5825416640242826,0.5300881148020541,0.2622677461111428,20.09134418076495,-10.25144528476522,-0.5763016295675385
47.5,0.23415705527234465,0.5687959376015526,0.5007935252374339,0.7443305198840338,0.646471922418767,0.5907566719893426,0.20938644573137738,0.13067029622713164,0.5111094643183707,0.5135623226623407,0.5123358934903557,0.006132145859925053,20.13430271136567,-10.279363832832994,-0.575688414981546
47.6,0.2235858344002332,0.7465703334013463,0.5036843270984735,0.528829663582016,0.5618947048150602,0.6219194042717433,0.1807684079595448,0.2732500011559837,0.46032189358474335,0.4519799263355607,0.45615090996015206,-0.02085491812295656,20.172565457973374,-10.304197252827214,-0.5777739067938417
47.7,0.9067390391149008,0.22771955498520474,0.7715059293075375,0.5474708675471472,0.6308635716750284,0.5430794344144356,0.1432262253689817,0.17345832105170417,0.5405073635812201,0.4488777875231985,0.4946925755522093,-0.22907394014505394,20.214004891798083,-10.331215409080968,-0.600681300808347
47.800000000000004,0.6405509321631844,0.24878325514627422,0.5678655924633829,0.4823416102792389,0.6328010437726596,0.48422019856080334,0.2283402735545948,0.22219751326463075,0.4883070803319774,0.3766276745680871,0.4324673774500323,-0.2791985144097257,20.249681319758196,-10.355658666097824,-0.6286011522493196
47.900000000000006,0.6206512466022238,0.7046035110598043,0.8813008496626765,0.8769077465811221,0.6303710843385724,0.5282968610606036,0.08465419998265224,0.08289680027676218,0.5770075245016936,0.48450274168242236,0.5307551330920579,-0.23126195704817804,20.29261149335072,-10.386867804316482,-0.6517273479541373
48.0,0.48728968787005206,0.6356142448272413,0.6908076912643051,0.9476062099590202,0.6017548050448683,0.5497603378139311,0.15311991228871316,0.024574283711279704,0.5096141620770864,0.5362503712992825,0.5229322666881845,0.06659052305549029,20.334186556157153,-10.418586816092981,-0.6450682956485883
48.1,0.3438526989582954,0.45510205386350366,0.5314121128438567,0.9374588689685882,0.5501743838275538,0.5308286810238456,0.21616798127910397,0.012491027393885083,0.4312442979240766,0.5241980854277168,0.4777211916758967,0.23238446875910063,20.37235928387454,-10.447309946639225,-0.6218298487726782
48.2,0.9932250587444567,0.6235458335723454,0.8601053010701637,0.9997634480868076,0.6387845188109343,0.5493721115335456,0.11650637237334088,0.0,0.5643620517960223,0.5493721115335456,0.5568670816647839,-0.037474850656191716,20.417622213660803,-10.479748760637005,-0.6255773338382974
48.300000000000004,0.7254915371009873,0.41322160085254644,0.8897710969652408,0.9503556895422643,0.656125922468945,0.5221420093973458,0.047293071662783,0.04295461565380551,0.6250957121978116,0.49971360006697707,0.5624046561323943,-0.31345528032708625,20.46321215166706,-10.51268122979708,-0.656922861871006
48.400000000000006,0.37552926883513993,0.8772040723721066,0.8784344124276453,0.612882780739096,0.600006591742184,0.593154421992298,0.068299140850567,0.2657763223613347,0.5590266570215159,0.4355080211228218,0.4972673390721688,-0.30879658974673524,20.502589515725056,-10.543048502722439,-0.6878025208456795
48.5,0.340880294063992,0.6740156073451302,0.883726135215633,0.8185759381597479,0.5481813322065455,0.6093266590628644,0.0672955472883122,0.08446854103247316,0.51129116944247,0.5578577251596331,0.5345744473010515,0.11641638929290765,20.543893032393925,-10.576985472355226,-0.6761608819163887
48.6,0.7604486426811345,0.9580469880560123,0.7381638920699163,0.737865334518411,0.5906347943014634,0.679070724861494,0.14572534412737267,0.1986155787525451,0.5045643356482826,0.544196699829218,0.5243805177387504,0.09908091045233852,20.5847937161002,-10.609801373168686,-0.6662527908711549
48.7,0.9053010879182082,0.5937813791163242,0.5854318432907317,0.6942618520764876,0.6535680530248124,0.66201285571246,0.25810434340087535,0.15364302634938085,0.48487929983105466,0.5602991970786017,0.5225892484548281,0.1885497431188675,20.625876710417803,-10.642099713743796,-0.6473978165592681
48.800000000000004,0.37504715335326183,0.6211588113188087,0.4004100978302985,0.9507377115523878,0.5978638730905023,0.6538420468337298,0.257885340380239,0.012238150173036168,0.44368354467751003,0.6458402296751332,0.5447618871763216,0.5053917124940579,20.669329964168274,-10.674955000619676,-0.5968586453098623
48.900000000000006,0.7735501061526528,0.935024629845765,0.9065704518625904,0.5941532867829024,0.6330011197029324,0.7100785634361368,0.03781435504276078,0.2770090500887525,0.6090645906200206,0.5133803750903065,0.5612224828551635,-0.23921053882428517,20.715748972164445,-10.706498343011893,-0.6207796991922908
49.0,0.933779317984895,0.8194931990559136,0.9078885325474808,0.9164016799549305,0.6931567593593249,0.7319614905600922,0.08046050354934657,0.047426429108629424,0.6373850174626403,0.6972471708177973,0.6673160941402188,0.14965538338789247,20.770030143341664,-10.745314089180361,-0.6058141608535016
49.1,0.9535385707744333,0.5164764498830834,0.46061930210841184,0.5810590922352814,0.7452331216423466,0.6888644824246904,0.35300039603012057,0.19853167287133666,0.48216553456783523,0.5521030643472692,0.5171342994575522,0.1748438244485849,20.81254058723504,-10.774761347061911,-0.5883297784086431
49.2,0.9589548256210587,0.8334740199998973,0.976397260221243,0.7895081593868885,0.787977462438089,0.7177863899397319,0.0031025132553352125,0.15207306026645528,0.7855327519159694,0.6086304170039857,0.6970815844599776,-0.44225583727995926,20.870528626971097,-10.813447450529457,-0.632555362136639
49.300000000000004,0.7548483186340345,0.9430761671883403,0.8721950755573461,0.5339423283883855,0.7813516336772781,0.7628443453894536,0.08048881649559515,0.3026425197359746,0.7184615654156942,0.5319752105344493,0.6252183879750717,-0.4662158872031122,20.92095370248388,-10.85041083898549,-0.6791769508569502
49.400000000000006,0.4454585834383664,0.7507987516791659,0.47640901883412134,0.8372985735615994,0.7141730236294958,0.760435226647396,0.2683240572271178,0.11562076547206461,0.5225432203670712,0.6725131236505012,0.5975281720087862,0.3749247582085749,20.967446770997007,-10.887944740243892,-0.6416844750360927
49.5,0.5132811418220815,0.9954265044381045,0.9791103641725306,0.41942964575625247,0.673994647268013,0.8074334822055378,0.014651339898188044,0.42217868225194566,0.66411972260133,0.466552278681904,0.565336000641617,-0.49391860979856494,21.01273519689431,-10.921782683679615,-0.6910763360159492
49.6,0.9740253484927484,0.3767162003496097,0.7393301476721923,0.9620126761325526,0.73400078751296,0.7212900258343522,0.1653863079263435,0.026934106407831452,0.612607107251163,0.7018627235276222,0.6572349153893926,0.2231390406911482,21.06337911948515,-10.9636726639217,-0.6687624319468344
49.7,0.3903967401195176,0.9859037239522854,0.5007324500509505,0.9311921520370824,0.6652799780342715,0.7742127654579388,0.21129427506654685,0.05613615233219753,0.524710127359232,0.7307514397186601,0.6277307835389461,0.5151032808985703,21.112630222531994,-11.002592944171116,-0.6172521038569774
49.800000000000004,0.7112821503239033,0.9093228121742574,0.6679779604586763,0.5591274643377258,0.6744804124921979,0.8012347748012025,0.18405278648376056,0.2753317334767776,0.5503404131442927,0.580629415333312,0.5654849142388023,0.07572250547254827,21.158743934278792,-11.035323014003762,-0.6096798533097225
49.900000000000006,0.4053263532341719,0.28642768097170346,0.40076869449681396,0.631562258772046,0.6206496006405927,0.6982733560353027,0.2862264673522499,0.1715077024935638,0.44300325798565116,0.5785140970292176,0.5107586775074344,0.33877709760891617,21.20061753329181,-11.064569312439437,-0.5758021435488309
50.0,0.9076415980697821,0.5944655947790781,0.6272275448645555,0.7276143806070725,0.6780480001264306,0.6775118037840578,0.23122639368433068,0.14566480753043837,0.5212654063123235,0.578822177286253,0.5500437917992882,0.14389192743482354,21.246752775294745,-11.094519624195742,-0.5614129508053485
50.1,0.8912405763748616,0.7207756504907818,0.8122962425302687,0.49759390704909306,0.7206865153761168,0.6861645731254027,0.1061751848213946,0.3094011586291433,0.6441674914077709,0.4738644591901316,0.5590159752989512,-0.4257575805440981,21.294073685868245,-11.124280673049729,-0.6039887088597583
50.2,0.4359268904929041,0.45497352636532606,0.9709972788604724,0.4445202410599956,0.6637345903994742,0.6399263637733874,0.0005622508847807524,0.26275367694499924,0.6633614050387625,0.47178335871788674,0.5675723818783246,-0.4789451158021894,21.34078925531449,-11.156514811133803,-0.6518832204399773
50.300000000000004,0.7855880682170535,0.6376370068897852,0.9388745038719841,0.455862811228412,0.6881052859629901,0.6394684923966669,0.04130665476929535,0.30657174901692713,0.6596819584707897,0.4434255182414032,0.5515537383560964,-0.5406411005734663,21.384634616457323,-11.18997672335054,-0.7059473304973238
50.400000000000006,0.5861894291907825,0.22479456324174,0.9654653548611782,0.49899831685714846,0.6677221146085486,0.5565337065656815,0.03404806192630114,0.1816336378542764,0.644987470700796,0.45544846485363233,0.5502179677772141,-0.47384751461790914,21.42650605568074,-11.225672391127018,-0.7533320819591147
50.5,0.28100624877866853,0.36444038137434975,0.5139905545530312,0.8183180222844142,0.5903789414425725,0.5181150415274152,0.20931303427153913,0.09018845324049302,0.46680493383920835,0.4713870473314238,0.46909599058531604,0.011455283730538585,21.460722552154465,-11.25776198216361,-0.7521865535860609
50.6,0.41221181547998126,0.4252184587562122,0.5425289709683474,0.42978126582310594,0.5547455162500543,0.49953572497317456,0.21554208638645855,0.2816468129671411,0.43517451026398457,0.3588430800712496,0.3970087951676171,-0.19082857548183743,21.48971200262145,-11.284887092228393,-0.7712694111342446
50.7,0.3228719476133874,0.48866313698181846,0.6565635744674281,0.5767296693797289,0.5083708025227209,0.49736120737490336,0.15386613173739894,0.21372436332752534,0.4301497536503127,0.39106299998489286,0.4106063768176028,-0.09771688416354965,21.51915356423442,-11.313508245535386,-0.7810410995505996
50.800000000000004,0.3597398406087571,0.22058855418534862,0.5024993150153338,0.5750868796276645,0.47864461013992815,0.4420066767369924,0.20411597613157204,0.1787170874365055,0.380945598321101,0.3630125308430681,0.3719790645820845,-0.04483266869508215,21.545570809487007,-11.339696284754432,-0.7855243664201078
50.900000000000006,0.4466827200941835,0.5179738788064984,0.6934580872723943,0.796624032847603,0.4722522321307792,0.4572001171508936,0.13037883908032516,0.10491520673928637,0.41068053435247603,0.40923287233878164,0.40995670334562884,-0.003619155034235988,21.57455546733586,-11.368688259429591,-0.7858862819235314
51.0,0.3479049764336378,0.9083941541996312,0.621640998959167,0.6674651624766749,0.4473827809913509,0.5474389245606411,0.15669273071579157,0.21919185049274864,0.3772811513625912,0.427444773654434,0.4023629625085126,0.12540905572960698,21.602992934240916,-11.39715350160334,-0.7733453763505707
51.1,0.38099382422613354,0.4148495946183597,0.4369836217960596,0.8513410852691723,0.43410498963830746,0.5209210585721848,0.26140595704011144,0.05269440309784067,0.320627359366018,0.49347143432962826,0.40704939684782315,0.4321101874090256,21.632120486338643,-11.425587246054887,-0.730134357609668
51.2,0.4750331092368374,0.6331592048048177,0.9824233223041454,0.7538358653821622,0.44229061355801347,0.5433686878187114,0.010756881097438959,0.14982556213299988,0.43753294601745657,0.4619581687208024,0.44974555736912947,0.061063056758364626,21.665630344052463,-11.455583914198733,-0.7240280519338316
51.300000000000004,0.8547241718922989,0.5349056599475605,0.7213086471873578,0.9201364082233374,0.5247773252248705,0.5416760822444812,0.17788207566720154,0.05631302721573499,0.4314288453507885,0.511172662282935,0.47130075381686176,0.19935954233036624,21.700937538464206,-11.486803235591978,-0.704092097700795
51.400000000000006,0.5810098248651749,0.26316403981926656,0.9416663208034924,0.828583419478216,0.5360238251529315,0.48597367375943823,0.031141138865058125,0.08548744854424578,0.5193314327788644,0.44442902433007014,0.48188022855446727,-0.18725602112198564,21.737666429688602,-11.517997371196987,-0.7228176998129935
51.5,0.8403602693765486,0.7420279084608243,0.7721638686095817,0.47216912485326,0.5968911139976549,0.5371845206997155,0.15522416274227827,0.30193051757875455,0.5042391905790632,0.3749921203295552,0.4396156554543092,-0.32311767562377,21.770635177128774,-11.547077965025712,-0.7551294673753705
51.6,0.9874943921993065,0.9777319026702056,0.8850764327916179,0.4757115991831239,0.6750117696379853,0.6252939970938135,0.07680661739506561,0.38186311596998096,0.6231663989102343,0.3865172829662456,0.5048418409382399,-0.5916227898599716,21.80739689239268,-11.581678964064391,-0.8142917463613676
51.7,0.5483145964260059,0.9978153814230206,0.7763357273394387,0.9004648712056025,0.6496723349955894,0.6997982739596549,0.10647009035719619,0.08601979106877153,0.5805016627860383,0.6396017726433584,0.6100517177146983,0.14775027464330015,21.849269843989262,-11.626044343668955,-0.7995167188970376
51.800000000000004,0.9313391495188694,0.25360956243888993,0.6328594918088505,0.6384129966142216,0.7060056979002454,0.6105605316555018,0.2399601561332026,0.13620490249692618,0.5365924604011718,0.5273991939728928,0.5319958271870323,-0.022983166070697503,21.88635278935306,-11.66418947133409,-0.8018150355041074
51.900000000000006,0.5665257448980922,0.8987730026982057,0.8719303832966631,0.7738347571532849,0.6781097072998147,0.6682030258640426,0.06834525942966188,0.1459418119907481,0.6317641234326368,0.5706842654917434,0.6012241944621901,-0.1526996448522333,21.928162132410144,-11.70739461169033,-0.8170849999893307
52.0,0.531553919015183,0.3185597930347557,0.7527604799688328,0.8550264327146038,0.6487985496428883,0.5982743792981852,0.14432630973203447,0.07896229669196822,0.5551598492134341,0.5510332602568387,0.5530965547351364,-0.010316472391488363,21.966013272781662,-11.747723871058367,-0.8181166472284795
52.1,0.6501470075818581,0.280792354260359,0.5716557124293234,0.7213800886875501,0.6490682412306823,0.5347779742906199,0.23365275612584485,0.11131531122219787,0.4974116577533787,0.475248997647683,0.48633032770053086,-0.05540665026423919,21.999258668185007,-11.783219160335795,-0.8236573122549035
52.2,0.5064347783016423,0.5884678338290645,0.7653772911714611,0.42247940229862807,0.6205415486448743,0.5455159461983088,0.10893181814199654,0.2949512041838757,0.552944829518338,0.3846153609656112,0.4687800952419746,-0.420823671381817,22.0311142736902,-11.817610557150235,-0.8657396793930852
52.300000000000004,0.6869242112685017,0.7549290025336737,0.4232695194890771,0.9337445283485545,0.6338180811695998,0.5873985574653817,0.3247469593584355,0.029387084102575487,0.42798758652337415,0.570136626655415,0.49906210658939454,0.35537260033010204,22.06345733956863,-11.855617871603089,-0.830202419360075
52.400000000000006,0.796599855871309,0.9366679863249323,0.9382188172896535,0.41213973315596314,0.6663744361099416,0.6572524432372918,0.050915744322363454,0.3887322351452315,0.6324454856980087,0.401757231922995,0.5171013588105019,-0.5767206344375343,22.098347532084325,-11.89378346630636,-0.8878744828038284
52.5,0.4242773225477133,0.5932953706874536,0.8177097068049849,0.45893043416364476,0.6179550133974959,0.6444610287273241,0.10037974397175993,0.2761019180418762,0.5559248473665898,0.46652410259246924,0.5112244749795295,-0.2235018619353013,22.130608980510146,-11.933440793292037,-0.9102246689973585
52.6,0.9793755396826485,0.554488490665143,0.8954939990678503,0.5616519886052582,0.6902391186545265,0.6264665211148879,0.06896295781306,0.23455016676526322,0.6426381874338307,0.47952869411453664,0.5610834407741837,-0.4077737332982352,22.165035284998986,-11.977746276410402,-0.9510020423271821
52.7,0.35034855271408916,0.3691124016847181,0.8943816605530844,0.8445668793520048,0.622261005466439,0.5749956972288539,0.056866526589241836,0.08426641200190041,0.5868751834536334,0.5265428729068473,0.5567090281802404,-0.1508307763669653,22.197372715434003,-12.023062278147474,-0.9660851199638787
52.800000000000004,0.8568139139187683,0.6122157620876455,0.4953834655834003,0.5866738559733453,0.6691715871569048,0.5824397102006122,0.3246017584870868,0.2106417481510893,0.45195731323617866,0.4597535914513415,0.45585545234376007,0.019490695537907055,22.223289215637127,-12.060563970796432,-0.964136050410088
52.900000000000006,0.8810362727897538,0.9034660730878847,0.41736889559211143,0.5156580680989349,0.7115445242834746,0.6466449827780667,0.39343418330099017,0.3338162479732493,0.43159858548971414,0.430784380856366,0.43119148317304007,-0.002035511583370342,22.24787260081384,-12.095988794364985,-0.964339601568425
53.0,0.3995922090594235,0.5651589337024645,0.9508186416046698,0.822780367132022,0.6491540612386644,0.6303477729629463,0.013574502515866713,0.10616904502508152,0.6403421178011951,0.5634243518737834,0.6018832348374892,-0.19229441481852932,22.28217751551248,-12.145443896339435,-0.9835690430502779
53.1,0.6041010999497312,0.7083278472606753,0.47432371533442,0.4183379154291962,0.6401434689808777,0.6459437878224921,0.27962620457467224,0.343063349988205,0.4611425803664904,0.42434414806803766,0.442743364217264,-0.09199608074613189,22.30670792963585,-12.18230140098259,-0.9927686511248911
53.2,0.34206695533108933,0.8963846175347703,0.7521281490534562,0.6098559409867927,0.5805281662509201,0.6960319537649478,0.09481760761090353,0.2727105477652566,0.525483874376263,0.5062166983915871,0.515850286383925,-0.048167939961689665,22.334892601455856,-12.225506024045664,-0.9975854451210601
53.300000000000004,0.7991689075879467,0.7510804300927634,0.5710416258608572,0.6319394024445908,0.6242563145183254,0.7070416490305109,0.2523278865702799,0.22388574647228127,0.46673903799776445,0.5487451016503223,0.5077420698240434,0.20501515913139465,22.362429104407628,-12.268164682016575,-0.9770839292079206
53.400000000000006,0.9719340873618041,0.885688949950642,0.7884279350568892,0.8066171476545825,0.6937918690870212,0.7427711092145372,0.1364886033943854,0.12290596573635612,0.5990971858289534,0.65148010871546,0.6252886472722068,0.13095730721626647,22.39741037530661,-12.319992952394497,-0.963988198486294
53.5,0.21604188599961952,0.8242429314085147,0.8605436370471108,0.40533879164202746,0.5982418724695409,0.7590654736533327,0.0703488926747575,0.3803513437031547,0.5561562191896352,0.470353900790616,0.5132550599901256,-0.214505795997548,22.42667865964766,-12.362155436877579,-0.9854387780860488
53.6,0.6809135603956271,0.20677098169189706,0.5514342648163909,0.8830513415172918,0.6147762100547581,0.6486065752610455,0.24896190521660636,0.06343821084835552,0.461720353517681,0.6074601345820055,0.5345902440498432,0.36434945266081137,22.45621463376064,-12.40671431392279,-0.9490038328199677
53.7,0.7141922490321313,0.5390454405276952,0.6258852713626004,0.6092255195632488,0.6346594178502327,0.6266943483143754,0.20919030273897088,0.2001583455325179,0.5018948220940035,0.5012562444011905,0.5015755332475971,-0.001596444232032368,22.485431062412125,-12.44748416126588,-0.949163477243171
53.800000000000004,0.7417569251098508,0.859448657176531,0.6382915239832722,0.46138726178116013,0.6560789193021563,0.6732452100868065,0.21629299828628573,0.3532420374068446,0.5141736427338668,0.43542670040134385,0.47480017156760534,-0.19686735583130735,22.513081683143096,-12.48608202652289,-0.9688502128263017
53.900000000000006,0.8746271600686217,0.4993838105288572,0.7884052720387542,0.7654300627828101,0.6997885674554494,0.6384729301752167,0.12944405383940044,0.10155133402180473,0.6092050984535493,0.5736351523791129,0.5914201254163312,-0.08892486518609105,22.546570705821615,-12.534828954708289,-0.9777426993449108
54.0,0.251069643117688,0.9906887726574138,0.7843568473687934,0.9168949601510984,0.6100447825878971,0.7089160986716561,0.07679540185517791,0.06630775494936367,0.5631961483594048,0.6619094637212769,0.6125528060403409,0.24678328840468028,22.580806025387766,-12.585624154246064,-0.9530643705044427
54.1,0.9138990381447463,0.43903288953518915,0.48995757781249394,0.859284632982174,0.6708156336992669,0.6549394568443627,0.355451120066143,0.07914327268422534,0.432373465342983,0.6031054048196709,0.5177394350813269,0.42682984869171975,22.610792859535998,-12.627829971429833,-0.9103813856352707
54.2,0.8418909955622493,0.6800266409164573,0.7963181942086774,0.8084534502324291,0.7050307060718634,0.6599568936587816,0.13854702094333052,0.11578269047580023,0.6073508020720338,0.5835453089129163,0.595448055492475,-0.05951373289779377,22.64732029892695,-12.67485475255041,-0.9163327589250501
54.300000000000004,0.9979752796626367,0.40754101816959115,0.651139411648805,0.632964952603275,0.763619620790018,0.6094737185609436,0.22533263398763786,0.1782660073620465,0.5915512002727621,0.5008252721609845,0.5461882362168733,-0.226814820279444,22.680568619667152,-12.718187939160368,-0.9390142409529945
54.400000000000006,0.657633947229473,0.3519321283290806,0.8359299259485422,0.5334179163857613,0.742422486077909,0.557965400514571,0.09376564644548271,0.21705259758674672,0.6728087617351515,0.43685756096935385,0.5548331613522527,-0.589878001914494,22.71333616712779,-12.762961661395359,-0.9980020411444439
54.5,0.9252212044040438,0.737494780769927,0.7043889133640893,0.9072515465467571,0.7789822297431359,0.5938712765656422,0.2117111320196154,0.07024492754815695,0.6140630200610525,0.5521548317703572,0.5831089259157048,-0.15477047072673833,22.74493964760032,-12.811965541005529,-1.0134790882171179
54.6,0.3449086862432006,0.2780824510501675,0.47676648381763204,0.5551911103361248,0.6921675210431488,0.5307135114625473,0.24149092348635762,0.19343681414658823,0.525015347179176,0.42805398058068334,0.47653466387992965,-0.2424034164962316,22.770144104733152,-12.85240794696055,-1.037719429866741
54.7,0.3464546856100761,0.7437698954319427,0.6013794779230712,0.45357989321166353,0.6230249539565342,0.5733247882564264,0.1690390715294266,0.3362587594853621,0.517709394200058,0.38053930617511256,0.4491243501875853,-0.34292522006236364,22.792967962519953,-12.891088670002425,-1.0720119518729774
54.800000000000004,0.44566821706576687,0.8304723494460795,0.5987902821824659,0.5563355412434221,0.5875536065783807,0.624754300494357,0.1836475280549539,0.2945283193271492,0.4796508391304882,0.44074646637734527,0.46019865275391675,-0.0972609318828574,22.814981950410846,-12.931501691877864,-1.081738045061263
54.900000000000006,0.5764292541365441,0.8931146957540317,0.7501447718455483,0.9665805904000462,0.5853287360900135,0.6784263795462919,0.1154147430653732,0.03754181167365851,0.5177731704054049,0.652957024170923,0.585365097288164,0.3379596344137953,22.842482096573,-12.983176298139469,-1.0479420816198834
55.0,0.6003818995941634,0.8939982037585841,0.6290015318833523,0.579013452290478,0.5883393687908435,0.7215407443887504,0.1825583252744564,0.29101004211252646,0.4809331189313563,0.5115651419782764,0.49624913045481633,0.07658005761730022,22.867262548958,-13.026171195213033,-1.0402840758581535
55.1,0.30989220733849915,0.3602372726361148,0.6455151080512624,0.7416421527840724,0.5326499365003746,0.6492800500382233,0.16655114721852382,0.11303826198532144,0.4439364785103634,0.57588656164016,0.5099115200752617,0.32987520782449165,22.893062809770868,-13.07015351126213,-1.0072965550757043
55.2,0.45310676611896716,0.772534764888029,0.8673647064602887,0.6925485074488644,0.5167413024240931,0.6739309930081845,0.06907107852402859,0.17431520503286513,0.48104942334774975,0.5564545737839605,0.5187519985658551,0.18851287609052678,22.920771851195944,-13.114008332929355,-0.9884452674666516
55.300000000000004,0.7075991753221369,0.2037708011391951,0.5641167173208997,0.8567159687289996,0.5549128770037018,0.5798989546343866,0.24088147561122125,0.06524339956414854,0.42124464435538206,0.5420643754303432,0.4816545098928626,0.30204932768740295,22.947262319116696,-13.154234764269221,-0.9582403346979114
55.400000000000006,0.5916616725040131,0.8108553336843995,0.45282480625542676,0.768687843235037,0.5622626361037641,0.6260902304443892,0.2989890958649244,0.1405536646689718,0.3941522388964707,0.5380909541419893,0.46612159651923,0.35984678811379633,22.97406247441505,-13.192371952201743,-0.9222556558865317
55.5,0.9722622721040266,0.5066531360427686,0.42263519108496284,0.5196485507368702,0.6442625633038166,0.6022028115640651,0.3926735072710624,0.22201714679666562,0.39127772296786206,0.4685034615476813,0.4298905922577717,0.1930643464495481,23.000028898504628,-13.226632775792508,-0.9029492212415768
55.6,0.45777050707845524,0.8665829332532513,0.5143460259642427,0.806048885006266,0.6069641520587443,0.6550788359019023,0.2396908957411983,0.11536814986875893,0.461480370768987,0.5795036025857195,0.5204919866773533,0.2950580795418313,23.032262814418328,-13.267499556272771,-0.8734434132873937
55.7,0.7548197977363178,0.47547981925065674,0.4773584802569817,0.6301302857846163,0.6365352811942591,0.6191590325716532,0.3181393499380391,0.16798795569991656,0.4340283606224905,0.5151477724368031,0.4745880665296468,0.20279852953578148,23.0627404248129,-13.303878857991743,-0.8531635603338156
55.800000000000004,0.8590750637395284,0.43856180279531104,0.5744966750856919,0.8366991468680878,0.6810432377033129,0.5830395866163848,0.27772151260776873,0.07115066860690847,0.4919028795770566,0.5415559302043335,0.516729404890695,0.12413262656819218,23.096720712027224,-13.342807418967189,-0.8407502976769964
55.900000000000006,0.9103792350696334,0.9963779278623428,0.605639703554536,0.9408302656867147,0.726910437176577,0.6657072548655764,0.25628509439624664,0.02887012855651501,0.5406141271671611,0.6464882008366024,0.5935511640018818,0.26468518417360337,23.136304872658584,-13.387035510379665,-0.8142817792596361
56.0,0.9584674829655542,0.9345643270731467,0.6420349867006752,0.5370509709014953,0.7732218463343724,0.7194786693070905,0.25371538722994436,0.29719519892568297,0.5770435661769946,0.5056530630595841,0.5413483146182894,-0.17847625779352616,23.173462527487924,-13.426404135768218,-0.8321294050389887
56.1,0.7872612954492169,0.6717542678393933,0.5013908451340883,0.6199548708399091,0.7760297361573413,0.7099337890135511,0.3126186373376533,0.1976268508496769,0.5334283775063345,0.5696318099790241,0.5515300937426793,0.09050858118172384,23.210597207342424,-13.467182438763093,-0.8230785469208163
56.2,0.9012353100795811,0.4046313391402343,0.7208400605163043,0.4291521769490424,0.8010708509417892,0.6488732990388877,0.2041707090403455,0.27012631118336167,0.6375156473134511,0.47359554834413464,0.5555555978287929,-0.4098002474232912,23.248373160841517,-13.507918142513285,-0.8640585716631454
56.300000000000004,0.7228540947206021,0.21579341321131615,0.8138498490264556,0.6500653391077262,0.7854274996975518,0.5622573218733734,0.10487895535480182,0.13707713160679444,0.7030526840223386,0.4851847009660532,0.5941186924941959,-0.5446699576407134,23.286952635094355,-13.55309993501961,-0.9185255674272167
56.400000000000006,0.5795170706621897,0.32250167849954914,0.8171152175325455,0.7781868040977622,0.7442454138904794,0.5143061931986086,0.08930403429220049,0.10162459301102864,0.6777812959265911,0.4620400356317485,0.5699106657791698,-0.5393531507371064,23.321545788416696,-13.598391163893485,-0.9724608825009273
56.5,0.7299863727111175,0.4159817196297513,0.7633806021544025,0.4822981137878854,0.741393605654607,0.4946412984848371,0.15330350255107347,0.22564894369247074,0.6277353691387864,0.38302601197506153,0.5053806905569239,-0.611773392909312,23.35001225916423,-13.64014947404916,-1.0336382217918585
56.6,0.7750129796129344,0.29418765474979147,0.46840753161054877,0.463758224983837,0.7481174804462725,0.454550569737828,0.312220032131608,0.21196479201905138,0.5145402166631197,0.358201852761208,0.4363710347121638,-0.39084590975477923,23.372341207949592,-13.677641004365999,-1.0727228127673365
56.7,0.4103951324909855,0.6185168860740645,0.5210039139893137,0.8220620501477549,0.680573010855215,0.4873438330050753,0.21414393871563808,0.07898066392362174,0.5348324257271185,0.4488530935152518,0.4918427596211852,-0.21494833052966678,23.395838208817366,-13.720849614065196,-1.0942176458203032
56.800000000000004,0.5970837706944742,0.366155187417292,0.9598746067911265,0.5983621697180208,0.6638751628230669,0.4631061038875186,0.001730426356058832,0.186181384391511,0.662726375744185,0.3768843683455815,0.5198053720448832,-0.7146050184965088,23.41968385330215,-13.76703794037361,-1.165678147669954
56.900000000000006,0.9255040354158337,0.868185732210593,0.801413158300984,0.4894866956000597,0.7162009373416203,0.5441220295521335,0.11669652880191163,0.3309103519920531,0.6326227740291778,0.3640664172264067,0.4983445956277922,-0.6713908920069276,23.439324978100753,-13.812838590768118,-1.2328172368706467
57.0,0.7788508935187832,0.28103238287436594,0.5535352616503989,0.5386961718950476,0.7287309285770529,0.49150410021658,0.2925778428904711,0.1820885611964639,0.5155204054464089,0.40200682578598035,0.4587636156161946,-0.2837839491510713,23.454536716662144,-13.85611957458402,-1.2611956317857538
57.1,0.5714218857889187,0.279847132046094,0.5048210853672346,0.4236667119812162,0.6972691200194261,0.44917270658248276,0.25335878916028276,0.2494779176151539,0.5206098600524485,0.33711403509472243,0.4288619475735854,-0.45873956239431507,23.46760321131487,-13.896966758308928,-1.3070695880251852
57.2,0.4501656855702114,0.7908321566337411,0.45699908219834817,0.854922402904743,0.6478484331295832,0.5175045965927344,0.242511990995206,0.10349603972758988,0.49073741974820334,0.46394492030456236,0.4773411700263829,-0.06698124860910246,23.480046552454013,-13.943050477639256,-1.3137677128860954
57.300000000000004,0.7306840219926751,0.3364098210851003,0.6145164425426466,0.6626287100691608,0.6644155509022016,0.48128564149120756,0.23318401904049968,0.16174841458910394,0.5094844624298186,0.4034384520155049,0.45646145722266174,-0.2651150260357843,23.49165016345998,-13.987197129051571,-1.3402792154896739
57.400000000000006,0.27436105234993785,0.8519714316291971,0.5097216521821857,0.6404665085684518,0.5864046511917489,0.5554227995188055,0.2193812149320082,0.221258276424904,0.4577584863715225,0.43253090821017953,0.44514469729085104,-0.06306894540335742,23.50182087343644,-14.030534118723633,-1.3465861100300096
57.5,0.5085723918074514,0.8805372624292673,0.87993945816937,0.7893078903233582,0.5708381993148894,0.6204456921008978,0.0723183355988061,0.12193879654614521,0.5295561308442172,0.5447892910838742,0.5371727109640456,0.0380829005991426,23.513764179000805,-14.082906846991701,-1.3427778199700953
57.6,0.756935898819036,0.2469171165321419,0.96548019279994,0.49563723848929897,0.6080577392157187,0.5457399769871466,0.017448763341268752,0.2047531600761881,0.5974478836263167,0.4339979921191222,0.5157229378727195,-0.4086247287679863,23.525421980691924,-14.133144254829002,-1.3836402928468938
57.7,0.8418118272360768,0.7427145089993645,0.5087563363223813,0.6278504674695325,0.6548085568197903,0.5851348833895902,0.30713094615180997,0.2033578518730728,0.45369658521542694,0.4661431104474822,0.45991984783145456,0.031116313080138125,23.533979495358473,-14.178333098662684,-1.38052866153888
57.800000000000004,0.7475713067051784,0.8708291812376894,0.9840667481352215,0.47839319772904954,0.6733611067968679,0.64227374295921,0.026360391751603707,0.3226917096760843,0.6556110442314089,0.4350173307636446,0.5453141874975268,-0.5514842836694107,23.544292571972942,-14.231880424287825,-1.435677089905821
57.900000000000006,0.5290274109881394,0.23677786030373602,0.556967720337094,0.5885427669243226,0.6444943676351222,0.5611745664281153,0.23484289891579296,0.1695239120651716,0.4931394420047894,0.46604205857574466,0.479590750290267,-0.0677434585726118,23.55075306521108,-14.279402365586133,-1.4424514357630822
58.0,0.8140229746319283,0.6613192064987037,0.7390073354124349,0.9867373345304791,0.6784000890344835,0.581203494442233,0.1700731837787153,0.0010191674733377428,0.563022426016625,0.5806111507453072,0.5718167883809662,0.043971811821705564,23.55807190969957,-14.33611373049738,-1.4380542545809116
58.1,0.6184825401797391,0.7604641474380436,0.4571452830710169,0.7970279577075778,0.6664165792635346,0.6170556250413951,0.2870979605826395,0.11646277662429294,0.4750897384585149,0.5451916136174356,0.5101406760379752,0.17525468789730186,23.564823753478137,-14.386679012055724,-1.4205287857911815
58.2,0.7410364546859529,0.5079012939253715,0.9034198127378724,0.7350065420213128,0.6813405543480182,0.5952247588181904,0.07711349699375034,0.11551689007836671,0.6288000015585821,0.5264662457818671,0.5776331236702246,-0.2558343894417875,23.573471075216833,-14.443791393220913,-1.4461122247353602
58.300000000000004,0.7147189732454504,0.325541898641393,0.9093073448656005,0.9111226908676398,0.6880162381275047,0.5412881867828309,0.06791232646825526,0.021231117623222093,0.6412914547483287,0.529796033621184,0.5855437441847564,-0.2787385528178618,23.580752972987124,-14.501891210160402,-1.4739860800171463
58.400000000000006,0.593318368915521,0.39271345335778496,0.9820870292700401,0.4302104287159264,0.6690766642851079,0.5115732400978217,0.0,0.2661751760686403,0.6690766642851079,0.3754051428427792,0.5222409035639436,-0.7341788036058218,23.58580090637171,-14.55387076366077,-1.5474039603777285
58.5,0.5226215947693783,0.38799999999302975,0.6754567568489411,0.8807567726360332,0.639785650381962,0.4868585920768633,0.16313223929482562,0.0685430860628659,0.5354159845664561,0.45348780169969316,0.49445189313307464,-0.2048204571669074,23.58695744087447,-14.603302425317777,-1.5678860060944193
58.6,0.5576544959310384,0.2949654816429063,0.6984240088399006,0.792023801883023,0.6233594194917773,0.4484799699900719,0.14184861314135133,0.08342472112124892,0.5349367503482708,0.4110656535651841,0.47300120195672746,-0.3096777419577168,23.587095099199086,-14.650602345198372,-1.598853780290191
58.7,0.6457048091238665,0.20013577238266916,0.4545373281469194,0.7625219656370785,0.6278284974181951,0.39881113046859135,0.30928459587101453,0.08243846856547893,0.43365081431790237,0.3659337516258933,0.39979228297189784,-0.16929265673002264,23.585973531027488,-14.690565838289883,-1.6157830459631932
58.800000000000004,0.606670192255572,0.3654809990799187,0.8028846224674937,0.9702130779960194,0.6235968363856705,0.3921451041908568,0.10150192195621441,0.0,0.5603005589667099,0.3921451041908568,0.47622283157878337,-0.42038863693963285,23.583831883299037,-14.738139940469287,-1.6578219096571565
58.900000000000006,0.3783344915170517,0.5635679860828675,0.736090507063641,0.7718547818062507,0.5745443674119468,0.42642968056925895,0.11803662065129139,0.12616039017612546,0.5067270918684067,0.3726311456859607,0.4396791187771837,-0.33523986545611506,23.58001037807054,-14.781941462961951,-1.691345896202768
59.0,0.7727308002265243,0.29121868668459067,0.8555919706474703,0.533048264692114,0.6141816539748624,0.3993874817923253,0.08161210622111875,0.20767490445832315,0.5640569955916035,0.3164447246692539,0.4402508601304287,-0.619030677305874,23.57471601779839,-14.825647045531738,-1.7532489639333555
59.1,0.9715469467634721,0.4335868510466252,0.7131910519624816,0.8212576319559912,0.6856547125325843,0.4062273556431853,0.17933315191357463,0.07118906132494575,0.56269409180972,0.37730841151043204,0.470001251660076,-0.4634642007482198,23.566188219014542,-14.871867045678023,-1.7995953840081775
59.2,0.3123593498577991,0.7734848901183062,0.8329354572707895,0.4641769033117114,0.6109956399976272,0.47967886253820946,0.07542710224478515,0.3140290926536673,0.5649100093884083,0.32904574457019237,0.44697787697930036,-0.5896606620455398,23.556050401314845,-14.915399985819679,-1.8585614502127314
59.300000000000004,0.9441730073225163,0.5143171919321388,0.6742276049757934,0.8688522421892528,0.677631113462605,0.4866065284169953,0.2294374358511013,0.05063557584489172,0.5221571683368181,0.4619669266407171,0.4920620474887676,-0.1504756042402526,23.542085190511543,-14.962582858485591,-1.8736090106367567
59.400000000000006,0.5315762761026642,0.9413012244298486,0.902479742491879,0.7532866647387408,0.6484201459906168,0.5775454676195659,0.06087766633022138,0.1649268102825743,0.6089458407012066,0.4822927358519131,0.5456192882765598,-0.3166327621232337,23.52581449085289,-15.014662301743101,-1.9052722868490801
59.5,0.7267653560001621,0.9649522573006009,0.4807816086583797,0.6992971852615668,0.6640891879925259,0.655026825555773,0.30792006691333906,0.1882192525902044,0.4596028007894423,0.5317381660231312,0.4956704834062867,0.18033841308422213,23.509542906918142,-15.06148246660245,-1.887238445540658
59.6,0.9482466246653221,0.8710528885431332,0.6897591781215557,0.70499973944313,0.7209206753270851,0.698232038153245,0.2275926639971374,0.17837250733876225,0.5568444182987785,0.5736866388035963,0.5652655285511874,0.042105551262044405,23.491952560998925,-15.115202396871624,-1.8830278904144535
59.7,0.6628435085633413,0.7843957293942223,0.4770290692309467,0.6324433475323996,0.7093052419743364,0.7154647764014405,0.29957227475397064,0.2408987776850361,0.49681705714116886,0.5431101862896358,0.5199636217154023,0.11573282287116737,23.47598015893958,-15.164684757885713,-1.8714546081273369
59.800000000000004,0.6032880954825315,0.5077301109949632,0.9877004561230258,0.9495461450182595,0.6881018126759755,0.673917843320145,0.0171529167739014,0.01632676824876774,0.6762988595511737,0.6629149428735477,0.6696069012123607,-0.033459791694065155,23.456149815996614,-15.228641708409299,-1.8748005872967435
59.900000000000006,0.9708748301438022,0.9763933199296806,0.6717074236488201,0.48002309860965614,0.7446564161695408,0.7344129386420521,0.22248999153862795,0.3670744310270946,0.5789778164367947,0.46482872705108436,0.5219032717439396,-0.28537272346427583,23.44052699418558,-15.278438873883157,-1.9033378596431711
60.0,0.7987414927023329,0.43913050796433944,0.8208965862444311,0.9164245276774948,0.7554734314760992,0.6753564525065097,0.11942892960295916,0.05717334064098949,0.6652480482114342,0.6367440679932648,0.6509960581023495,-0.07125995054542367,23.41927546372868,-15.339972044855305,-1.9104638546977135
60.1,0.7060666276058112,0.3607112658602756,0.774500553523233,0.5743476972875504,0.7455920707020416,0.6124274151772628,0.12514863065930454,0.19600567170688712,0.6522822440232456,0.49238816829373083,0.5723352061584882,-0.399735189323787,23.400206763673083,-15.393935556233592,-1.9504373736300922
60.2,0.985068396987894,0.7200691102455823,0.9749958716831179,0.7023360634259499,0.7934873359592121,0.6339557541909268,0.025126028083833976,0.16792987925319872,0.7735501508717343,0.5274956409377739,0.6505228959047541,-0.615136274834901,23.376099224428554,-15.454355974409376,-2.0119510011135824
60.300000000000004,0.29232420182690033,0.48179024197030196,0.6882219534343761,0.7423829165518596,0.6932547091327497,0.6035226517468018,0.1366758109355543,0.12363120114752818,0.5985035595771392,0.5289084213916033,0.5637059904843713,-0.17398784546383966,23.352029887644747,-15.505329609397155,-2.0293497856599663
60.400000000000006,0.7982949787012696,0.8731114419335293,0.5715567881352182,0.9083806548523293,0.7142627630464536,0.6574404097841473,0.2776747806086222,0.060392562413024674,0.5159300070206213,0.6177358988034136,0.5668329529120175,0.2545147294569808,23.326938943878204,-15.556157165958274,-2.003898312714268
60.5,0.22021771300357768,0.31626136930623644,0.8021525072601652,0.5199414503588301,0.6154537530378784,0.5892046016885651,0.08678945751861594,0.19118457036875308,0.5620388556839248,0.4765577730554445,0.5192983143696847,-0.21370270657120063,23.305144596465357,-15.603292225244543,-2.025268583371388
60.6,0.429292438527288,0.4004488059665464,0.9036290886791027,0.8143569102184061,0.5782214901357603,0.5514534425441614,0.03726541744435142,0.09557290631187665,0.5566738249305563,0.4987494343445264,0.5277116296375414,-0.1448109764650747,23.281978678556463,-15.650706736609584,-2.0397496810178954
60.7,0.22584510659386173,0.851220974043575,0.461488003802786,0.9208212241926462,0.5077462134273806,0.6114069488440441,0.21978141773937143,0.06530674601691565,0.3961530307885134,0.5714779505229087,0.48381549065571106,0.43831229933598836,23.260112498054298,-15.693865101270804,-1.9959184510842967
60.800000000000004,0.7939301886982884,0.6490164422326485,0.5425572835397228,0.8705843037225319,0.5649830084815621,0.618928847521765,0.2944567179168522,0.06392742097035457,0.39861996612529227,0.5793623225355448,0.4889911443304185,0.45185589102563123,23.23994493660166,-15.738411625909542,-1.9507328619817335
60.900000000000006,0.7315948548732989,0.9411878489350236,0.6325327891851942,0.9740211820070961,0.5983053777599094,0.6833806478044168,0.2368079204333883,0.010080183763502826,0.45662192546847247,0.6764920452941267,0.5665569853812995,0.5496752995641354,23.21893351749409,-15.791027103137536,-1.8957653320253198
61.0,0.6416996780264508,0.21037219013971065,0.5508046770233834,0.7723370173671094,0.6069842378132178,0.5887789562714756,0.2612949902580533,0.10226120259080865,0.4483822973070211,0.5285697121429934,0.4884760047250073,0.20046853708993076,23.203337484264946,-15.837318050626614,-1.8757184783163268
61.1,0.8639867855641157,0.9291891016589908,0.8227774413356727,0.7885794313300003,0.6583847473633974,0.6568609853489786,0.12461825532357625,0.14387065137893357,0.5763379888153173,0.5623579675214129,0.569347978168365,-0.034950053234761025,23.18624458082425,-15.891626464840353,-1.879213483639803
61.2,0.6827095818309132,0.8209173960978657,0.9785738938756184,0.5765066330826949,0.6632497142569005,0.6896722674987561,0.0,0.27341559295704176,0.6632497142569005,0.5011051155345562,0.5821774148957284,-0.4053614968058608,23.168572535313007,-15.947097215976381,-1.919749633320389
61.300000000000004,0.349581265225859,0.3390361054842441,0.7083081116647443,0.6263189362315874,0.6005160244506922,0.6195450350958537,0.12543588682874954,0.16504481297563792,0.5251897643688446,0.5172923406484735,0.521241052508659,-0.019743559300927638,23.15075055394789,-15.996079859110708,-1.9217239892504816
61.400000000000006,0.30405322409229785,0.6671888461471449,0.5530096888794532,0.5983376732453615,0.5412234643790134,0.6290737973061119,0.1968482032825052,0.21388477566960493,0.4346845978416716,0.49452448928966763,0.4646045435656696,0.14959972861999002,23.134778886270112,-16.03970874461801,-1.9067640163884827
61.5,0.32296270685570383,0.45810402391481597,0.4305132647171361,0.9594291193427145,0.49757131287435147,0.5948798426278528,0.2490395586469809,0.026081146108931332,0.3736563727207241,0.5793646945350177,0.4765105336278709,0.5142708045357339,23.11906914824587,-16.084695709594467,-1.8553369359349092
61.6,0.5924407529229413,0.658141592443944,0.6148513528982437,0.8704188691423009,0.5165452008840694,0.607532192591071,0.19953005613590116,0.06178591259976127,0.4134789079549407,0.5699952616380978,0.49173708479651923,0.3912908842078927,23.105265273867992,-16.13189217829501,-1.81620784751412
61.7,0.3470952780282872,0.2545411752835407,0.7030842102737895,0.649558746262253,0.48265521631291297,0.536933989129565,0.13177940245362246,0.12449088971658423,0.4190512003160734,0.47009059910375073,0.44457089970991204,0.12759849696919331,23.094464177751817,-16.175017219412418,-1.8034479978172007
61.800000000000004,0.37695846488116225,0.37068304814895675,0.5991301089423889,0.6164786947976396,0.4615158660265628,0.5036838009334433,0.16944329824872625,0.18202855771987972,0.3833150954929047,0.41199896510266165,0.3976570302977832,0.07170967402439235,23.08529585444518,-16.2137115728144,-1.7962770304147615
61.900000000000006,0.6243991164854596,0.9973048660834711,0.8942130405551214,0.9886799185691779,0.49409251611834215,0.6024080139634489,0.03850954929049121,0.014669392067190092,0.47506523601482004,0.5935710546222017,0.5343181453185109,0.2962645465184542,23.07334984060451,-16.26579085427531,-1.766650575762916
62.0,0.556533797027754,0.9235971667901537,0.7682206582364766,0.7726790185741803,0.5065807723002245,0.6666458445287898,0.13948689002971326,0.15947955461722474,0.43591939582321587,0.5603294621559148,0.4981244289895653,0.3110251658317474,23.063656113908714,-16.314650972268506,-1.7355480591797414
62.1,0.4567496084056652,0.9327459442389403,0.9669926022591026,0.6315255608704263,0.4966145395213126,0.7198658644708199,0.017542158237029676,0.23933270697157924,0.48790284868622014,0.5475784184705825,0.5177406335784014,0.14918892446090598,23.055164782826466,-16.36572396839203,-1.7206291667336508
62.2,0.9290687413028944,0.8576872513919731,0.6249748252971875,0.8816900425049763,0.583105379877629,0.7474301418550505,0.24969949512092848,0.05783623058741041,0.4375042609198878,0.704201599822741,0.5708529303713143,0.6667433472571329,23.046643498592857,-16.422169680329652,-1.6539548320079376
62.300000000000004,0.9186252871246827,0.3540099103469417,0.7083368200764601,0.9689270917890508,0.6502093613270398,0.6687460955534288,0.18136641530598566,0.03197296770221148,0.5322832202647602,0.647364298239319,0.5898237592520396,0.287702694936397,23.041744263579496,-16.480948232251812,-1.6251845625142978
62.400000000000006,0.6303798647714008,0.2058644689734761,0.43928309326223197,0.802201075685834,0.646243462015912,0.5761697702374382,0.3205442218138584,0.09022561972973928,0.43909385438172777,0.5241844956482239,0.48163917501497583,0.2127266031662403,23.039126004363656,-16.52904093094683,-1.6039119021976738
62.5,0.5393675615529125,0.28314144733893615,0.7226525284144967,0.8216457197605247,0.6248682819233121,0.5175641056577378,0.16209009010998757,0.08471434930880473,0.5235833257994894,0.4737189992213491,0.49865116251041924,-0.12466081644535082,23.037474994146095,-16.578878707622675,-1.6163779838422088
62.6,0.7172489274546763,0.9518008892066507,0.8481344954045573,0.49225274633058735,0.643344411029585,0.6044114623675204,0.08749880890441225,0.33890250613342804,0.5870525413491857,0.39957490303539756,0.49331372219229164,-0.4686940957844704,23.035227167025013,-16.628158841127625,-1.6632473934206558
62.7,0.2700167183473589,0.24341445671315284,0.8765288721855342,0.7348505231906866,0.5686788724931398,0.5322120612366469,0.05337553761209514,0.0944671547785866,0.5383253319451783,0.48193550207277397,0.5101304170089761,-0.1409745746810108,23.03051767243565,-16.678954028737184,-1.6773448508887567
62.800000000000004,0.40691836719294056,0.5104260829158167,0.7781303587754727,0.6598150207835625,0.5363267714330999,0.5278548655724808,0.08334966395423114,0.17844315762133767,0.4916241152644933,0.43366277659394065,0.46264344592921697,-0.1449033466763816,23.025597596411703,-16.72495601165674,-1.691835185556395
62.900000000000006,0.6278674960488018,0.7131381971853117,0.7710096153463613,0.8535763580171065,0.5546349163562403,0.5649115318950471,0.12963168370132006,0.09373049067778338,0.48273665830944007,0.511962096820986,0.497349377565213,0.07306359627886491,23.019592424440027,-16.774327075481978,-1.6845288259285085
63.0,0.25807155583918173,0.9424382001330671,0.46368132512198357,0.872135138597542,0.49532224425282856,0.6404168655426511,0.20831306879775094,0.07002155921440778,0.3921401475087327,0.5955738780701509,0.49385701278944183,0.5085843264035456,23.013987766255987,-16.82339371687359,-1.633670393288154
63.1,0.8122193928163701,0.55014091957458,0.6370679549371706,0.7964338989443442,0.5587016739655368,0.6223616763490368,0.22575129872338082,0.10720455768069885,0.43257404546889,0.5556416681186201,0.4941078567937551,0.30766905662432537,23.010883155673117,-16.87270687064195,-1.6029034876257215
63.2,0.30910516826363743,0.5127940523431922,0.8784907677000795,0.7274346811844936,0.5087823728251569,0.6004481515478679,0.06988179297145446,0.1234405668884383,0.4732277483798639,0.5263284913336842,0.49977811985677406,0.1327518573845507,23.009278785708293,-16.922658924532573,-1.5896283018872666
63.300000000000004,0.74183123640405,0.9313351331076942,0.8770102733394756,0.8375947459695068,0.5553921455409355,0.6666255478598332,0.06831718699159949,0.1272016679023198,0.5174493164803498,0.5818296663057647,0.5496394913930572,0.1609508745635374,23.008243767166718,-16.97761312766215,-1.5735332144309129
63.400000000000006,0.6428193502114232,0.6440557965122096,0.47394109536009943,0.4030179034444031,0.5728775864750331,0.6621115975903085,0.296948204191525,0.33437662278911506,0.4027626159496969,0.44071695767855557,0.42173978681412627,0.0948858543221466,23.00812834187,-17.01978694839043,-1.5640446289986982
63.5,0.9575835113830975,0.44375292187960674,0.8489779520396761,0.9421278255847275,0.6498187714566459,0.6184398624481682,0.09690716957488847,0.024140210762553013,0.586846673578151,0.6035105938247051,0.595178633701428,0.041659800616385134,23.008530185443902,-17.079303455192232,-1.5598786489370597
63.6,0.7167452028480701,0.6100421556380696,0.49657261453863705,0.5324727816144448,0.6632040577349307,0.6167603210861484,0.3087498157178426,0.24211573897887745,0.45843992712594545,0.4674329401735258,0.46293643364973563,0.022482532618950946,23.009035594488456,-17.125594339583234,-1.5576303956751647
63.7,0.3450863878189201,0.8397280428844252,0.9113506766604854,0.9108326334552845,0.5995805237517287,0.6613538654458038,0.05612626152751014,0.07647326725953281,0.5659283104688376,0.6107779745404417,0.5883531425046397,0.11212416017901017,23.009810193804434,-17.184424554599417,-1.5464179796572637
63.800000000000004,0.5690121629516751,0.6397316877433334,0.5743916005120512,0.44041765444288083,0.593466851591718,0.6570294299053097,0.2084811582868149,0.320091297302353,0.46974019496704733,0.4467200273210937,0.45823011114407053,-0.05755041911488401,23.01092717243116,-17.230233949993142,-1.5521730215687521
63.900000000000006,0.5897523281069988,0.46468074534617876,0.47692908795757094,0.7932837884181716,0.5927239468947741,0.6185596929934835,0.26431599116057514,0.1052183118699148,0.4360575293866738,0.5534758863059364,0.49476670784630505,0.29354589229815636,23.01184853831143,-17.279702041090793,-1.5228184323389364
64.0,0.9200948726743374,0.45422874978698036,0.670387586928961,0.7698054581556719,0.6581981320506868,0.5856935043521828,0.212420619992172,0.11424955144700066,0.5183832767627904,0.518778284194524,0.5185807804786572,0.0009875185793339902,23.014335625288446,-17.33150044509311,-1.522719680481003
64.10000000000001,0.6524416063240879,0.4915947485429034,0.5897998956977974,0.6569844357757546,0.657046826905367,0.566873753190327,0.21030595258334261,0.160201534825541,0.5188659680811711,0.47605970787692165,0.4974628379790464,-0.10701565051062373,23.01672633856355,-17.381189249080908,-1.5334212455320655
64.2,0.3772205633652158,0.7918529727508934,0.661674439653813,0.9040660352683931,0.6010815741973368,0.6118695971024403,0.13791924478902803,0.06848533931373955,0.5181808574274399,0.5699655001291185,0.5440731787782792,0.1294616067541965,23.01875934309716,-17.435558570680733,-1.520475084856646
64.3,0.9023086636063693,0.5702787008604882,0.6152449612681581,0.5832830778672011,0.6613269920791432,0.6035514178540499,0.25636050659153853,0.20710379706783819,0.4917888693670757,0.4785536274907987,0.4851712484289372,-0.03308810469069251,23.021199754823936,-17.484014280288836,-1.5237838953257152
64.4,0.6853021328566891,0.8734343962706086,0.9152281932224795,0.48400100122971995,0.6661220202346524,0.6575280135373616,0.050213983512677016,0.3256055952416906,0.6326733800931584,0.4434332133014426,0.5380532966973005,-0.4731004169792896,23.023728342523246,-17.537760161480936,-1.5710939370236443
64.5,0.9090686656631164,0.26116990284577235,0.445239974076026,0.4111781769227412,0.7147113493203452,0.5782563913990437,0.3684411228405924,0.21940733149413333,0.45138229726984236,0.4513826996427524,0.4513824984562974,1.0059322751165833e-06,23.02371490891858,-17.582898409327576,-1.5710938364304168
64.60000000000001,0.6655123923951434,0.5241075740408913,0.7540217871044308,0.9437821464389099,0.7048715579353049,0.5674266279274133,0.14133784338620195,0.030389810164127378,0.6052465320724566,0.5501826404226283,0.5777145862475425,-0.1376597291245707,23.023697721353237,-17.640669865395598,-1.5848598093428738
64.7,0.9989825400094814,0.5776831606263407,0.865118343302457,0.6194911780618058,0.7636937543501402,0.5694779344671987,0.08329453091759649,0.2129638558852614,0.700082241316847,0.4481997177014899,0.5741409795091685,-0.6297063090383928,23.022890305804626,-17.6980782857157,-1.6478304402467132
64.8,0.7865814617703208,0.43279932817149913,0.6788206853022717,0.7062471960062713,0.7682712958341763,0.5421422132080588,0.19327867865343845,0.13906693847156779,0.6197808349279819,0.46674815540101405,0.5432644951644979,-0.3825816988174195,23.018709453833775,-17.752243621437554,-1.6860886101284551
64.9,0.7301427915029575,0.8783854720830933,0.883924034156739,0.7684215859360768,0.7606455949679325,0.6093908649830657,0.05535734372514482,0.15140503726454954,0.7185382753142754,0.5171260183616285,0.617832146837952,-0.5035306423816172,23.01160209592796,-17.813616669921906,-1.736441674366617
65.0,0.5569763550712015,0.3433161471268966,0.969227098967787,0.7956479841717861,0.7199117469885863,0.5561759214118319,0.03479720400391993,0.09880533579455995,0.694860831063806,0.5012227727358871,0.5980418018998466,-0.4840951458197973,23.001741051671008,-17.87260225947019,-1.7848511889485965
65.10000000000001,0.5868027325819447,0.4870364310766448,0.531291470355417,0.6925852890241887,0.693289944107258,0.5423480233447945,0.23314278374187639,0.14689068618828932,0.531654396597842,0.4626821500428153,0.49716827332032865,-0.17243061638756663,22.991180006540155,-17.92118442950928,-1.8020942505873532
65.2,0.23424675267091752,0.3654192597740008,0.9446356555437764,0.6167508187357773,0.6014813058199899,0.5069622706306357,0.020583839658325245,0.16917914522168798,0.5891005110635111,0.4211948270256987,0.505147669044605,-0.419764210094531,22.97959994702441,-17.970353971880794,-1.8440706715968063
65.3,0.2371499660009425,0.9844718256504819,0.5944426660383866,0.8222417517085734,0.5286150378561805,0.6024641816346049,0.16099327953799786,0.13651255560153097,0.44351156929861113,0.52022025654128,0.48186591291994557,0.1917717181066722,22.96659507416729,-18.016752472528033,-1.824893499786139
65.4,0.8678978129739148,0.4106528555073228,0.7266100372530229,0.5043098898678701,0.5964715928797273,0.5641019164091485,0.1830738216522971,0.2247415278282803,0.48727325886420253,0.43732478986449563,0.4622990243643491,-0.12487117249926724,22.954974186231087,-18.061497962165053,-1.8373806170360658
65.5,0.7226692372454799,0.8683752541413157,0.7099977385323633,0.6257972686261271,0.6217111217528778,0.624956583955582,0.18712066073587633,0.24289504748172924,0.5053761258636364,0.4731577248216715,0.489266925342654,-0.08054600260491235,22.942085039850827,-18.108696385315945,-1.8454352172965571
65.60000000000001,0.48231840620778055,0.894175537496998,0.6921169376045053,0.6892660538278756,0.5938325786438583,0.6788003746638651,0.15593242511126212,0.204433940565276,0.5012348245458472,0.5400305392141455,0.5206326818799963,0.09698928667074558,22.92796551388189,-18.15880848845309,-1.8357362886294826
65.7,0.31117464566170394,0.3324846579431937,0.44625293544474814,0.7860862014329859,0.5373009920474274,0.6095372313197308,0.2235096221716814,0.08009958906080811,0.41720905032243727,0.5607135495737576,0.48896129994809745,0.3587612481283009,22.915161997440986,-18.205998545617888,-1.7998601638166525
65.8,0.48977835537207287,0.7738421667632764,0.47099813369412563,0.5382077995595947,0.5277964647123565,0.6423982184084399,0.2747849306939001,0.29028959728039333,0.3827659497358862,0.4559166982930117,0.4193413240144489,0.18287687139281375,22.905640185367286,-18.246837333003107,-1.781572476677371
65.9,0.585213319511589,0.5830517141760657,0.526422370631058,0.4967477559175755,0.5392798356722031,0.630528917561965,0.2662654632782637,0.2492423481809828,0.39568824039031797,0.4733744095528076,0.43453132497156277,0.194215422906224,22.896548967239468,-18.28932879657837,-1.7621509343867487
66.0,0.2345154650681323,0.6587892090818146,0.4966774842205228,0.777724254932893,0.4783269615513889,0.6361809758659349,0.17977915489033708,0.12814664040568288,0.3923337446424174,0.5546565211187066,0.473495132880562,0.4058069411907229,22.887543612944302,-18.335814063089753,-1.7215702402676765
66.10000000000001,0.24472960332835536,0.4066077168133668,0.5080225237457783,0.9749430018907322,0.43160748990678216,0.5902663240554213,0.19972812483213612,0.014136635042773422,0.3454033352841955,0.5819219444542104,0.463662639869203,0.5912965229250373,22.88057924657924,-18.38165430782337,-1.6624405879751727
66.2,0.21489602850978953,0.775637839603271,0.797047037577495,0.5700727758433843,0.38826519762738365,0.6273406271649913,0.06176134307573845,0.2603334310443504,0.36428541755234944,0.4640228892616145,0.414154153406982,0.24934367927316264,22.876789072046524,-18.422895927637025,-1.6375062200478565
66.3,0.9942206589663831,0.8938419191936755,0.5023400703938178,0.8982181448225685,0.5094562898951835,0.6806408855707281,0.35124504071999163,0.07870995487200277,0.33051229460589393,0.6270676721834161,0.478789983394655,0.7413884439438053,22.873597437648343,-18.47066842968432,-1.563367375653476
66.4,0.856362544104398,0.34550732149607977,0.7957892500347119,0.5587124191271738,0.5788375407370264,0.6136141727557984,0.14018207186219317,0.18708036127500305,0.49769489500489345,0.49881901163318154,0.4982569533190375,0.0028102915707202414,22.873967586899816,-18.52049275009955,-1.563086346496404
66.5,0.5627761161120735,0.6724767927458459,0.5378882723072679,0.6312771296451085,0.5756252558120358,0.625386696753808,0.22700250019218263,0.19789383237731437,0.44495688356893903,0.5016265266154075,0.4732917050921733,0.14167410761617122,22.874332490256755,-18.56782051390295,-1.5489189357347868
66.60000000000001,0.8876733536084844,0.6034876208565702,0.6518770076029636,0.48973671617587367,0.6380348753713255,0.6210068815743605,0.21189664243975836,0.2752887826330101,0.502837427520672,0.45005065313903286,0.47644404032985244,-0.13196693595409772,22.875374742370475,-18.615453516602653,-1.5621156293301965
66.7,0.6917985355842935,0.2312292508945026,0.8703209409032611,0.7019975248830757,0.6487876074139192,0.5430513554383889,0.059489087263641716,0.11625313557397415,0.6101918248209032,0.4799199325909794,0.5450558787059413,-0.32567973057480937,22.87584788294665,-18.66995705086525,-1.5946836023876774
66.8,0.30426307262173147,0.6827797206597684,0.896513067191244,0.938181371708519,0.5798827004554816,0.5709970284826648,0.05463579762637523,0.04139826019427663,0.54820034658636,0.5473587449273807,0.5477795457568704,-0.002104004147448213,22.874539511284144,-18.724719377980602,-1.594894002802422
66.9,0.6176353837292434,0.4963019601990241,0.4260629700018889,0.7178899113638233,0.587433237110234,0.5560580148259366,0.3031540863583176,0.15272975042398754,0.4093504508175721,0.4711314130003134,0.44024093190894276,0.1544524054568533,22.87347873562191,-18.76873068943885,-1.5794487622567368
67.0,0.8316444681207638,0.5049891969592442,0.7534288516847238,0.844836425369347,0.63627548331234,0.5458442512525982,0.16645672617431603,0.08575974809551826,0.5303631494151871,0.4990327857657886,0.5146979675904879,-0.0783259091234964,22.873033402083887,-18.82019855957603,-1.5872813531690864
67.10000000000001,0.2781735266774261,0.30710648449968114,0.6862847422027241,0.5395077343735935,0.5646550919853572,0.4980966979020148,0.14338361908483369,0.18604641074260783,0.4836928013618171,0.40542759505459985,0.44456019820820847,-0.19566301576804307,22.872300576617334,-18.864648538936486,-1.6068476547458908
67.2,0.9014130505545797,0.5269173637497722,0.5134126082307224,0.8254893023236647,0.6320066836992018,0.5038608310715662,0.33299960689344466,0.09225378184121769,0.421548706473338,0.4573777638835553,0.43946323517844665,0.08957264352554326,22.870716596464025,-18.908566307067492,-1.5978903903933364
67.3,0.29426288318492083,0.20575524196046518,0.7927276724819184,0.8126600420666656,0.5644579235963456,0.44423971324934597,0.07921478792056325,0.06611125032035858,0.5197445088885796,0.41487047036447416,0.4673074896265269,-0.26218509631026354,22.86945062548197,-18.955279904831773,-1.6241089000243627
67.4,0.3238228644494509,0.7212607478223454,0.5521796357391904,0.9129861557607571,0.5163309117669667,0.4996439201639459,0.18929436042107017,0.04583378519598908,0.4185923820584107,0.47674334805266966,0.4476678650555402,0.14537741498564738,22.867065123297465,-18.999983087641965,-1.609571158525798
67.5,0.42044843430399104,0.7444845640507587,0.8529831403659001,0.6479368949775619,0.4971544162743715,0.5486120489413084,0.08018179794855025,0.20975986069140118,0.4572916813194304,0.4335352619817554,0.44541347165059286,-0.05939104834418743,22.86533847279824,-19.04449095532097,-1.6155102633602167
67.60000000000001,0.49617037510331763,0.6439290850386629,0.5522665872656178,0.5839918520047567,0.49695760804016076,0.5676754561607793,0.21695509812599156,0.24017412716029868,0.38914012142334964,0.4313344989670398,0.4102373101951947,0.10548594385922538,22.863504751471865,-19.085473683059117,-1.6049616689742943
67.7,0.7886259444836885,0.8839991382588777,0.7955697094757219,0.8486885170479326,0.5552912753288664,0.630940192580399,0.12368049463220565,0.10686959079274254,0.4866125757312439,0.5635118723846376,0.5250622240579408,0.19224824163348433,22.86171120738956,-19.137949263960632,-1.585736844810946
67.8,0.329436094166509,0.3715665132304641,0.6403365438554337,0.6030627077856081,0.5101202390963949,0.579065456710412,0.15731653510992,0.18595892626899335,0.4298698905923062,0.4713830661410795,0.45062647836669284,0.1037829388719333,22.861037973134813,-19.183006882469492,-1.5753585509237527
67.9,0.7654319468262958,0.3285904073065738,0.9787421508247105,0.4031743800835432,0.5611825806423751,0.5289704468296443,0.0,0.24330529282410598,0.5611825806423751,0.40026913736845954,0.4807258590054173,-0.402283608184789,22.86081865598429,-19.23107896808217,-1.6155869117422315
68.0,0.9406894302382793,0.5483019476422113,0.43844827382158635,0.5330621467717072,0.637083950561556,0.5328367469921578,0.3629654166605939,0.22400074324106942,0.4058445089982036,0.41348091963976075,0.40966271431898216,0.019091026603892808,22.85898436619162,-19.27200415318851,-1.6136778090818422
68.10000000000001,0.5074608083408176,0.9875584805050186,0.7683793544300284,0.7126033259323354,0.6111593221174083,0.6237810936947299,0.12496578695109467,0.2036463138706468,0.5347853164765088,0.4967503733015976,0.5157678448890533,-0.0950873579372781,22.856773354975704,-19.323533524692714,-1.62318654487557
68.2,0.9565726862764863,0.8561829875425764,0.7841747887180822,0.6633832291247415,0.6802419949492239,0.6702614724642992,0.13539685394566964,0.2225426211888168,0.5881393689113729,0.521099727500218,0.5546195482057954,-0.16759910352788704,22.85386902009795,-19.37891938273823,-1.6399464552283587
68.3,0.8431279272923069,0.4288052093669563,0.42016561083775505,0.7597089477354937,0.7128191814178405,0.6219702198448307,0.37013268869365246,0.1025693765821895,0.4489815012472468,0.5581751221426591,0.5035783116949529,0.27298405223853073,22.850389544144406,-19.42915686284207,-1.6126480500045055
68.4,0.33558631345048173,0.22884890651547904,0.5435539751724263,0.40017236311277404,0.6373726078243688,0.5433459571789604,0.18450241338669274,0.2547289363390182,0.5197758234542027,0.4049400194426581,0.4623579214484304,-0.28708951002886146,22.848455061413873,-19.475352168359258,-1.6413570010073917
68.5,0.8237383031811338,0.4825021306852224,0.6370858702307237,0.7516480991258192,0.6746457468957218,0.5311771918802128,0.22916245475299526,0.131914720400717,0.5200422714484303,0.46110710113009656,0.49057468628926343,-0.14733792579583432,22.84499640501832,-19.524287563772145,-1.656090793586975
68.60000000000001,0.25489373754964717,0.2721326860761204,0.5706962722218276,0.8978588814695799,0.5906953450265069,0.47936829071939435,0.18916220997832775,0.035684520266856756,0.47895810813738204,0.46226226323392966,0.4706101856856558,-0.04173961225863096,22.840987225889336,-19.571177498208254,-1.6602647548128382
68.7,0.9706301320523911,0.4212062789576978,0.7638180447953513,0.5167151158515766,0.6666823024316837,0.46773588836705504,0.17974126914135144,0.22940678520582342,0.5468519792785346,0.36043410189137903,0.4536430405849568,-0.46604469346788885,22.836933965425743,-19.616360361799728,-1.706869224159627
68.8,0.4088860045375513,0.5257077008857614,0.463878973835546,0.44343158231602237,0.6151230428528572,0.4793302508707963,0.24029133456284324,0.3018880652108078,0.46731430596538714,0.33462616883840046,0.4009702374018938,-0.3317203428174667,22.831494669077884,-19.656086743060314,-1.7400412584413738
68.9,0.842353794057886,0.9653674796682201,0.9256678277458402,0.8878884097638245,0.660569193093863,0.5765376966302811,0.05034100175474662,0.0846927048528618,0.6273154781851933,0.5277091596530239,0.5775123189191086,-0.24901579633042348,22.821767160321116,-19.71301283864415,-1.764942838074416
69.0,0.9728443645064848,0.6505348830439441,0.8619803156403001,0.8544839710280034,0.7230242273763874,0.5913371339130137,0.11356412316809372,0.0798740470202907,0.6409146149650995,0.5441046438740017,0.5925096294195507,-0.24202492772774448,22.810335922322874,-19.771150635363465,-1.7891453308471905
69.10000000000001,0.5685763531716097,0.6694612137199836,0.4164104185192443,0.4697609808645536,0.6921346525354318,0.6069619498744077,0.29050513926558647,0.30640796056780534,0.49106597891008796,0.4209839766711319,0.4560249777906099,-0.17520500559739013,22.80045759482,-19.815670366376075,-1.8066658314069295
69.2,0.9953584266923805,0.7415303808520799,0.5379580831534925,0.5894384164173572,0.7527794073668216,0.6338756360699421,0.3407893287061952,0.24560619873789447,0.496240218466435,0.4781918506222387,0.4872160345443368,-0.045120919610490834,22.7890719162405,-19.863042942477186,-1.8111779233679786
69.3,0.20777855337153994,0.865741635938583,0.5489545656172465,0.45580565809725504,0.6437792365677653,0.6802488360436703,0.17974857413045314,0.3645539700814859,0.5280608367399178,0.43226142222064046,0.4801611294802791,-0.2394985362981933,22.777640563297307,-19.909678457618824,-1.8351277769977978
69.4,0.2608230564269513,0.9451169918685303,0.6859332724535738,0.6121227557297027,0.5671880005396025,0.7332224672086423,0.1427590058990039,0.25376195430744064,0.4862168054247252,0.5471585009876538,0.5166876532061895,0.15235423890732167,22.764141375135605,-19.959552631584234,-1.8198923531070657
69.5,0.9576944872507827,0.746485846819015,0.9459564753927328,0.6993996042182098,0.6452892978818385,0.7358751431307168,0.024902593181145283,0.1893548577439706,0.6292199210125402,0.5965336100858759,0.612876765549208,-0.08171577731666074,22.749032247609467,-20.018948705216246,-1.8280639308387316
69.60000000000001,0.8981939987266385,0.36542290585760795,0.5216599352729641,0.5498172603681745,0.6958702380507985,0.661784695676095,0.3201027655807173,0.18709747858187425,0.47312025036542577,0.5379664477510246,0.5055433490582252,0.1621154934639972,22.73616925139922,-20.067839237083525,-1.811852381492332
69.7,0.28535143208431296,0.9361505036263917,0.8054872749259159,0.79805444699227,0.6137664768575014,0.7166578572661544,0.08510869039666019,0.14677400686905873,0.5615296158027874,0.6114711120010069,0.5865003639018971,0.12485374049554882,22.722167829106365,-20.12479349014989,-1.799367007442777
69.8,0.6331791636824196,0.2338105013847982,0.6893752487206304,0.77240048489906,0.6176490142224851,0.6200883860898831,0.17155348858563169,0.10898037039953504,0.5116891711111413,0.5525109240933578,0.5321000476022495,0.10205438245554116,22.71011120767101,-20.176619569358603,-1.789161569197223
69.9,0.9175998185546361,0.8950150684996427,0.6944832109639281,0.9906368096065327,0.6776391750889152,0.6750737225718351,0.22043216997168172,0.0,0.5282657012662453,0.6750737225718351,0.6016697119190402,0.36702005326397447,22.697076997452577,-20.235357749330316,-1.7524595638708256
70.0,0.3776742264638506,0.6613321490779278,0.4324889027732705,0.8795619506679886,0.6176461853639024,0.6723254078730536,0.2551198580944031,0.06962195422147355,0.4600723782013142,0.6255167991041823,0.5427945886527483,0.4136110522571704,22.687270561544953,-20.28874401600534,-1.7110984586451086
70.10000000000001,0.6019801696973381,0.5149735382819183,0.8118031879182337,0.5048802172714294,0.6145129822305895,0.6408550339548266,0.12083563098340347,0.2584551520964594,0.5402579182752633,0.47522274868225023,0.5077403334787567,-0.16258792398253258,22.68017020475056,-20.339019133069385,-1.727357251043362
70.2,0.568056472037144,0.7513684392477191,0.4070919871662694,0.5264514314208686,0.6052216801919004,0.6629577150134051,0.31583482621445014,0.27740579812287386,0.414071596007274,0.47904940095839466,0.4465604984828343,0.16244451237780164,22.6732073387093,-20.383129010472796,-1.7111127998055817
70.3,0.6902224770894172,0.40776061527223845,0.7291380402275132,0.5422834915045271,0.6222218395714038,0.6119182950651717,0.15489440765066825,0.21649382032392966,0.5258431563036821,0.479441765640407,0.5026424609720446,-0.11600347665818758,22.66617755796473,-20.43289924875235,-1.7227131474714006
70.4,0.49273932089754147,0.5990160132881575,0.5263194892663938,0.8204275760897805,0.5963253358366313,0.6093378387097689,0.2303569436073456,0.11107147364957493,0.45895765407768097,0.5416577870138278,0.5003077205457545,0.20675033234036716,22.658606243451334,-20.482353807176384,-1.702038114237364
70.5,0.42370362550454727,0.34391138298159674,0.47868349989923437,0.7455356375247773,0.5618009937702144,0.5562525475641344,0.23389109646143083,0.09533937470629861,0.4304007433441775,0.5032197775005842,0.46681026042238083,0.18204758539101681,22.652497314571754,-20.528633383452537,-1.6838333556982623
70.60000000000001,0.4159592855220293,0.3886441383084061,0.659331251038501,0.6285300293388808,0.5326326521205774,0.5227308657129888,0.14471610586903466,0.18755475869021837,0.4555521288469912,0.4246902043342602,0.4401211665906257,-0.07715481128182752,22.647532903469266,-20.572364619831312,-1.691548836826445
70.7,0.3196384458123864,0.8445346892460721,0.5059643659957678,0.6997586956671105,0.4900338108589392,0.5870916304196054,0.23119827390487363,0.20547366657717817,0.3767388396333251,0.4664597605005155,0.4215993000669203,0.22430230216797603,22.6424543490023,-20.614217552616186,-1.6691186066096475
70.8,0.6136055799364005,0.7764482636197045,0.871199762016327,0.5800205092920692,0.5147481646744315,0.6249629570596252,0.07273862736753758,0.25914416650701605,0.4773060897360542,0.46300745245464864,0.4701567710953514,-0.03574659320351392,22.637839104972816,-20.661006156106954,-1.672693265929999
70.9,0.5187215214906621,0.7524345407685153,0.43602182663440997,0.8882908415241078,0.5155428360376776,0.6504572738014033,0.2852740754540518,0.07232876778023195,0.3684718301300693,0.6034105006936588,0.48594116541186405,0.5873466764089736,22.632896077508065,-20.709348214833295,-1.6139585982891016
71.0,0.5598838552510335,0.46772523081165024,0.616577212633073,0.7362100208885587,0.5244110398803488,0.6139108652034526,0.21816951059402576,0.11879807829780886,0.41000053995954894,0.5409794341711373,0.47548998706534307,0.32744723552897076,22.63084439189722,-20.756852928958825,-1.5812138747362046
71.10000000000001,0.21586826689100802,0.296989991373363,0.920421150384482,0.9778699365507485,0.4627024852824806,0.5505266904374347,0.018703398649203132,0.01230376027486347,0.4540483762442653,0.5437531420133785,0.4989007591288219,0.2242619144227831,22.630324669040235,-20.806740297728336,-1.5587876832939263
71.2,0.7193047615196602,0.33963106858356673,0.8681854588595422,0.6130654230345352,0.5140229405299165,0.5083475660666611,0.0843980067799755,0.16814612440049836,0.4706404289100097,0.4228708929841257,0.4467556609470677,-0.11942383981470989,22.630861149092375,-20.851412642585487,-1.5707300672753972
71.3,0.7892209318097241,0.9117059593105765,0.6286425990477075,0.5719141459334735,0.569062538785878,0.5890192447154442,0.23390892151062878,0.2703350594506847,0.4359537340663729,0.4297866921776972,0.43287021312203505,-0.015417604721689182,22.630864017269605,-20.89469966380267,-1.5722718277475662
71.4,0.33406042838442707,0.8461737151656548,0.6024329859993599,0.7787640449955022,0.5220621167055878,0.6404501388054863,0.17526016995857233,0.15520843736865267,0.43056542140283444,0.5410468735489501,0.48580614747589224,0.2762036303652891,22.630792336552272,-20.943280225667767,-1.5446514647110374
71.5,0.25707526254124596,0.3295995911575883,0.536930763632724,0.5901269450173368,0.4690647458727194,0.5782800292759067,0.17819248322751632,0.16769840866914348,0.3854809340111756,0.48130338860119143,0.4333921613061835,0.23955613647503954,22.631925305296352,-20.986604630298892,-1.5206958510635336
71.60000000000001,0.7157154345241505,0.41699848108107923,0.6669390325887831,0.9176838901882015,0.5183948836030057,0.5460237196369412,0.18979563383888343,0.041901900988589286,0.420005798090739,0.5231442877992929,0.47157504294501595,0.2578462242713847,22.634286930437202,-21.03370296294433,-1.494911228636395
71.7,0.9724208262579956,0.5311912486989385,0.5103317194620304,0.4138606553899046,0.6092000721340036,0.5430572254493407,0.3464768343999129,0.3068635414453798,0.3981263596248154,0.376412762040454,0.3872695608326347,-0.054283993960903554,22.63722290957718,-21.072318467006358,-1.5003396280324854
71.8,0.9523498698703965,0.7605575427397475,0.4480388427253283,0.5001462790237915,0.6778300316812822,0.586557288907422,0.3599727742662957,0.2845748193785028,0.43382967469595995,0.41963785436144807,0.42673376452870404,-0.03547955083627971,22.640227047869814,-21.114885968824144,-1.5038875831161134
71.9,0.902952781159793,0.6387469950546351,0.4158189480197446,0.6382075124561017,0.7228545815769843,0.5969952301368646,0.3968493327139906,0.18430534001959953,0.43599022322890724,0.4869658212564107,0.461478022242659,0.12743899506875864,22.64331243603658,-21.160930512800498,-1.4911436836092375
72.0,0.40996181141198973,0.32421948960012953,0.7928996053260099,0.9312827902578393,0.6602760275439854,0.5424400820295177,0.08846624572207176,0.019422807162995243,0.6018638862468858,0.531904372918779,0.5668841295828324,-0.17489878332026698,22.64782304480824,-21.21743918976464,-1.5086335619412643
72.10000000000001,0.4273402240464712,0.7011845477009517,0.47876626637611835,0.9031106673357248,0.6136888668444825,0.5741889751638045,0.22661062801092433,0.0627836863719335,0.4746204473255418,0.5381392746288983,0.5063798609772201,0.15879706825839127,22.65096881513112,-21.26797936947454,-1.4927538551154251
72.2,0.8882950539307142,0.46016105332518303,0.6856928443932242,0.9849889272640567,0.6686101042617288,0.5513833907960802,0.20759450983393618,0.0,0.5298103173974983,0.5513833907960802,0.5405968540967893,0.05393268349645486,22.655183485225834,-21.321874509724715,-1.4873605867657798
72.3,0.5558759458965952,0.9756338116436369,0.8185737261442285,0.5062219839878273,0.6460632725887021,0.6362334749655916,0.09867145074622255,0.34607391685640976,0.5823152722085226,0.4160496642490848,0.49918246822880374,-0.4156640198985946,22.659343620354814,-21.371619103818734,-1.5289269887556391
72.4,0.7086809091406685,0.65118758937703,0.7140758826127045,0.7837169492264873,0.6585867998990954,0.6392242978478793,0.15921527372285724,0.11510798262114447,0.5537297222829003,0.5656444784801923,0.5596871003815462,0.029786890493229967,22.661686308583405,-21.427538763288357,-1.525948299706316
72.5,0.6317344977088477,0.8437662129971624,0.6651161833459207,0.6194699931690267,0.6532163394610458,0.6801326808777359,0.17548049063564744,0.2347332637904374,0.5385896157211999,0.520482916884765,0.5295362663029825,-0.045266747091087245,22.66406037823244,-21.48043914482387,-1.5304749744154247
72.60000000000001,0.20007387711594246,0.8523038313287106,0.9087678930296024,0.6063309503499965,0.5625878469920251,0.7145669109679309,0.03343881484448988,0.23264365503574816,0.5437755761426987,0.5483274530327474,0.546051514587723,0.011379692225121918,22.666261535228614,-21.53499991345586,-1.5293370051929125
72.7,0.9376707165952423,0.9575660094944995,0.6862402422708742,0.4054795597457999,0.6376044209126686,0.7631667306732446,0.20902667459695468,0.39779006281120655,0.5043280891009765,0.45958658894331145,0.481957339022144,-0.1118537503941626,22.66825912527748,-21.58315423206146,-1.5405223802323287
72.8,0.38497231481532684,0.20577438800461403,0.6241863259162201,0.6470415214396807,0.5870779996932002,0.6516882621395185,0.17303742059123278,0.13072955271961886,0.48549153694042824,0.5664933471173935,0.5259924420289108,0.2025045254424132,22.669851268756645,-21.6357293741902,-1.5202719276880874
72.9,0.33061559626423104,0.7896942832827019,0.6338339619119175,0.6270148361649771,0.5357855190074063,0.6792894663681551,0.1487931036499557,0.22660282511256644,0.45606432874359204,0.5253605542199234,0.49071244148175774,0.17324056369082852,22.67232950919301,-21.684737999212633,-1.5029478713190045
73.0,0.39164945195084844,0.8116306352612916,0.9459726420635709,0.8845449642565454,0.5069583055960948,0.7057577001467824,0.03205773304653141,0.0635063225118046,0.4907063715695733,0.6609376240260714,0.5758219977978223,0.42557813114124515,22.676233375716656,-21.74218771250734,-1.46039005820488
73.10000000000001,0.7943415137049215,0.8470469192792298,0.6477423259079484,0.9120892140349625,0.5644349472178601,0.7340155439732718,0.20489874700870322,0.047742871930403,0.44878293376499706,0.6989715338624308,0.5738772338137139,0.6254715002435843,22.68255647587474,-21.7992260259404,-1.3978429081805217
73.2,0.7095141676386774,0.6941835311220124,0.5632804782709744,0.7736522681653322,0.5934507913020236,0.7260491414030199,0.24247090940092053,0.11153088253885943,0.44955623825032603,0.6450722398957599,0.547314239073043,0.48879000411358464,22.69197534078195,-21.853140900945178,-1.3489639077691633
73.3,0.2397056577784789,0.6279766024478131,0.5115625588849154,0.46136409319392385,0.5227017645973147,0.7064346336119786,0.18413152489254256,0.3054989084152645,0.4264558916179883,0.4906196241767818,0.45853775789738505,0.1604093313969837,22.702063974298092,-21.897871072283465,-1.3329229746294649
73.4,0.7816856563580281,0.3862483983647644,0.4904102162184932,0.6961477319174472,0.5744985429494573,0.6423973865625358,0.3058890591326343,0.13056372858744286,0.39876572417357853,0.5585235885381022,0.4786446563558404,0.39939466091130926,22.713342584508656,-21.94438773620402,-1.2929835085383339
73.5,0.8395698815488561,0.9983707569324796,0.6782106803220576,0.8748548285591772,0.6275128106693371,0.7135920606365245,0.19781259018709482,0.10126191521809767,0.5033828762152515,0.6413323618920411,0.5723576190536463,0.34487371419197416,22.729039663135566,-21.99942894043747,-1.2584961371191365
73.60000000000001,0.9613152333860864,0.24483067552151427,0.865391746427514,0.44283081684943415,0.6942732952126869,0.6198397836135224,0.09094873301518572,0.2094032896584372,0.6311300186468151,0.49004329386367695,0.560586656255246,-0.35271681195784527,22.74626359707298,-22.05277601244179,-1.293767818314921
73.7,0.8732314303522077,0.8538005791996564,0.8969512284365988,0.47317693371146247,0.730064922240591,0.6666319427307492,0.07763462877840664,0.3279261499600076,0.6733866030183064,0.4480258963106944,0.5607062496645004,-0.5634017667690301,22.76159883812488,-22.106708798073615,-1.350107994991824
73.8,0.8169802664218677,0.554368753714336,0.8425714075321051,0.42010617494216507,0.7474479910768463,0.6441793049274666,0.09710838451959583,0.3133979930625385,0.6748645241509565,0.4422948035907775,0.558579663870867,-0.5814243014004475,22.773826220285066,-22.16121204141206,-1.4082504251318688
73.9,0.6169112960458272,0.9856926811244913,0.6836953269949091,0.808865392034712,0.7213406520706425,0.7124819801668715,0.16542854683245892,0.125622903601296,0.6020103162274177,0.6229779250547081,0.6124941206410629,0.052419022068225796,22.78373827824746,-22.22165409287583,-1.4030085229250462
74.0,0.7033314033045595,0.23374873247578487,0.9624525541793403,0.7125557517505058,0.7177388023174258,0.6167353306286542,0.011960062463420077,0.11864996643083886,0.7091546014092891,0.543559704352852,0.6263571528810705,-0.4139872426410929,22.794198544800857,-22.283410190981886,-1.4444072471891554
74.10000000000001,0.3589789054419199,0.910015660834834,0.9181945994497602,0.5306729494330618,0.6459868229423247,0.6753913966698901,0.020805323797226598,0.31695246023388557,0.632546857922268,0.46132443187456834,0.5469356448984182,-0.428056065119249,22.801092824711382,-22.337667493726492,-1.4872128537010803
74.2,0.45961079010407746,0.3338882851266288,0.5656600263030687,0.47178975520644323,0.6087116163746752,0.6070907743612378,0.22171867871072728,0.20936555280181574,0.4737488810762111,0.47998687878621493,0.47686787993121305,0.015594994275009572,22.80507401273089,-22.385187804026977,-1.4856533542735793
74.3,0.23359469521687634,0.826780192200848,0.6851624072569901,0.7577273703589675,0.5336882321431154,0.6510286579291599,0.1187249809628797,0.13638346952214378,0.47032610694181115,0.5622391108024362,0.5162826088721236,0.22978250965156252,22.809464487175802,-22.436629042896065,-1.462675103308423
74.4,0.3261587649579001,0.2731212418433704,0.7711869150627647,0.9585092707111762,0.49218233870607236,0.575447174712002,0.1183746068762463,0.02198531179836367,0.43392044785030953,0.5627957891524712,0.49835811850139033,0.3221883532554041,22.81484230386057,-22.48617384313249,-1.4304562679828827
74.5,0.247820105287538,0.7156599173183349,0.8207968840138018,0.8748797466191276,0.4433098920223655,0.6034897232332685,0.056558087131090326,0.06266048132426597,0.4182371325232903,0.5656747667012239,0.4919559496122571,0.36859408544483385,22.821723775726095,-22.534885770917715,-1.3935968594383994
74.60000000000001,0.9853405687710668,0.8308494606294989,0.8540185139208334,0.8833152259519514,0.5517160273721058,0.6489616707125146,0.09887979395693053,0.06150303680901934,0.4971624602628157,0.6090485571910401,0.5531055087269279,0.27971524232056105,22.83147356501516,-22.58933022560926,-1.3656253352063432
74.7,0.7513999842272339,0.4865339978003451,0.4808393042565714,0.9391978265620256,0.5916528187431314,0.6164761361300808,0.31119922948673395,0.027573582005085768,0.4075309174266146,0.5994776808363196,0.5035042991314671,0.4798669085242624,22.841731688108222,-22.63862461375889,-1.317638644353917
74.8,0.4357716771527176,0.7576302199965239,0.5138655017317909,0.5119760373694623,0.5604765904250486,0.6447069529033694,0.22448439489404629,0.30359996606260975,0.43465834217120336,0.4489739438815779,0.4418161430263906,0.03578900427593637,22.85279751412633,-22.68139799960715,-1.3140597439263233
74.9,0.4202595702866425,0.8650796747128959,0.9486844011868276,0.732712186099634,0.5324331863973674,0.6887814972652747,0.006776091580888318,0.15887746533458277,0.5288253703656346,0.579349638810409,0.5540875045880218,0.12631067111193606,22.86686720629429,-22.734990661322207,-1.3014286768151297
75.0,0.43653812896858785,0.4106794151163456,0.6202676242027236,0.4004318972345497,0.5132541749116115,0.6331610808354888,0.18574781957266026,0.27352428472275103,0.41791833103521486,0.4599761490856778,0.43894724006044633,0.10514454512615734,22.87854855552787,-22.777302513983724,-1.290914222302514
75.10000000000001,0.34842743207772,0.21497588527044417,0.9140975730005287,0.8656099406787633,0.4802888263448332,0.5495240417224799,0.027294495247950044,0.06071340909338009,0.4671795852565207,0.5161605637707354,0.49167007451362804,0.1224524462855367,22.89213056484118,-22.8245563354666,-1.2786689776739604
75.2,0.726631533903856,0.6311652172747239,0.6324945041084414,0.7144418612862714,0.5295573678566378,0.5658522768329287,0.21697004802936165,0.15981989977041366,0.4146592803184807,0.4754178226646297,0.4450385514915552,0.15189635586537242,22.90494723434812,-22.867174713027072,-1.263479342087423
75.3,0.6904313938804214,0.45808003193023517,0.784542357871044,0.4662784804236425,0.5617321730613944,0.54429782785239,0.12506880227732986,0.24057851788851445,0.4914770029759641,0.4133514631377242,0.45241423305684414,-0.19531384959559972,22.918632874200686,-22.910296513135023,-1.283010727046983
75.4,0.8681546863186331,0.3038194130577969,0.9240956665483434,0.5212474172132693,0.6230166757128421,0.49620214489347136,0.04854479264414392,0.18575764978282802,0.5927724603765183,0.40402880064086183,0.4984006305086901,-0.4718591493391412,22.93277895887528,-22.9580868905482,-1.3301966419808973
75.5,0.6568097450837592,0.8690396212851932,0.794752754970981,0.715492817568647,0.6297752895870256,0.5707696401718158,0.12355009064635575,0.17448890157198918,0.5519664954717136,0.4711766726075961,0.5115715840396549,-0.20197455716029378,22.944968946472642,-23.007770479975136,-1.3503940976969266
75.60000000000001,0.493083216075437,0.68476289938596,0.4425243765700732,0.9581266220854306,0.6024368748847079,0.5935682920146446,0.26554496008251305,0.023687567698647587,0.4424627989912142,0.5795081029137771,0.5109854509524956,0.34261325980640717,22.956140219740373,-23.057632930420624,-1.3161327717162858
75.7,0.9118138601307733,0.2639654425862976,0.8806119694065304,0.4364201129716309,0.664312271933921,0.5276477221289751,0.0816810691683787,0.24610996614137673,0.6100505353006835,0.39778835910123855,0.503919447200961,-0.5306554404986125,22.96883494983535,-23.106399639562095,-1.3691983157661471
75.8,0.5327625621678025,0.49525492068677884,0.8250602709873022,0.8941857797664403,0.6380023299806973,0.5211691618405359,0.08039507938517433,0.034332397460763595,0.5867100820139729,0.5032761750319336,0.5449931285229532,-0.20858476745509835,22.979747632478855,-23.159795224200664,-1.390056792511657
75.9,0.2563105036881953,0.44312363909444435,0.9667620892043414,0.9763520472622749,0.5616639647221968,0.5055600572913176,0.0,0.02029284988339477,0.5616639647221968,0.49530080294166445,0.5284823838319306,-0.1659079044513309,22.98924747910791,-23.211782618963543,-1.40664758295679
76.0,0.6253288411219781,0.3515683304853406,0.7157152130762183,0.5492578174324081,0.574396940002153,0.4747617119301222,0.16140702876096333,0.185765241077277,0.4816852365870162,0.3865674880591623,0.4341263623230892,-0.23779437131963468,22.996341649863655,-23.254611694670672,-1.4304270200887534
76.10000000000001,0.7993554863818979,0.5321476801997922,0.46330850913949345,0.7831745799328252,0.619388649278102,0.4862389055840562,0.32692889697853855,0.10954970743612441,0.41689260136858525,0.4329715757332615,0.42493208855092335,0.04019743591169064,23.002286823660167,-23.296686957086155,-1.4264072764975844
76.2,0.7321938838188349,0.9062592154985809,0.5000855913421285,0.5082379231600409,0.6419496961862485,0.5702429675669611,0.2924503185228385,0.3192947034620242,0.4542113030609408,0.3881674083363636,0.42118935569865223,-0.16510973681144306,23.00834722735191,-23.338367602962048,-1.4429182501787288
76.3,0.3265411647194652,0.9987468576426253,0.6658073019989728,0.6113944451621993,0.5788679898928919,0.655943745582094,0.13651507838440244,0.29148761677875423,0.4998437808784423,0.4647442664414399,0.4822940236599411,-0.08774878609250594,23.014497915028947,-23.386203199474274,-1.4516931287879793
76.4,0.4597232868960739,0.49737560994829705,0.8585106207426227,0.6583528436399473,0.5550390492935283,0.6242301184553346,0.07749990611905463,0.17480146683097036,0.5120235750808705,0.5151137781092717,0.5135686765950711,0.0077255075710030985,23.02060023082071,-23.43719623427094,-1.450920578030879
76.5,0.6505157622434272,0.37114250883497635,0.8594249317805709,0.9556881535555944,0.5741343918835081,0.573612596531263,0.06891460461522318,0.03833802890276981,0.5345681472708546,0.5516214202264546,0.5430947837486546,0.04263318238899999,23.027095038811158,-23.49111596081436,-1.446657259791979
76.60000000000001,0.5579998311985995,0.517672449351523,0.8357879670023749,0.9897738827071286,0.5709074797465264,0.562424567095315,0.08974623764162043,0.005889721216017254,0.519670681397816,0.5591120431900843,0.5393913622939501,0.09860340448067079,23.033773808095408,-23.54464001576184,-1.4367969193439118
76.7,0.9947296076436314,0.44147332314591897,0.5802003770369042,0.5331320220894641,0.6556719053259474,0.5382343183054358,0.30720354960486684,0.20337235130289666,0.4542471686336302,0.4287723394397476,0.4415097540366889,-0.06368707298470652,23.03967232345502,-23.58839519997637,-1.4431656266423825
76.80000000000001,0.8575519379576917,0.7517753471275417,0.5655742820461634,0.7321978919711924,0.6960479118522963,0.5809425240698569,0.2815976853384114,0.1779083395070493,0.5000424309900551,0.47758800426355463,0.48881521762680485,-0.05613606681625111,23.04589418221736,-23.636879131782454,-1.4487792333240075
76.9,0.3237718289750047,0.23018904006701588,0.6133934519712945,0.483044916085846,0.621592695276838,0.5107918272692887,0.160734203789241,0.2059717112382261,0.5216814883203071,0.40558316052013293,0.46363232442022007,-0.2902458195004355,23.051537262200497,-23.682897660341904,-1.4778038152740511
77.0,0.3863953188433875,0.8488593894261267,0.4551430727712236,0.6398789490866583,0.574553219990148,0.5784053397006563,0.2643844167506482,0.2396838075882234,0.42265030203084586,0.4397709455518432,0.43121062379134456,0.04280160880249337,23.055541421197216,-23.725832410037626,-1.4735236543938017
77.10000000000001,0.778864421395612,0.834323355451424,0.5037414945137936,0.8954231466309313,0.6154154602712407,0.6295889428508099,0.3110685931831241,0.06932271896396175,0.4239790388215211,0.5859441255027454,0.5049615821621333,0.40491271670306084,23.060445575078585,-23.77608985992622,-1.4330323827234956
77.2,0.9261245137176755,0.6761849620476641,0.5802359523059648,0.8384736171737663,0.6775572709605276,0.6389081466901807,0.2844820719731847,0.07528569510120556,0.48480437463718024,0.5908075027607874,0.5378059386989839,0.2650078203090179,23.06783118816573,-23.829360912068317,-1.4065316006925939
77.30000000000001,0.24473816705865553,0.8167212029361108,0.6087581241717599,0.8902850200279253,0.5909934501801533,0.6744707579393667,0.15233415907990625,0.08347035803883289,0.5009649599252272,0.6181724422874448,0.5595687011063359,0.2930187059055442,23.076981647207642,-23.88456453886856,-1.3772297301020395
77.4,0.8958292112969759,0.3813741370897213,0.7916675098962105,0.7613809805899254,0.6519606024035178,0.6158514337694376,0.11760925438852611,0.11908369959706933,0.5752840020641458,0.5425135666340135,0.5588987843490796,-0.08192608857533062,23.087732629779353,-23.939410640691857,-1.3854223389595726
77.5,0.5059895697482106,0.44382671430339427,0.4247093512981379,0.7239578376632014,0.6227663958724564,0.5814464898762289,0.27500682250398034,0.1319146674865871,0.45150138818131624,0.504745169502963,0.4781232788421396,0.1331094533041169,23.09654511724629,-23.98640381851963,-1.372111393629161
77.60000000000001,0.37663773985622817,0.24041585131666202,0.8389471441389649,0.6357296227114211,0.5735406646692107,0.5132403621643156,0.07040393964897543,0.14811694998447741,0.5331611423276064,0.43722076511160857,0.48519095371960747,-0.2398509430399945,23.10612183115343,-24.033968397425095,-1.3960964879331603
77.7,0.6037834768896279,0.3776685025211315,0.5738698174940122,0.6365934423268396,0.5795892271132942,0.48612599023567876,0.21604276184706225,0.14722265598460413,0.4543731697509339,0.41455723081003637,0.43446520028048513,-0.0995398473522438,23.11367338172351,-24.076753607329163,-1.4060504726683847
77.80000000000001,0.6571524724085035,0.23944887845607044,0.6395147797281652,0.4510473924809413,0.595101876172336,0.4367905678797571,0.20297599221312634,0.22821722219635748,0.47431048238836304,0.33710743779666946,0.4057089600925162,-0.3430076114792339,23.120327074861827,-24.11677517614667,-1.440351233816308
77.9,0.30430013991613936,0.307896610980764,0.7355777063881241,0.6927166598825997,0.5369415289210967,0.4110117764999585,0.11760212201994563,0.11787357366414773,0.4737960657193417,0.3625643495858584,0.41818020765260006,-0.27807929033370815,23.12576657344193,-24.158237915032576,-1.4681591628496788
78.0,0.6927974700753615,0.7885342033162581,0.5477475043042679,0.44298638820465097,0.5681127171519497,0.48651626186321845,0.2720743786016956,0.33573026303019593,0.4135438026571121,0.3231780292994124,0.36836091597826226,-0.22591443339424921,23.129540690925495,-24.19488015406656,-1.4907506061891038
78.10000000000001,0.9393104647160664,0.2716757185013882,0.8030485320698413,0.6541243614193841,0.642352266664773,0.4435481531908524,0.12701718460010414,0.13417863113769765,0.5607624902315181,0.38403346915205,0.4723979796917841,-0.4418225526986703,23.133317997843825,-24.241968692636085,-1.5349328614589708
78.2,0.6751017192328563,0.21936546426821524,0.5828913085278359,0.9925911501782375,0.6489021571783896,0.39871161540632494,0.2424177651077594,0.02247912054971978,0.4915967464616004,0.3897489289390326,0.4406728377003165,-0.25461954380641943,23.13489806458641,-24.286007640034466,-1.5603948158396128
78.30000000000001,0.5537680841874013,0.3166547801522221,0.42692653055882396,0.8909031520790887,0.629875342580192,0.38230024835550436,0.28684936828501,0.041500301346574814,0.44919599846275965,0.36643467284388054,0.40781533565332007,-0.20690331404719778,23.13532224650566,-24.326786967513467,-1.5810851472443326
78.4,0.8061870260744497,0.8822113161433605,0.4674230444710626,0.43272280801705254,0.6651376792790435,0.48228246191307556,0.34947337603317624,0.38743568866220285,0.43268976897452416,0.29542902415208055,0.36405939656330233,-0.343151862056109,23.134947678937934,-24.363190980223575,-1.6154003334499434
78.5,0.8950018813159748,0.8561071651439971,0.40823997561605885,0.8162771350336706,0.7111105196864298,0.5570474025592599,0.373829661052327,0.11603390675481573,0.4452763151413076,0.4924110161926864,0.468843665666997,0.11783675262844698,23.13285714169388,-24.410028715890363,-1.6036166581870988
78.60000000000001,0.21819849212096162,0.3672076328993617,0.7228032747441917,0.5222808117259631,0.6125281141733362,0.5190794486272803,0.10828321582407807,0.20383092954592044,0.5462016001879892,0.4132750021053979,0.4797383011466936,-0.3323164952064783,23.131282907347643,-24.45797671023939,-1.6368483077077465
78.7,0.5864210642757535,0.7839388668078311,0.4848084525543651,0.8192531392049518,0.6073067041938196,0.5720513322633904,0.2561406749595193,0.11422205166386826,0.4517507550741735,0.5067104554352168,0.47923060525469513,0.13739925090260813,23.1281197954777,-24.505795267865338,-1.6231083826174857
78.80000000000001,0.7308226735997145,0.2347856059995672,0.5021917882268581,0.5704081246287944,0.6320098980749986,0.5045981870106258,0.30643381461941566,0.1739409491836252,0.43834069413064874,0.41682789940566106,0.4275842967681549,-0.05378198681246921,23.125884034155764,-24.54849520556715,-1.6284865812987326
78.9,0.24246819892502317,0.7238062974523096,0.4050005051490566,0.6331870883421875,0.5541015582450035,0.5484398090989625,0.22705964596961925,0.23032778946553106,0.4282874545986787,0.4221188802143006,0.42520316740648967,-0.015421435960945168,23.123432386704362,-24.5909447846051,-1.630028724894827
79.0,0.7280802986634918,0.8914258188479629,0.4114469943605165,0.9204462657126887,0.5888973063287012,0.6170370110487626,0.3539478867320505,0.04147936618349795,0.38045834925146044,0.5914427069186999,0.4859505280850802,0.5274608941680987,23.120555668029727,-24.63945461502254,-1.5772826354780172
79.10000000000001,0.5045609623702784,0.9812895519118834,0.45976222710552245,0.5892735815852679,0.5720300375370166,0.6898875192213868,0.28577539792963347,0.2856969685647743,0.40855792593217255,0.4927887463291641,0.4506733361306683,0.21057705099247884,23.120263349442144,-24.684521000597986,-1.5562249303787692
79.2,0.3491339099340152,0.600520658295103,0.6747917572886684,0.9558099838158601,0.5274508120164163,0.67201414703613,0.12383850127020428,0.013767497488820384,0.46213209396255106,0.6627621939543584,0.5624471439584547,0.5015752499795184,23.12108288446982,-24.7407597440033,-1.5060674053808174
79.30000000000001,0.6235322910840959,0.4668557077046206,0.6360398906963649,0.49420315035449963,0.5466671078299522,0.6309824591698282,0.19383558123431774,0.24026923666274438,0.44070357124204995,0.4793767853575123,0.46004017829978117,0.09668303528865593,23.12405859595266,-24.78666742089586,-1.4963991018519518
79.4,0.7001847762008084,0.3889638125657702,0.9869465603467278,0.7007508767062944,0.5773706415041234,0.5825787298490166,0.020047674188882345,0.14136526349805578,0.5657957029970228,0.5002223341955477,0.5330090185962852,-0.16393342200368755,23.128020378067532,-24.839820881945204,-1.5127924440523206
79.5,0.9029418193529284,0.9123216688630091,0.8889151826070022,0.41767953907312466,0.6424848770738845,0.6485273176518151,0.07564427012950006,0.37840932195354426,0.593884577478389,0.40311853511084095,0.49850155629461496,-0.47691510591887004,23.13091025953592,-24.88958720189535,-1.5604839546442075
79.60000000000001,0.32136654461494774,0.9177402519753373,0.7941590553697676,0.4526770102823809,0.5782612105820971,0.7023699045165196,0.08350072550968388,0.38354126005120565,0.529975979964384,0.4329820663162087,0.48147902314029634,-0.24248478412043806,23.131406769822515,-24.937732544087265,-1.5847324330562513
79.7,0.6899587146800844,0.7004196803958613,0.5364567864716053,0.5442164849023456,0.6006007114016946,0.701979859692388,0.2531032021471633,0.2832524390428655,0.4485867481340614,0.5031423522755506,0.475864550204806,0.13638901035372297,23.130743621394803,-24.985314378179478,-1.571093532020879
79.80000000000001,0.9277883148513371,0.46342779069643725,0.7253402507235354,0.5240543647966056,0.666038232091623,0.6542694458931978,0.1698714282303616,0.2326644173206275,0.5528973663501939,0.5020442264937671,0.5274707964219805,-0.12713284964106703,23.130727944687308,-25.038061455492077,-1.5838068169849857
79.9,0.840084047331275,0.8900701292640545,0.5853990376973096,0.8230818326710605,0.7008473951395534,0.7014295825673691,0.2646523698063562,0.10147338037788999,0.5153664711432588,0.6302531517272059,0.5728098114352324,0.28721670145986755,23.129982712069086,-25.09533758864638,-1.555085146838999
80.0,0.996548640185607,0.9806215272548795,0.48709143693550716,0.9598179678537441,0.7599876441487641,0.7572679715048711,0.3750123861708741,0.02051580437014081,0.47498286425615494,0.7417320099457039,0.6083574371009294,0.6668728642238723,23.130938474064898,-25.156165824127672,-1.4883978604166117
80.10000000000001,0.645872238474855,0.9588812513318092,0.4710323744303072,0.5905585535147302,0.7371645630139823,0.7975906274702588,0.31053401429852906,0.2889579058971492,0.5082498920626293,0.5671205099932596,0.5376852010279445,0.14717654482657577,23.135363905940963,-25.20975191660282,-1.4736802059339542
80.2,0.812348010055348,0.9041055200868608,0.6484240932518073,0.6467510579676096,0.7522012524222554,0.8188936059935792,0.21743374679856348,0.25107515096789595,0.5886473157615124,0.6132897702420966,0.6009685430018046,0.06160613620146055,23.141191109299594,-25.269565590606298,-1.4675195923138082
80.30000000000001,0.9153040745070422,0.9466000243326402,0.5642776987789142,0.8674647309836757,0.7848218168392128,0.8444348896613914,0.27451490674455964,0.07733359611819421,0.5693765289785004,0.7791317029562054,0.674254115967353,0.5243879349442623,23.148142213393246,-25.336631739152853,-1.415080798819382
80.4,0.8099579869863724,0.6895852781352192,0.5601175678026877,0.7402258557633847,0.7898490508686448,0.8134649673561569,0.263715699325796,0.13887411484405596,0.5815534560570038,0.7004957400579217,0.6410245980574627,0.2973557100022947,23.158083672192614,-25.399958611411694,-1.3853452278191527
80.5,0.7499023081426888,0.4874090676276411,0.8128847708396296,0.6859613320265112,0.7818597023234536,0.7482537874104538,0.11235480914053352,0.1596261885185505,0.6940140046942276,0.6288128872815533,0.6614134459878904,-0.16300279353168579,23.170279469189353,-25.464965841786093,-1.4016455071723213
80.60000000000001,0.7696153023813281,0.4991675209044008,0.9112776594793511,0.6948673582398008,0.7794108223350285,0.6984365341092432,0.03943003942097058,0.14019510744097985,0.7486786228852272,0.6005191491690923,0.6745988860271598,-0.3703986842903373,23.181636027674546,-25.53146294811158,-1.438685375601355
80.7,0.22578364258163663,0.8116310833025877,0.40900855627105426,0.5619152215877088,0.66868538638435,0.7210754439479121,0.22719367436623317,0.2833453893026602,0.5167642964566852,0.5167620415659024,0.5167631690112938,-5.6372269569004985e-06,23.188443193405686,-25.582688959308772,-1.4386859393240505
80.80000000000001,0.9905947339703653,0.8062212717805035,0.43968179454093365,0.9562619237066763,0.7330672559015531,0.7381046095144304,0.40953987269136516,0.0419116099913157,0.43284698524542264,0.7071694569876692,0.5700082211165459,0.6858061793556164,23.195951708334093,-25.639193082388193,-1.3701053213884888
80.9,0.5919543188086909,0.4599165014432365,0.6745269576650272,0.5480703045169518,0.7048446684829807,0.6824669879001916,0.17090265265658935,0.20039192942486747,0.5843848449283849,0.5457061114260945,0.5650454781772397,-0.09669683375572613,23.20721569300139,-25.694563530946066,-1.3797750047640616
81.0,0.7882654239197284,0.5042993350040967,0.5877384948468984,0.7669029248020311,0.7215288195703302,0.6468334573209726,0.26336576178436627,0.12070163462059647,0.5315028323548155,0.5687596016950395,0.5501312170249275,0.09314192335055982,23.217660579948088,-25.748576010023815,-1.3704608124290056
81.10000000000001,0.6201844253623117,0.9006263774878536,0.8721519173913239,0.7123894547342493,0.7012599407287265,0.6975920413543488,0.06813456434368335,0.202975425050099,0.6534799001754975,0.5559980002488836,0.6047389502121905,-0.24370474981653484,23.22969477294011,-25.80784041905713,-1.3948312874106592
81.2,0.23393273280727822,0.9966690972192385,0.7112215915525071,0.637366717981535,0.6077944991444368,0.7574074525273268,0.12306221470180194,0.25566817692247307,0.53299796199615,0.5637624699521705,0.5483802159741602,0.0769112698900512,23.239294626861795,-25.861831635170503,-1.387140160421654
81.30000000000001,0.6129013464758388,0.7045188424741764,0.4295772695087656,0.5747076173404777,0.6088158686107172,0.7468297305166967,0.30689355863695356,0.2396204795684947,0.42197420013812625,0.5678740323342761,0.4949241162362012,0.3647495804903747,23.248333201550786,-25.91049171096076,-1.3506652023726164
81.4,0.8620968060846006,0.5690777311711704,0.6534773094702648,0.7678805675463356,0.6594720561054939,0.7112793306475914,0.20563311572815252,0.12315221573933328,0.5238627624728701,0.6236837050687506,0.5737732337708104,0.2495523564897012,23.260861975328282,-25.96648445214701,-1.3257099667236463
81.5,0.3137916950200733,0.8639148035413118,0.6710188526977932,0.8335880748956999,0.5903359838884098,0.7418064252263354,0.124513828377049,0.11857911343969683,0.516830990505732,0.6538436769791258,0.5853373337424289,0.34253171618348455,23.27506460654098,-26.02326898533487,-1.2914567951052978
81.60000000000001,0.9502739661593915,0.7568913134718365,0.48118400451421756,0.64813558305857,0.6623235803426062,0.7448234028754357,0.35088716633450073,0.199243716521294,0.429922736039668,0.5964220199344968,0.5131723779870825,0.41624820973707205,23.289213838539172,-26.07259705167798,-1.2498319741315906
81.7,0.6722523802317233,0.7701075130450421,0.5211592028254945,0.6728099245884105,0.6643093403204297,0.749880224909357,0.262416277176488,0.2066143338640085,0.48998375633997393,0.5949442217619173,0.5424639890509456,0.26240116355485843,23.30632759075524,-26.124073175067934,-1.2235918577761047
81.80000000000001,0.9257299704043254,0.8371889779805781,0.8310248318311378,0.4741265301012601,0.7165934663372088,0.7673419755236013,0.09782929897483243,0.33184016681526146,0.6464896298754945,0.5127070863614971,0.5795983581184958,-0.3344563587849936,23.326049608747866,-26.178574409674457,-1.257037493654604
81.9,0.49035471132580366,0.619053844852919,0.6304524245569431,0.8746399565422152,0.6713457153349277,0.7376843493894648,0.18381468856330963,0.08664001536043252,0.5479425117523257,0.6737713660272109,0.6108569388897682,0.31457213568721304,23.344902861270935,-26.236677911007845,-1.2255802800858828
82.0,0.5029429051300638,0.5044856074089175,0.860956194270633,0.9473516672932795,0.6376651532939549,0.6910446009933553,0.0723052430969241,0.03279984387794459,0.5915586193705982,0.6683784459680767,0.6299685326693374,0.19204956649369637,23.366220995509803,-26.295958098879588,-1.206375323436513
82.10000000000001,0.32007178760840943,0.8950548299825631,0.5073200588039612,0.8272284927277735,0.5741464801568458,0.7318466467911968,0.20766442980721117,0.10606817322609674,0.45491667872925706,0.6542210098844101,0.5545688443068336,0.4982608278878826,23.3859862938582,-26.347773145072342,-1.156549240647725
82.2,0.8149043378887542,0.557006587319258,0.7758717097969176,0.4705323870414879,0.6222980517032275,0.696878634896809,0.12555857470544074,0.2649211313747693,0.5441631952893976,0.5122607585090416,0.5282119768992196,-0.07975609195088995,23.40724686884118,-26.39612670623169,-1.164524849842814
82.30000000000001,0.6980482623898734,0.40248878009443145,0.6751855946971219,0.9132466338514189,0.6374480938405567,0.6380006639363335,0.18987882046338506,0.020222934404627663,0.5164102016754786,0.6250984183594401,0.5707543100174594,0.2717205417099039,23.429802340564176,-26.448556235310143,-1.1373527956718237
82.4,0.9061623364297557,0.3903026832155814,0.7533173963105855,0.6854271938818923,0.6911909423583965,0.5884610677921831,0.15982462954158874,0.12665948264798987,0.5807216060534642,0.5139268933871415,0.5473242497203028,-0.16698678166580688,23.452789870193623,-26.49822727138605,-1.1540514738384045
82.5,0.6800816834364714,0.3957705371509067,0.7284049657498879,0.7718596233217512,0.6889690905740115,0.5499229616639278,0.15766317944811012,0.11756870896112623,0.5803440332126398,0.48526922903302094,0.5328066311228303,-0.23768701044904722,23.474357139848255,-26.54694771823672,-1.1778201748833093
82.60000000000001,0.23913503995442378,0.31860493454375227,0.7919661269293121,0.42203263109344724,0.5990022804500938,0.5036593562398928,0.09646260883002687,0.25372737468537243,0.5412209577827424,0.37586719004542,0.4585440739140812,-0.4133844193433059,23.491916598972384,-26.589306803123968,-1.2191586168176398
82.7,0.8704115486340849,0.4387532373136942,0.9522308189617217,0.42941881764927947,0.653284134086892,0.4906781324546531,0.02764057000350174,0.2584420267381746,0.6352269882464863,0.36386628142697003,0.4995466348367281,-0.6784017670487905,23.50912277180411,-26.636204735064,-1.286998793522519
82.80000000000001,0.7376723962091241,0.6888718048389233,0.8149081708484001,0.7569813917828319,0.6701617865113384,0.5303168669315071,0.12163470517841962,0.12696582005969914,0.5886468551871887,0.462984751030058,0.5258158031086233,-0.3141552603928269,23.523845787132053,-26.686683001750175,-1.3184143195618017
82.9,0.5642702624162126,0.6631730339538373,0.9588878916316034,0.4558757726930618,0.6489834816923132,0.5568881003359731,0.013584747845387095,0.3023194510794563,0.6401672047377017,0.38852999552972056,0.5143486001337112,-0.6290930230199528,23.536689648343913,-26.736488423681585,-1.381323621863797
83.0,0.5031514812723681,0.2541333422567963,0.6563943036346568,0.7302826496880912,0.6198170816083242,0.4963371487201378,0.16394930348381095,0.0937147053364597,0.518198502791271,0.44982305908029147,0.4840107809357812,-0.17093860927744883,23.545805558830523,-26.784023300736447,-1.3984174827915419
83.10000000000001,0.7556955507958409,0.4195348342013867,0.7162316400427724,0.7147877255522253,0.6469927754458276,0.4809766858163876,0.17874068271149895,0.13790842584052843,0.5313488450532328,0.41464594820945516,0.472997396631344,-0.291757242109444,23.5539187138691,-26.83062203556391,-1.4275932070024864
83.2,0.287441787549061,0.7837828158101436,0.7773871594471333,0.9923135582551497,0.5750825778664742,0.5415379118151388,0.09172566462219392,0.012261904035364677,0.5223327461990273,0.5348976259089497,0.5286151860539885,0.03141219927480621,23.561462801823886,-26.88294246069788,-1.4244519870750056
83.30000000000001,0.9471133398305467,0.9890227538752892,0.5723123822825563,0.7653067641606837,0.6494887302592887,0.6310348802271688,0.28299328686338726,0.16427039993534004,0.4656877797024846,0.5273745280791023,0.4965311538907935,0.15421687094154438,23.568703344773777,-26.932064822261957,-1.4090302999808513
83.4,0.9960194684460411,0.483082675499352,0.47782788253258157,0.7375806025999647,0.7187948778966391,0.6014444392816054,0.365477305198502,0.13470822935945873,0.4560916629324891,0.5204249238078879,0.48825829337018845,0.1608331521884969,23.57656730252698,-26.980253200310024,-1.3929469847620015
83.5,0.5940035629748128,0.343925785324953,0.7656434546383692,0.8251522405020358,0.6938366149122739,0.5499407084902749,0.14516071917164283,0.05657142573748082,0.5931187929039899,0.5188297785398996,0.5559742857219447,-0.18572253591022575,23.586403224293175,-27.034973659983255,-1.4115192383530242
83.60000000000001,0.21918943801454083,0.7003685939117226,0.4707554343527631,0.908841873142112,0.5989071795327272,0.5800262855745644,0.21715787131097833,0.07284463399980584,0.46884977131253824,0.5377744830916183,0.5033121272020783,0.17231177944770026,23.594385980468402,-27.084667790197333,-1.3942880604082541
83.7,0.5312329116194975,0.46703380554705887,0.736249302950696,0.782502126152834,0.5853723259500813,0.5574277895690632,0.11562232012798189,0.09392839159984784,0.5176902194850196,0.5050694938617827,0.5113798566734011,-0.031551814058092265,23.603365461424566,-27.135011235648264,-1.3974432418140634
83.80000000000001,0.42530136260043094,0.8321564022769694,0.5846635295463383,0.7040137762576055,0.5533581332801512,0.6123735121106445,0.1882151614400597,0.1675638500493369,0.44920774289065746,0.5097618487531507,0.47948479582190406,0.15138526465623303,23.61163590964798,-27.182241060763626,-1.38230471534844
83.9,0.7486686309175663,0.4730892681840022,0.8346379856866071,0.7695960057978906,0.5924202328076342,0.584516663325316,0.08029384071118785,0.09974702459165156,0.5448525370004932,0.5262128653343756,0.5355327011674345,-0.046599179165293936,23.621670584131564,-27.234845794849118,-1.3869646332649694
84.0,0.46441186567440806,0.47034948421883443,0.8034837744196128,0.9496978319041451,0.566818559380989,0.5616832275040198,0.10735082981010532,0.03038057878292923,0.5059701166796714,0.544618965959784,0.5252945413197276,0.09662212320028146,23.63127286525626,-27.286490153191586,-1.3773024209449414
84.10000000000001,0.5851964184962886,0.7017603901661511,0.9352349960739509,0.7221805269834187,0.5704941312040489,0.589698660036446,0.027993986695758945,0.17269048394526415,0.5545237260851142,0.4878633130528784,0.5211935195689963,-0.16665103258058964,23.641294831108073,-27.337636873994317,-1.3939675242030003
84.2,0.5311624522673486,0.7940677169324295,0.9010634415793712,0.5796062479836164,0.5626277954167088,0.6305724714156427,0.05970008769599581,0.2522666820129059,0.5290388666901266,0.4715000462829405,0.5002694564865335,-0.14384705101796513,23.65009500687665,-27.386883723613103,-1.4083522293047968
84.30000000000001,0.6287083805723097,0.3666099761569359,0.8112959802078572,0.8797212000914802,0.575843912447829,0.5777799723639013,0.11958830419477351,0.047865624776047166,0.5069797154773095,0.5501241730036159,0.5285519442404627,0.10786114381576617,23.658643309611307,-27.439043076541992,-1.3975661149232201
84.4,0.9756906339484746,0.4243680229231068,0.4187038988135118,0.9901712613191043,0.6558132567479581,0.5470975824757425,0.406315328851925,0.018313253562438656,0.38934627766695956,0.5370784457244671,0.46321236169571334,0.3693304201437687,23.666627474509475,-27.484671028842705,-1.3606330729088432
84.5,0.656785312924916,0.5116530191146069,0.7571151202179996,0.9187562143013355,0.6560076679833496,0.5400086698035154,0.14673636099032533,0.049211234366228866,0.5597474900017233,0.513434176594019,0.5365908332978712,-0.1157832835192607,23.677821809100642,-27.537149444375704,-1.3722114012607691
84.60000000000001,0.45159951871538173,0.225302572676524,0.6483217407172819,0.6982326606380138,0.6151260381297561,0.4770674503781171,0.15853626068963242,0.1158020381563124,0.5176062561918363,0.42182206728629573,0.469714161739066,-0.23946047226385145,23.687088436481087,-27.583197718549382,-1.3961574484871542
84.7,0.9605813998140615,0.3729119034117485,0.5813909791783067,0.46733876336015323,0.6842171104666172,0.4562363409848434,0.29782368125428266,0.2503642729019942,0.480441051850281,0.3420110612027068,0.4112260565264939,-0.34607497661893555,23.694233592847734,-27.62369482259596,-1.4307649461490477
84.80000000000001,0.9306830769336469,0.5550192743897122,0.414960864777976,0.6895979146880915,0.7335103037600231,0.47599292766581713,0.3933083219018181,0.1496407488009287,0.4450145970904756,0.40476498954595796,0.42488979331821675,-0.10062401886129405,23.700163957645124,-27.665767903515118,-1.4408273480351772
84.9,0.9389094143120762,0.7859528534047551,0.714176776902491,0.8653199255198447,0.7745901258704337,0.5379849128136047,0.17882361484535597,0.0976168572953611,0.6360751195387635,0.4854685163524218,0.5607718179455926,-0.3765165079658543,23.707431750119156,-27.72137212557221,-1.4784789988317626
85.0,0.8577108143703549,0.9504190773734249,0.8060303732427374,0.47963029386931855,0.791214263570418,0.6204717457255687,0.1337216519289423,0.3523133666612873,0.6854117852160401,0.4018712560707874,0.5436415206434138,-0.7088513228631317,23.712443377700215,-27.77550478317059,-1.5493641311180757
85.10000000000001,0.7709419123221053,0.6178758985748052,0.4024659215404748,0.959402406412497,0.7871597933207555,0.619952576295416,0.3710079428172737,0.02598449115488038,0.49511725773235166,0.6038434240602225,0.5494803408962871,0.2718154158196771,23.713620944563647,-27.830440197855445,-1.522182589536108
85.2,0.26966071327501384,0.5735007219862096,0.42768386201457453,0.7123466272630401,0.6836599773116071,0.6106622054335747,0.23978668405790807,0.1447830106005056,0.5197274183289522,0.5222486928709574,0.5209880555999549,0.006303186355013091,23.716152664733162,-27.882477453103597,-1.5215522709006069
85.30000000000001,0.6620478675275672,0.4497143187454393,0.935281350656654,0.5925282219077148,0.6793375553547991,0.5784726280959477,0.024256157902752803,0.1866058722115141,0.6628594363428431,0.4705262387796166,0.5666928375612298,-0.48083299390806616,23.718942162379605,-27.939078039887768,-1.5696355702914135
85.4,0.4553198324011987,0.5528924982018713,0.4705905032425562,0.4895924336798311,0.634534010764079,0.5733566021171324,0.24618858179492012,0.2466127443732245,0.4783189825534278,0.43195955696451943,0.4551392697589736,-0.11589856397227094,23.718994992954478,-27.984591936201944,-1.5812254266886407
85.5,0.6983559701420412,0.6112485295675711,0.5239464277440102,0.6101908827544704,0.6472984026396714,0.5809349876072201,0.2685374098678423,0.19791310821666333,0.4734745661832223,0.46596033853806634,0.4697174523606443,-0.01878556911288992,23.718505128811444,-28.031561126993815,-1.5831039835999297
85.60000000000001,0.7634829569101502,0.42661415680696335,0.5468950443175806,0.44274572273214563,0.6705353134937672,0.5500708214471687,0.2788371665873874,0.25581886433102546,0.48356514658237953,0.40935232860291965,0.4464587375926496,-0.18553204494864972,23.717955656591897,-28.076203619352643,-1.6016571880947947
85.7,0.5549181106729876,0.30405920165176803,0.6824413474051314,0.8052975627055288,0.6474118729296112,0.5008684974880886,0.1499922915432329,0.06424315327459457,0.5503050825366025,0.4686911258335454,0.5094981041850739,-0.20403489175764275,23.71638355113069,-28.12712916958139,-1.622060677270559
85.80000000000001,0.5411725961680218,0.34318639460013856,0.7576728175190504,0.7556537343388976,0.6261640175772933,0.4693320769104986,0.1386014630825035,0.11482102527511431,0.539376768611462,0.41544288664513634,0.4774098276282992,-0.3098347049158141,23.713937212496937,-28.174807433627493,-1.6530441477621405
85.9,0.6930522701479453,0.44995252092082555,0.8904651874220988,0.8277392108368987,0.6395416680914238,0.465456165712564,0.07006059459766546,0.0840213044406348,0.5947349985549558,0.4263479315094581,0.510541465032207,-0.42096766761374427,23.709742852864117,-28.225688994358695,-1.695140914523515
86.0,0.9789455111192702,0.8045943484570282,0.6794172178259014,0.4790771682243772,0.707422436696993,0.5332838022614568,0.23422210558205622,0.34071703778867524,0.5417284640378344,0.3515849248542516,0.44665669444604295,-0.47535884795895694,23.70420321964765,-28.270009807649537,-1.7426767993194108
86.10000000000001,0.5746207243040979,0.5644673365973931,0.8106867848832247,0.8261295412473089,0.680862094218414,0.539520509128644,0.09892314582070379,0.08068658407802515,0.613509073988256,0.49598844220701677,0.5547487580976365,-0.2938015794530982,23.694715051301355,-28.324667254603643,-1.7720569572647207
86.2,0.37903556313348813,0.8888770216447166,0.7701652523490164,0.9477169664060294,0.6204967880014288,0.6093918116318585,0.09947971823105858,0.042258769794912,0.5587699423677698,0.5836396633492035,0.5712048028584866,0.06217430245358424,23.683296400288427,-28.38063477801795,-1.7658395270193623
86.30000000000001,0.7321444948335167,0.8310229650783036,0.9294423341367889,0.6719698406197432,0.6428263293678464,0.6537180423211475,0.023041227699458156,0.2064626605688584,0.628014821541675,0.5187496760416578,0.5733822487916664,-0.273162863750043,23.67218374106426,-28.436885829894884,-1.7931558133943666
86.4,0.48115265654714157,0.5689933469639198,0.502480926881391,0.8607649088589047,0.6104915948037055,0.6367731032497019,0.24918638067844295,0.05855582363121517,0.45836540385995966,0.5994863297227109,0.5289258667913352,0.352802314656878,23.660519252685862,-28.48847619175134,-1.7578755819286789
86.5,0.2823457682471632,0.8540423137800282,0.8780546640171765,0.5955218369788671,0.544862429492397,0.6802269453557672,0.05633395713529685,0.2712172729760112,0.5141681727447386,0.49573764823157385,0.5049529104881563,-0.04607631128291184,23.6511276380648,-28.53809042350911,-1.76248321305697
86.60000000000001,0.6261964527426651,0.5206531798275469,0.6480651434000222,0.7725249033139246,0.5611292341424506,0.6483121922501232,0.19565056119091523,0.13457245122310793,0.4513439845818517,0.5610672313811973,0.5062056079815245,0.27430811699836394,23.64148365408132,-28.58778383100393,-1.7350524013571338
86.7,0.5070531670216318,0.47257132654332007,0.8883494229349189,0.7545821194253048,0.5503140207182868,0.6131640191087625,0.06751284366446902,0.11743049384557872,0.5131607562711678,0.5411598655364807,0.5271603109038242,0.06999777316328226,23.632863609654482,-28.639790318753068,-1.7280526240408056
86.80000000000001,0.8298614164722016,0.6356215041526148,0.5416925914872532,0.7975673541558022,0.6062234998690698,0.617655516117533,0.27274065274060716,0.1294325412527481,0.4408817068080843,0.5377107930476629,0.48929624992787357,0.24207271559894647,23.625200792356218,-28.688116185873984,-1.703845352480911
86.9,0.6593506326481592,0.5893042451996974,0.7552978810492552,0.6777450605871294,0.6168489264248876,0.6119852619339659,0.14015194250998136,0.18551988544945333,0.5303963511512431,0.4984498262432228,0.514423088697233,-0.07986631227005062,23.618376618577123,-28.7391038490297,-1.7118319837079161
87.0,0.34093920176050496,0.9647067571031671,0.4417645808976554,0.4652467803009242,0.5616669814920111,0.6825295609678061,0.25616302980326383,0.37763171883509905,0.41778866577256385,0.424784749703768,0.4212867077381659,0.01749020982801039,23.612454651837254,-28.780814221973376,-1.710082962725115
87.10000000000001,0.5031288106883063,0.5954361179172343,0.796098855412672,0.45431980289941326,0.5499593473312702,0.6651108723576917,0.11488710312273194,0.30916159986749475,0.48677611108111213,0.45948413097032265,0.4731301210257174,-0.0682299502769737,23.605885869621332,-28.827669021241093,-1.7169059577528125
87.2,0.9226048037707122,0.7089062560191117,0.4001106042731302,0.4880352124313178,0.6244884386191586,0.6738699490899758,0.38731981128050924,0.30001368542119095,0.38261169442632625,0.47169974216890176,0.427155718297614,0.22272011935643876,23.599666895554233,-28.869929457091853,-1.6946339458171686
87.30000000000001,0.5119861281846294,0.66234513191676,0.517399972106494,0.8089100727919878,0.6019879765322528,0.6715649856553326,0.23627772495538318,0.1107650276944397,0.4597516269867175,0.5971790714206037,0.5284653492036606,0.34356861108471537,23.59313922086676,-28.92237128883202,-1.6602770847086972
87.4,0.9305634121868547,0.44364010643065943,0.9659999784976683,0.6608362200161422,0.6677030636631731,0.625980009810398,0.04215888900068969,0.15570638123216832,0.639553444316777,0.5285109277591438,0.5840321860379604,-0.277606291394083,23.587920227690464,-28.98054085177957,-1.6880377138481055
87.5,0.27142992366985663,0.2064954019277736,0.991852989094364,0.6425184496386502,0.5884484356645098,0.5420830882338732,0.0,0.12853917019252398,0.5884484356645098,0.4724041778968903,0.5304263067807,-0.2901106444190486,23.581715673086244,-29.033219349968235,-1.7170487782900103
87.60000000000001,0.4953783148591262,0.6391081092828483,0.43187638670583056,0.8220124746562403,0.5698344115034331,0.5614880924436683,0.29584166260798694,0.0932673511448025,0.40125365179301364,0.5091195853620993,0.4551866185775565,0.26966483392271423,23.575082164561852,-29.078252061878327,-1.690082294897739
87.7,0.8889982717168883,0.8925437094639823,0.5411447022782958,0.8213331293620044,0.6336671835461241,0.627699215847731,0.29659594892036234,0.11011235016716964,0.44572406394256797,0.5585817799926478,0.5021529219676079,0.28214429012519954,23.56910638009441,-29.12811051723351,-1.661867865885219
87.80000000000001,0.5062316918732682,0.505252036065996,0.7270712727809671,0.7974925361875151,0.6081800852115529,0.603209779891384,0.1361395432203029,0.08920823603078366,0.5253827262151672,0.5493984994707564,0.5373906128429617,0.06003943313897281,23.564219043565753,-29.1816268759416,-1.6558639225713219
87.9,0.5076760461528758,0.9395856342332833,0.9039776120360292,0.492560374536235,0.5880792773998175,0.6704849507597639,0.06820426461509253,0.3497477238466327,0.5479697627493879,0.4359843653581149,0.4919770640537514,-0.2799634934781825,23.56003895875147,-29.230646680169023,-1.6838602719191402
88.0,0.30742195851566045,0.25739679723017955,0.40942467962501594,0.8328035394171864,0.531947813622986,0.587867320053847,0.24926297824615637,0.06484267619009487,0.3993529173277892,0.5497484297768566,0.4745506735523229,0.37598878112266837,23.554684925829573,-29.277798750634282,-1.6462613938068733
88.10000000000001,0.99217411360607,0.2677307554317729,0.785345739748813,0.6495132797665272,0.6239930736196029,0.5238400071294322,0.14782718440909218,0.15423758280211233,0.5317499344556417,0.4430441906547473,0.4873970625551945,-0.22176435950223589,23.5510102707952,-29.326399737005474,-1.668437829757097
88.2,0.6835436101574361,0.5405633367493659,0.5078784262585387,0.7056489486580699,0.6359031809271696,0.527184673053419,0.2842730961983181,0.1499533006907143,0.45513301480264384,0.4481315912555037,0.45163230302907376,-0.017503558867850294,23.546607468850944,-29.371347848272055,-1.670188185643882
88.30000000000001,0.4842457844361121,0.34863282695276643,0.7627439543936998,0.7467631004668338,0.6055717016289581,0.4914743038332885,0.13100506511557117,0.10075574702027118,0.5262387414249092,0.4419554432092978,0.4840970923171035,-0.21070824553902856,23.541803855930585,-29.419518640779653,-1.691259010197785
88.4,0.601383043940368,0.5286702509317662,0.727699756218578,0.6201820151513601,0.6047339700912401,0.49891349325298406,0.1663221109005437,0.19699076630598727,0.5041533396523987,0.40063214189668167,0.45239274077454017,-0.2588029943892926,23.536367382219538,-29.46443007220467,-1.7171393096367142
88.5,0.7639060340438999,0.2905314956919478,0.6889197452146012,0.8142983589175185,0.6365683828817721,0.4572370937407768,0.17406200911283862,0.086543089859875,0.5257660112196602,0.41766638284990065,0.4717161970347804,-0.27024907092439876,23.529488760572743,-29.511097472707483,-1.7441642167291542
88.60000000000001,0.9868632785043159,0.9869347021018398,0.8673218903515654,0.6789617963892947,0.7066273620062808,0.5631766154129894,0.07530687868148982,0.23864557775293033,0.6534134609826527,0.42877700665081664,0.5410952338167347,-0.5615911358295902,23.52015482859691,-29.564395861374145,-1.8003233303121133
88.7,0.2707570805861432,0.5779612578789166,0.8450116664040249,0.9762466281744113,0.6194533057222533,0.5661335439061748,0.04640545230610178,0.017964929575966064,0.5907072948877022,0.5559629946593082,0.5733351447735052,-0.08686075057098508,23.507110481833436,-29.620225753903494,-1.8090094053692118
88.80000000000001,0.8384785925127771,0.4499997771563477,0.4316645632844505,0.6061277026014027,0.6632583630803581,0.5429067905562094,0.3722565551655055,0.18781342005619103,0.4163560896553519,0.4409416094501175,0.42864884955273475,0.06146379948691397,23.496995803105474,-29.661880185077848,-1.8028630254205205
88.9,0.6101304883125727,0.5753859136936981,0.8402887284674376,0.6526096642892711,0.652632788126801,0.5494026151837071,0.10531451999452737,0.19609943188200957,0.5839010793125369,0.4416650744716919,0.5127830768921144,-0.35559001210211244,23.485202340490293,-29.711783883127328,-1.8384220266307316
89.0,0.43136675457661244,0.22826099213988274,0.9537187096370898,0.8496551676276513,0.6083795814167633,0.48517429057494227,0.03094893968093926,0.06137884488350475,0.5895508784483808,0.45539485305227845,0.5224728657503297,-0.33539006349025596,23.47138594234133,-29.762171243612304,-1.8719610329797571
89.10000000000001,0.24913421052277115,0.5785284255632226,0.5014475445726215,0.430971930874824,0.5365305072379649,0.5038451175725983,0.21886291875862524,0.314743817097643,0.4191038744208182,0.345262982041788,0.38218342823130314,-0.18460223094757547,23.46004913241504,-29.79866944177114,-1.8904212560745146
89.2,0.6994536043840532,0.4294525234982978,0.44950610008904934,0.7033576655843656,0.5691151266671826,0.48896659875773824,0.33322395720905007,0.1310641718385491,0.3794723320516142,0.4248805964348431,0.4021764642432286,0.11352066095807231,23.44741232529803,-29.836850198570858,-1.8790691899787073
89.30000000000001,0.3060310102450714,0.42477754518519106,0.9147150304479408,0.40852180603785443,0.5164983033827604,0.4761287880432288,0.020487405193591258,0.2649266741997286,0.5059165933595553,0.34998957173618866,0.427953082547872,-0.38981755405841656,23.434427656519105,-29.87762809436409,-1.918050945384549
89.4,0.673416100376649,0.3209084907719829,0.6679919006069011,0.8847044147941442,0.547881862781538,0.44508472858897963,0.17948437316877502,0.05741940336109782,0.4495456300696529,0.41952822902826425,0.4345369295489586,-0.07504350260347167,23.419639600800167,-29.918488060583755,-1.925555295644896
89.5,0.5879348110008787,0.8394976051294138,0.9172086568165891,0.6057087972048149,0.5558924524254062,0.5239673038970665,0.027683826666206376,0.23649277909818806,0.5405032221274089,0.4000528200418643,0.47027802108463657,-0.35112600521386134,23.40330381874165,-29.962587452820944,-1.9606678961662822
89.60000000000001,0.9471534837587103,0.32332023881443867,0.6975689653430639,0.996151344834035,0.634144658692067,0.4838378908805409,0.21612346519163128,0.0,0.4970911176227732,0.4838378908805409,0.49046450425165705,-0.033133066855580706,23.384662752704497,-30.007953353630988,-1.9639812028518402
89.7,0.5521480067133849,0.7100597331958012,0.5265140484769227,0.840616666563599,0.6177453282963307,0.529082259343593,0.2404225439715571,0.09877411880980043,0.4692254249407822,0.47682262539903125,0.4730240251699067,0.01899300114562269,23.36653967903724,-30.051646276224133,-1.962081902737278
89.80000000000001,0.8043871451588334,0.29279549153162954,0.5005602380514812,0.6392468816469548,0.6550736916688312,0.4818249057812003,0.3025837834997342,0.16032271196542622,0.45685901557253794,0.40457743019387227,0.4307182228832051,-0.13070396344666418,23.35011307057535,-30.091462710138742,-1.9751522990819443
89.9,0.8019422824529365,0.6260166658977349,0.6278804764904526,0.8233646827492289,0.6844474098256523,0.5106632578045072,0.229986792294845,0.08302724936750111,0.5270335455453354,0.4682642921559519,0.49764891885064366,-0.14692313347345887,23.33053423083306,-30.137214360367754,-1.9898446124292901
90.0,0.8962221886797805,0.20949043207640772,0.9563335156320439,0.6692923741728249,0.7268023655964779,0.4504286926588873,0.035893630397282224,0.1453948300306329,0.7007147901138876,0.3849386894488282,0.5428267397813579,-0.7894402516626484,23.3084470847517,-30.186800312735304,-2.068788637595555
90.10000000000001,0.7463010487310335,0.232814092024352,0.9506272846369148,0.7824544907532398,0.730702102223389,0.40690577253198024,0.04779792454617826,0.08279415200242031,0.6957760582755816,0.3732163541503052,0.5344962062129435,-0.8063992603131911,23.282916196761995,-30.233758120424948,-2.1494285636268744
90.2,0.9344336131338233,0.8866845385586655,0.6009804439708267,0.5602526894315318,0.7714484044054759,0.5028615257373172,0.2527798525256552,0.29406478089480353,0.5764417905087077,0.3549876613509464,0.46571472592982704,-0.5536353228944032,23.257447220486963,-30.272748289788275,-2.2047920959163148
90.30000000000001,0.5129230109519278,0.8185208122449583,0.849454547055648,0.8405880734557949,0.7197433257147663,0.5659933830388455,0.07959989833123321,0.08781339718708073,0.6624518301632872,0.5162915812887958,0.5893717057260415,-0.36540062218622854,23.222534683161225,-30.320232021871835,-2.2413321581349375
90.4,0.46992528246473164,0.7522226631236961,0.5079499914345287,0.728567533242306,0.6697797170647594,0.6032392390558157,0.2470177726640021,0.1763683812213861,0.5043322231798969,0.4968469109743207,0.5005895670771088,-0.018713280513940472,23.191427752411418,-30.35945265427356,-2.2432034861863315
90.5,0.2095691288188026,0.27815900758066336,0.4623443708665649,0.6675653220035869,0.577737599415568,0.5382231927607852,0.1951437504899375,0.12805016420941398,0.46499571746656093,0.46930362454645164,0.4671496710065063,0.010769767699726762,23.16233035555048,-30.395998921485578,-2.2421265094163587
90.60000000000001,0.35446362515712837,0.2189603782856299,0.4551647695461597,0.9631032806372877,0.5330828045638801,0.4743706298657542,0.24696449823872058,0.02771894914400676,0.4014302772150715,0.4612215745010949,0.4313259258580832,0.14947824321505848,23.135500672518983,-30.42977152357074,-2.2271786850948527
90.7,0.9603911673986016,0.7104663081275828,0.8248450634977014,0.4719862658666955,0.6185444771308244,0.5215897655181199,0.1340910155001242,0.29365479770034913,0.5356032200603588,0.3684224284423238,0.45201282425134126,-0.41795197904508735,23.107916366744927,-30.4655802097773,-2.2689738829993615
90.80000000000001,0.7251157031289206,0.9199177721017946,0.7396412825727465,0.9802993052516964,0.6398587223304436,0.6012553668348548,0.16946375822366852,0.020985561459420952,0.5314258585121319,0.5886376853813352,0.5600317719467336,0.14302956717300835,23.0719162511397,-30.508479481709447,-2.254670926282061
90.9,0.4026685911093272,0.5735644618301263,0.9617092359470465,0.7832683047061134,0.5924206960862203,0.5957171858339091,0.03456244005515496,0.1057986903435833,0.5719451912903071,0.5326910877575165,0.5523181395239118,-0.09813525883197644,23.037020731464093,-30.551291348978243,-2.2644844521652585
91.0,0.5415867191089481,0.9227131942962361,0.8619283054923398,0.5940424766719486,0.5822539006907659,0.6611163875263745,0.0578112680302334,0.25458008463947307,0.5485930643762831,0.49280932163336744,0.5207011930048253,-0.1394593568572891,23.003728279248065,-30.59132770682221,-2.2784303878509875
91.10000000000001,0.8216847602271282,0.5062392019545461,0.5995928421435888,0.43603518869685504,0.6301400725980384,0.6301409504120088,0.2699497591242049,0.2739764758909529,0.460033911785689,0.45749715350355097,0.45876553264461994,-0.006341895705345019,22.97390678960179,-30.62618938914972,-2.279064577421522
91.2,0.552459866222134,0.593377429124248,0.9571517789393773,0.7661811309723605,0.6146040313228576,0.6227882461544566,0.00946092211078086,0.12532508824049016,0.6087893104535401,0.5447372542500092,0.5767632823517747,-0.16013014050882735,22.936387213306183,-30.669993957784623,-2.295077591472405
91.30000000000001,0.31509808028121084,0.8149658586457584,0.5310318989185971,0.7860029001813369,0.5547028411145283,0.6612237686527169,0.21630317858361586,0.1425752747362002,0.4347188534120934,0.5669496081749501,0.5008342307935217,0.3305768869071418,22.903202072476432,-30.70750523202924,-2.2620199027816907
91.4,0.282629692762261,0.25833560270316797,0.7428067359069518,0.5503578101571076,0.5002882114440749,0.5806461354628072,0.10406944260528936,0.19721658711405043,0.44822349613709284,0.46613308630586975,0.4571782912214813,0.04477397542194228,22.87405785323036,-30.74272929176373,-2.2575425052394964
91.5,0.31908342035332515,0.7122682154230335,0.9597362341187997,0.7987635018996171,0.46404725322592494,0.6069705514548525,0.00787558906244275,0.12570690195564005,0.46039260775396224,0.5306701638531566,0.4955313858035594,0.17569389024798585,22.842639958232017,-30.781049383322035,-2.239973116214698
91.60000000000001,0.9236940347631595,0.6597122013789638,0.7092298017782226,0.9639466439380823,0.5559766095333718,0.6175188814396747,0.19429131665609753,0.01777224907499297,0.44795518203713997,0.6065441820702178,0.5272496820536788,0.39647250008269447,22.809932523700677,-30.822403294849668,-2.2003258662064282
91.7,0.8752393229470694,0.8247496295706966,0.8712290230546877,0.7240772302114078,0.6198291522161113,0.6589650310658791,0.06384575656611836,0.19196992564292828,0.580255691051138,0.5324635630508724,0.5563596270510052,-0.11948032000066389,22.777176041284946,-30.86737409877701,-2.2122738982064947
91.80000000000001,0.8543813275088661,0.5856530733180263,0.7403463313071612,0.9610253125053706,0.6667395872746623,0.6443026395163085,0.16099013213187408,0.028096093877938027,0.5594010930217632,0.6262002520706551,0.5928006725462092,0.16699789762222972,22.741704038032612,-30.91487002869715,-2.195574108444272
91.9,0.520491838784186,0.7058180212796676,0.975294332118665,0.4544001848937066,0.6374900375765671,0.6566057158689803,0.013940391628380868,0.3361546381754412,0.6286031767935585,0.43588465902711665,0.5322439179103375,-0.48179629441610455,22.71057218392543,-30.958039966632874,-2.2437537378858825
92.0,0.26436542773951044,0.5677114830044095,0.8599048538057148,0.7886755430837891,0.5628651156091558,0.6388268692960661,0.04390780133781762,0.09295911271108226,0.5381509459330012,0.5794420903503054,0.5587965181416532,0.10322786104326048,22.67574232146247,-31.00173683342769,-2.2334309517815565
92.10000000000001,0.5073309401317483,0.35280252873224227,0.8175293671642454,0.937876418710208,0.5517582805136743,0.5816220011833013,0.09699507122988348,0.02177446187612665,0.4982404467935724,0.568957495092219,0.5335989709428957,0.17679262074661667,22.64291552327801,-31.04380439740363,-2.2157516897068947
92.2,0.2678899877382168,0.7062330152868255,0.8411945098167561,0.48396577105983324,0.4949846219585828,0.6065442040040061,0.05238231613853012,0.3093759938700994,0.46905618100743746,0.41889398806411837,0.44397508453577794,-0.1254054823582977,22.616225394184728,-31.07928362746672,-2.2282922379427244
92.30000000000001,0.6743563427834817,0.5913860403821918,0.4377955785069131,0.7243312283310634,0.5308589661235625,0.6035125712796432,0.31262100866312914,0.14926889870498958,0.3649013006761485,0.5134269144101143,0.4391641075431314,0.37131403433491456,22.589386462916536,-31.11404456677973,-2.191160834509233
92.4,0.8674002338157778,0.5594458220396885,0.9975001768011672,0.42222560795822045,0.5981672196620056,0.5946992214316522,0.0,0.3141368467729128,0.5981672196620056,0.4078822832328067,0.5030247514474061,-0.47571234107299726,22.560144035154806,-31.15497401124563,-2.2387320686165326
92.5,0.23425162676279454,0.29454968697832923,0.8842622234844413,0.8003898509880287,0.5253841010821634,0.5346693145409877,0.043900852515581415,0.09052420040512854,0.502319291146524,0.48626880236100656,0.49429404675376526,-0.04012622196379351,22.529529110130234,-31.19378112930794,-2.242744690812912
92.60000000000001,0.89940431437827,0.3191629036727637,0.7476074273868754,0.9548894870521134,0.6001881437413847,0.49156803236734287,0.14799406597096892,0.004955813692933717,0.5113638600015289,0.4891319127815283,0.5002478863915286,-0.05557986805000151,22.498388080038875,-31.232931042759198,-2.248302677617912
92.7,0.7230652214232862,0.5769757086466483,0.9508114454971496,0.4274810161114449,0.6247635592777651,0.5086495676232039,0.03703505201886448,0.28910902308537617,0.6016254083604221,0.3615943880348605,0.48160989819764133,-0.600077550813904,22.468198263518243,-31.270455113951833,-2.3083104326993023
92.80000000000001,0.33779920716679956,0.2399663979092976,0.5844024009439612,0.8762182627497266,0.567370688855572,0.4549129336804226,0.17908207921850158,0.0358434797363589,0.4657647662076826,0.4386072711602408,0.4521860186839617,-0.06789373761860451,22.437791011280016,-31.303923322243485,-2.3150998064611628
92.9,0.6728339914319372,0.8542401422111416,0.4637987201549694,0.69828609792133,0.588463349370845,0.5347783753865665,0.31713717177850637,0.18243152224082254,0.4018397470560682,0.4372179423033211,0.41952884467969465,0.08844548811813235,22.409369625171948,-31.33478218364307,-2.3062552576493496
93.0,0.8435628247418472,0.5409691711505836,0.886912617843878,0.9893156516757386,0.6394832444450455,0.5360165345393699,0.07922065275239591,0.0,0.588822964395889,0.5360165345393699,0.5624197494676295,-0.13201607464129766,22.37163533561201,-31.376486897253393,-2.3194568651134793
93.10000000000001,0.9806826155429387,0.660773608361988,0.4823976411890531,0.9018562553734737,0.7077231186646241,0.5609679493038935,0.3700462284611117,0.06595255719265969,0.44583284780804416,0.5239706785441794,0.4849017631761118,0.1953445768403382,22.33863010531873,-31.412010860610554,-2.2999224074294453
93.2,0.674468202432678,0.4684029821349495,0.4724472937310935,0.48474208157159426,0.7010721354182349,0.5424549558701047,0.297198995044302,0.25896854517992135,0.49271420131837274,0.4019761851227853,0.44734519322057903,-0.22684504048896853,22.308827156252953,-31.445371937421086,-2.322606911478342
93.30000000000001,0.6427261839211351,0.5509289696433819,0.9554053183584771,0.4244193366171608,0.689402945118815,0.5441497586247601,0.008841986341432788,0.3134104921543988,0.6833072536943309,0.3736075149684768,0.5284573843314038,-0.7742493468146352,22.272735502493013,-31.48397329231203,-2.4000318461598056
93.4,0.6899532042511167,0.8221293101176839,0.40937819576096657,0.6921804848941682,0.6895129969452753,0.5997456689233449,0.32044108694797346,0.1807493470155451,0.4685647027393766,0.491342030890049,0.4799533668147128,0.05694332037668101,22.237343010443468,-31.51639124798,-2.3943375141221375
93.5,0.27131299201691894,0.7214046334846647,0.9321490851807513,0.6497333453305223,0.6058729959596041,0.6240774618356089,0.04001528045994629,0.21705609979541468,0.5816288181031726,0.4886176419993498,0.5351232300512612,-0.2325279402595569,22.198088665243738,-31.55275971091625,-2.417590308148093
93.60000000000001,0.7538866646700646,0.3649281748717299,0.7838954222393769,0.7138521184790989,0.6354757297016962,0.5722476044428331,0.12647997004735226,0.14513731853286846,0.5551007784432064,0.4891931215971427,0.5221469500201745,-0.16476914211515925,22.1589714714691,-31.587346117571915,-2.4340672223596087
93.7,0.6884303909043883,0.23009696958227135,0.5080002801889125,0.6999325809421382,0.6460666619422346,0.5038174774707207,0.30109486228159765,0.12272573339739404,0.45153930934000597,0.44198610804970145,0.4467627086948537,-0.023883003225761285,22.125018731528407,-31.6163836902894,-2.4364555226821847
93.80000000000001,0.826066424257754,0.478282853476917,0.40274202476908444,0.5413834043975303,0.6820666144053384,0.49871055267195996,0.36122760946111776,0.22653232111651156,0.43568532179046005,0.3857364936098826,0.4107109077001713,-0.1248720704514436,22.093742164450262,-31.643003435758605,-2.448942729727329
93.9,0.27654708396745287,0.4895210436745349,0.8566769435410893,0.7238336958328221,0.6009627083177613,0.49687265087247495,0.04762219161560342,0.14773882955205014,0.5723435470684209,0.42346526699615106,0.497904407032286,-0.3721957001806747,22.055425605475243,-31.674798550064665,-2.4861622997453963
94.0,0.7274617267138284,0.4211412671391309,0.5162313958079179,0.8779677829856458,0.6262625119969747,0.48172637412580616,0.293309589088432,0.0759097396189102,0.4425737119416528,0.44515865049835446,0.44386618122000365,0.006462346391754165,22.020236529327928,-31.701852215032776,-2.485516065106221
94.10000000000001,0.5795302718729665,0.34105905389642466,0.8020855810761736,0.42586936080766147,0.616916063972173,0.45359291007992986,0.11104771794361948,0.2419667536045872,0.5484089429053033,0.3438385061698318,0.44612372453756755,-0.5114260918386787,21.984886057694112,-31.729066327754293,-2.5366586742900887
94.2,0.5477373138152466,0.46743570337783896,0.8830922047350388,0.8550448124996466,0.6030803139407878,0.45636146873951167,0.04241894258262212,0.08020612365362907,0.5774982847310237,0.4197584843470386,0.49862838453903113,-0.39434950095996274,21.94387189620815,-31.757423711559635,-2.576093624386085
94.30000000000001,0.9398890765748062,0.34071008657244206,0.8712952108490403,0.6910368376146423,0.6704420664675914,0.43323119230609775,0.07164133033411538,0.15059886203324355,0.6224107049138998,0.3679870677474941,0.495198886330697,-0.6360590929160143,21.902061199107944,-31.783958311202866,-2.6396995336776863
94.4,0.7771224644471459,0.6741653298125373,0.5955833885925991,0.5192508373279278,0.6917781460635023,0.48141801980738563,0.25411157874533785,0.2668939142824033,0.5159893092257828,0.3529304800949089,0.43445989466034585,-0.4076470728271847,21.863973256683387,-31.80485957055599,-2.6804642409604047
94.5,0.8231802231677345,0.46090577976573743,0.4588384802808688,0.8426487196054852,0.7180585614843488,0.477315571799056,0.35533329226252003,0.07123632546841252,0.4629084487948259,0.443313364375237,0.45311090658503145,-0.04898771104897226,21.82339486546963,-31.8250211454738,-2.685363012065302
94.60000000000001,0.3765302066417319,0.576792207867457,0.6906446295425566,0.9342933063322234,0.6497528905158254,0.4972108990127362,0.12519691864133994,0.05198713632297082,0.5684058307449401,0.4713623282244942,0.5198840794847172,-0.24260875630111478,21.776723833543947,-31.847925497462203,-2.7096238876954133
94.7,0.5639926980618284,0.5098642431109255,0.48184276874843324,0.8318927296734822,0.632600852025026,0.49974156783237406,0.2776227720010716,0.1037391712092582,0.4569764499155986,0.4478987917666283,0.45243762084111344,-0.02269414537242581,21.735636015606634,-31.866867229818933,-2.7118933022326557
94.80000000000001,0.3617687126153191,0.3017694117551719,0.8153263177067005,0.43579103178055956,0.5784344241430847,0.4601471366169336,0.06758582878078892,0.2514331485061926,0.5393404541920359,0.34445089328122885,0.4418956737366324,-0.4872239022770176,21.695463675835445,-31.885276493301745,-2.7606156924603575
94.9,0.566863139976405,0.3369610533734535,0.6061456049376139,0.9318453831754394,0.5761201673097487,0.4355099199682376,0.2116063734640295,0.04121444423924048,0.4542094680258429,0.41756062065607064,0.43588504434095676,-0.09162211842443063,21.655000387944114,-31.901483900615204,-2.7697779043028006
95.0,0.7103993711040029,0.6892224723433142,0.5019612904405062,0.9820815051470203,0.6029760080685995,0.48625243044325295,0.3051343281603209,0.0,0.4189873289497952,0.48625243044325295,0.45261987969652406,0.16816275373364442,21.612831171102442,-31.91792788753824,-2.752961628929436
95.10000000000001,0.8855790109739827,0.5913707188498917,0.9973986024399516,0.7549485227770611,0.6594966086496762,0.5072760881245807,0.015181477548935158,0.12264878559668804,0.6494844756918623,0.4450592919538624,0.5472718838228623,-0.5110629593449997,21.562185062405973,-31.938665216733096,-2.804067924863936
95.2,0.7840142037159823,0.7889430872952847,0.5479925062410449,0.5963775683980378,0.6844001276629375,0.5636094879587215,0.2805330474463801,0.26413368552192434,0.49240327417696206,0.41474123670905977,0.45357225544301094,-0.19415509366975572,21.519387016368444,-31.953685375335663,-2.8234834342309116
95.30000000000001,0.6734173056259891,0.31917576142403314,0.7442204709272912,0.40304654874401624,0.6822035632555478,0.5147227426517837,0.16483976489450966,0.23690161150507613,0.5697492882783065,0.39278409543926357,0.481266691858785,-0.4424129820976073,21.473674934495136,-31.96873801157437,-2.8677247324406725
95.4,0.5765221043436306,0.8148851126683732,0.4201723326401307,0.7186730357750661,0.6610672714731644,0.5747552166551017,0.3068324605538139,0.18801845182199917,0.45823037397545724,0.4666906306429917,0.4624605023092245,0.02115064166883618,21.429152382370198,-31.981245589846885,-2.865609668273789
95.5,0.8570330566048574,0.5619530945735278,0.5443068955082813,0.7350921798635066,0.700260428499503,0.5721947922387869,0.2734224726937552,0.14829010511791912,0.5087934906095803,0.48734396634977134,0.49806872847967587,-0.05362381064952251,21.381230310864932,-31.99481760685018,-2.870972049338741
95.60000000000001,0.9599471164822966,0.3061696014309268,0.577474256928544,0.7885841190768108,0.7521977660960617,0.5189897540772148,0.27262785059952527,0.08850772873202514,0.547127705899528,0.47305514970864826,0.5100914278040881,-0.18518139047719928,21.33207763685254,-32.008453855770746,-2.889490188386461
95.7,0.44386928177954454,0.762643590326803,0.9147532667385673,0.8483720179661816,0.6905320692327582,0.5677205213271325,0.0216859214342898,0.08993726996149531,0.675557245031519,0.5166612875378533,0.5961092662846862,-0.39723989373416424,21.27435100431792,-32.02332323604425,-2.9292141777598775
95.80000000000001,0.8174680062450403,0.8993592304178171,0.6432162233514148,0.8739152276734343,0.7159192566352146,0.6340482631452694,0.21851568044168232,0.08175546471651271,0.5594796731302673,0.5822113527391302,0.5708455129346988,0.05682919902215727,21.218549009775,-32.03535583349486,-2.9235312578576615
95.9,0.7067218422970989,0.8883061207968297,0.44241915517246394,0.9360606641653954,0.7140797737675915,0.6848998346755815,0.31821232373798686,0.0232094491193073,0.4868507896227103,0.6690036868108565,0.5779272382167834,0.4553822429703656,21.162124894162748,-32.04785855736224,-2.877993033560625
96.0,0.5407218024306775,0.41583150445255623,0.9676572961174007,0.7254610638703228,0.6794081795002087,0.6310861686309764,0.028477323350826457,0.13953413014116545,0.660060453085385,0.5430281090469323,0.6015442810661586,-0.2925808600961316,21.10404830064425,-32.063532245700394,-2.907251119570238
96.10000000000001,0.2647672332552386,0.9046777983647267,0.8414564710806753,0.43288700512678835,0.5964799902512147,0.6858044945777265,0.08216680046830352,0.38234183137587957,0.5474691379089075,0.42359274815506914,0.4855309430319883,-0.30969097438459586,21.05682228623447,-32.07480639885629,-2.938220217008698
96.2,0.9103823247645055,0.28877323498103014,0.6193545153678337,0.7714800702372536,0.6592604571538728,0.6063982426583873,0.24742965963279206,0.0819628508063805,0.4961398666309312,0.5566961139661265,0.5264179902985289,0.1513906183379883,21.005265381720328,-32.085438642364544,-2.923081155174899
96.30000000000001,0.6470323664240458,0.2536047313258541,0.8256022815715172,0.5228275558579227,0.6568148390079074,0.5358395403918806,0.11670576780010482,0.18110231725404113,0.5801607589189873,0.4387977579505707,0.509479258434779,-0.3534075024210416,20.955528936251156,-32.09648296850264,-2.958421905417003
96.4,0.2908461430611515,0.582794772013307,0.9634887594831458,0.7480716312131198,0.5836210998185563,0.5452305867161659,0.033565182791625285,0.12269928416041384,0.564031750922097,0.47833118402372987,0.5211814674729134,-0.21425141724591784,20.90428266926705,-32.10597619453841,-2.979847047141595
96.5,0.7960133717112894,0.38034978103914147,0.6116270016041385,0.5604147114019065,0.6260995541971028,0.512254425580761,0.2473810090495144,0.1898398672457084,0.47121441471437236,0.4150081134324827,0.4431112640734275,-0.14051575320472423,20.860549906192688,-32.11311211475721,-2.9938986224620674
96.60000000000001,0.2506953440476285,0.47618126542812966,0.6917361430888627,0.7160095594654672,0.551018712167208,0.5050397935502347,0.10829965990994293,0.14768251464733292,0.49134357303548465,0.4304542468417661,0.46089890993862537,-0.1522233154842964,20.814961793610298,-32.119894595350736,-3.009120954010497
96.7,0.7426466335378827,0.6262843722072315,0.5753586118756758,0.7725707607037389,0.5893442964413429,0.5292887092816341,0.26553197006564433,0.14301753602379982,0.432854544360322,0.45359114223495745,0.4432228432976397,0.05184149468658861,20.771027841256718,-32.125748885982546,-3.003936804541838
96.80000000000001,0.8470367013101843,0.9527007096000333,0.4393765547350954,0.9351419279753223,0.6408827774151111,0.613971109345314,0.3564494518784964,0.02738037023794372,0.41244046268712636,0.5971603530560382,0.5048004078715823,0.4617997259222796,20.721025322200436,-32.132675833787985,-2.95775683194961
96.9,0.9183566878963221,0.43069815014753643,0.9739761579496293,0.46561895235523376,0.6963775595113533,0.5773165175057584,0.008404529820142259,0.26026037020529763,0.6905248335463622,0.4270639069340765,0.5587943702402194,-0.6586523165307142,20.6660874687183,-32.14289071200051,-3.0236220636026814
97.0,0.5970629879861955,0.8999945116296777,0.712412583613864,0.7763657183469397,0.6765146452063218,0.6418521163305423,0.14668612344743137,0.1663811191576159,0.577279334445592,0.5350600428817824,0.5561696886636872,-0.10554822890952387,20.610857063569785,-32.14943667052571,-3.0341768864936336
97.10000000000001,0.633147966454753,0.3056218950385148,0.6080201480692475,0.6663160312371369,0.6678413094560081,0.5746060720721368,0.22265383169761052,0.13255831326629222,0.5191438829396782,0.4984372603656848,0.5087905716526815,-0.0517665564349834,20.560271249306066,-32.154891379803296,-3.039353542137132
97.2,0.25035960687420733,0.89743496061557,0.5393968381059804,0.9684692271930895,0.5843449689396479,0.6391718497808234,0.19009440043184175,0.017245628165562216,0.47326426242370234,0.6281489297256088,0.5507065960746556,0.38721166825476605,20.505488161356865,-32.16051195133574,-3.000632375311655
97.30000000000001,0.47423398289537727,0.716840981166508,0.5957838482535558,0.7560143530332535,0.5623227717307938,0.6547056760579604,0.20581660299007165,0.15683157313032156,0.44658740906920036,0.5520271549444398,0.49930728200682006,0.2635993646880985,20.45605266911381,-32.167526915721766,-2.974272438842845
97.4,0.556205042946381,0.44326587061435974,0.47917255117721225,0.8736089571110681,0.5610992259739113,0.6124177149692402,0.2589924610803284,0.05072754543767416,0.41577875652866064,0.5813512675063016,0.49856501201748116,0.4139312774441024,20.40689243390051,-32.17583004680906,-2.932879311098435
97.5,0.5873944900745292,0.9765792387017387,0.8618498422749953,0.4283913618996963,0.5663582787940349,0.68525001971574,0.06802933971209082,0.393008104370124,0.5278292990472004,0.4159412084476669,0.4718852537474337,-0.2797202264988338,20.36072797872825,-32.18560757234936,-2.960851333748318
97.60000000000001,0.3330904580273045,0.9393053123998039,0.8270873034089059,0.5711479493183516,0.5197047146406888,0.7360610782525527,0.0938402802699706,0.30335808605487996,0.47093547856118145,0.5127709983343671,0.4918532384477743,0.10458879943296417,20.31234384916831,-32.19444907043752,-2.950392453805022
97.7,0.7542874151749084,0.7330847727922039,0.4920908801015677,0.5427431946259021,0.5666212547475327,0.735465817160483,0.28726257710584885,0.2639252756340491,0.40385217286580677,0.5413577986469813,0.47260498575639404,0.34376406445293634,20.265944585298875,-32.20343033081635,-2.916016047359728
97.80000000000001,0.3011788096480884,0.4083257577995785,0.5106979498497637,0.7374923454543996,0.5135327657276438,0.670037805288302,0.18712514220028467,0.11430550173280263,0.417437873916353,0.5934487977748768,0.505443335845615,0.4400273096463095,20.216680777216578,-32.2147355009052,-2.872013316395097
97.9,0.4750776120897783,0.49833194880741294,0.7239199577665285,0.4975585648431314,0.5058417350000707,0.6356966339921242,0.12735018233490353,0.2677028374020619,0.44142269781520777,0.4655188413454925,0.45347076958035015,0.0602403588257118,20.172971499953025,-32.22681260609377,-2.865989280512526
98.0,0.523649864978009,0.5995335326702486,0.48723033196235765,0.674824441646686,0.5094033609956583,0.6284640137277491,0.2540443246221115,0.15570590023372383,0.3799923281912826,0.5306084587057706,0.4553003934485266,0.3765403262862199,20.1291597106433,-32.239202585925234,-2.828335247883904
98.10000000000001,0.7907959851392841,0.980480828925425,0.5987683876480636,0.8232708139518955,0.5656818858243835,0.6988673767672843,0.24624284991624018,0.11392367465363695,0.42638676611299414,0.6192498371104075,0.5228183016117008,0.48215767749353333,20.079422185186647,-32.255313710232684,-2.780119480134551
98.2,0.9552076205859283,0.9845518231038197,0.7442365497360575,0.48825008481551485,0.6435870327766925,0.7560042660345914,0.177061174380361,0.37133793085963385,0.5296327569372795,0.47527120616425006,0.5024519815507648,-0.13590387693257364,20.032423990146597,-32.27308305463872,-2.793709867827808
98.30000000000001,0.5536844273727204,0.7513175851840712,0.8389843127681966,0.9401046814326088,0.6256065116958981,0.7550669298644873,0.06954238934098735,0.03800715762614315,0.582100340085285,0.7263689820428397,0.6542346610640624,0.36067160489388683,19.970919612426105,-32.29538644986435,-2.7576427073384195
98.4,0.4464657606172299,0.5213039375395894,0.9045261497215843,0.6675836146953413,0.5897783614801645,0.7083143313995077,0.029391722409090496,0.15124224926235078,0.5724437595966513,0.6011872787338881,0.5868155191652697,0.07185879784309207,19.91651053057346,-32.31736772251369,-2.7504568275541104
98.5,0.7130501222321375,0.6667451532270541,0.5332863142249734,0.9613990460355362,0.6144327136305591,0.700000495765017,0.26424729277509906,0.0027770316299410187,0.45207053246122614,0.6980565722473031,0.5750635523542647,0.6149650994651924,19.863347248769173,-32.33929137093864,-2.688960317607591
98.60000000000001,0.63072983532817,0.5563664655510389,0.802934665788518,0.4524261622540928,0.6176921379700813,0.6712736897222213,0.10930909545378789,0.273910841191556,0.5501727690996554,0.4874045487006481,0.5187886589001518,-0.15692055099751828,19.81669263610883,-32.36197977862952,-2.704652372707343
98.7,0.45420624973280355,0.684062257477974,0.9660412984611731,0.9450681701306985,0.5849949603226258,0.6738314032733719,0.010799907016235552,0.017428103115038677,0.578677069146175,0.6620878000949723,0.6203824346205736,0.20852682737199313,19.760482843358016,-32.38823245184137,-2.6837996899701437
98.80000000000001,0.8830432559707193,0.49570397368736635,0.6236986905881351,0.5707902193587432,0.6446046194522445,0.6382059173561707,0.23986072755632326,0.2329682768447907,0.4899892864442622,0.4895241845175547,0.4897567354809085,-0.0011627548167687796,19.71655018884151,-32.409878201230626,-2.6839159654518205
98.9,0.8994413886131825,0.270078904722304,0.8367120141735891,0.6665322173008069,0.6955719732844321,0.5645805148293974,0.12743747146694898,0.14821280039497753,0.6069300397857879,0.4809024556780943,0.543916247731941,-0.31506896026923387,19.667756468058943,-32.433911962019586,-2.715422861478744
99.0,0.4309072146641632,0.8445382280826608,0.982216403921203,0.6542993190673241,0.6426390215603783,0.6205720574800501,0.02425746382713201,0.2060758879638216,0.6270502287409739,0.492687119689313,0.5598686742151435,-0.33590777262915233,19.61677730231705,-32.457056161809916,-2.7490136387416593
99.10000000000001,0.6697440540667516,0.2688623794534164,0.5246702744211158,0.6847678780036379,0.648060028061653,0.5502301218747233,0.28463965343982234,0.1479367938518798,0.4635964462659825,0.46883084176384765,0.46621364401491505,0.013085988744662852,19.57370263613969,-32.47489221384969,-2.747705039867193
99.2,0.25289262493343945,0.9680762385766439,0.853668432127412,0.4530689671931514,0.5690265474360102,0.6337993452151074,0.0550803656358512,0.3924441044944278,0.5376843571467288,0.3850685287530099,0.46137644294986935,-0.38153957098429725,19.531098025853602,-32.49259897536786,-2.7858589969656227
99.30000000000001,0.5316112111502469,0.6446510759718416,0.8261482040639951,0.8531462486753111,0.5615434801788576,0.6359696913664542,0.0746012458967056,0.06936415364263362,0.5196516369323428,0.5918561919824532,0.555753914457398,0.1805113876252759,19.479002141612924,-32.511954671674864,-2.767807858203095
99.4,0.5054156261054465,0.6430935412084199,0.4253397486633027,0.8957489831834714,0.5503179093641754,0.6373944613348473,0.3019583917571116,0.05024914244798793,0.38414479849743305,0.605365936251674,0.4947553673745535,0.5530528443856023,19.432942790211317,-32.530020243459965,-2.7125025737645347
99.5,0.6474248453370095,0.5707614673645509,0.41610400881418386,0.40146800497483,0.5697392965587422,0.624067862540788,0.3168873870127384,0.3344482622509533,0.3891960995937667,0.4153494503873547,0.4022727749905607,0.06538337698396998,19.39636232892444,-32.546756542543854,-2.7059642360661376
99.60000000000001,0.8673944570813228,0.578032935405832,0.7922877833213513,0.935611915384333,0.6292703286632584,0.6148608771137969,0.131067306056121,0.03387925893892215,0.5467935619043153,0.5940298462466458,0.5704117040754806,0.11809071085582629,19.344648516255873,-32.57082678767645,-2.694155164980555
99.7,0.7502745487975231,0.39580020921494113,0.47161279811584217,0.5663302205192308,0.6534711726901113,0.5710487435340257,0.33686366652160304,0.18142856267919516,0.4333404774915488,0.4674441907748871,0.45039233413321794,0.0852592832083457,19.30404300132865,-32.590313313892146,-2.6856292366597203
99.80000000000001,0.7964524588689774,0.6648526160745973,0.7393447537842475,0.9210075509156802,0.6820674299258845,0.58980951804214,0.16635622047022952,0.04374669782672644,0.5686012701775712,0.5640072992810233,0.5663042847292973,-0.011484927241369736,19.2531980945247,-32.61524924942954,-2.6867777293838575
99.9,0.7553960789339589,0.29566694720507986,0.7075155216438648,0.7451582119653154,0.6967331597274994,0.530981003874728,0.18993319746919807,0.09310574311308183,0.5644004029176379,0.48154362293004127,0.5229720129238395,-0.20714194996899166,19.20621730399348,-32.63822320390146,-2.7074919243807565
100.0,0.2468083151944704,0.4557448891463516,0.9269903586504595,0.481298436331982,0.6067481908208936,0.5159337809290527,0.01564300110723231,0.24107551790036202,0.5972568282000712,0.3915547774892894,0.4944058028446803,-0.5142551267769544,19.16136240488697,-32.65901765039589,-2.758917437058452
100.10000000000001,0.5356112041249701,0.9296836969563744,0.6135905938538084,0.5739137185737375,0.5925207934817089,0.5986837641345171,0.1998933979640246,0.30372875295286217,0.4740797987083101,0.4168462910408147,0.4454630448745624,-0.14308376916873838,19.120038178211043,-32.6756513972115,-2.773225813975326
100.2,0.6110931944478442,0.8131539501430389,0.5099484984488311,0.4567051914278976,0.596235273674936,0.6415778013362214,0.2769074457351057,0.34144986385460896,0.43113328698443776,0.4225111484178293,0.4268222177011335,-0.02155534641652121,19.08021922166828,-32.69102093705753,-2.775381348616978
100.30000000000001,0.8979545075667525,0.8614575972854785,0.8109802907699817,0.5806433853721275,0.6565791204532994,0.6855537605260729,0.13201610151627896,0.2778440267246638,0.5699001046340675,0.4950767431652729,0.5324884238996702,-0.18705840367198648,19.030501272662384,-32.71008831135288,-2.7940871889841765
100.4,0.27666672786724755,0.6640373131729922,0.8939888900982627,0.4077385983032708,0.580596641936089,0.6812504710554568,0.044262061579252936,0.3299124562647449,0.5548982376180063,0.45649745481803655,0.5056978462180214,-0.2460019569999243,18.982954288827276,-32.72731002569493,-2.818687384684169
100.5,0.5879192198037774,0.47225047302786927,0.9464727870957366,0.46145071484689215,0.5820611575096266,0.6394504714499393,0.014828231359189448,0.2521413874798589,0.5734302200008763,0.47821854235390165,0.5258243811773889,-0.2380291941174366,18.93308944189075,-32.74399564340609,-2.8424903040959126
100.60000000000001,0.3507334279722376,0.917645386211009,0.7680570156409717,0.8988497091196264,0.5357956116021488,0.6950894544021532,0.10314907149446959,0.06875695250651148,0.4805287917545757,0.6472972217980474,0.5639130067763115,0.4169210751086792,18.87920183725265,-32.760612046701716,-2.8007981965850446
100.7,0.6408902627364688,0.8050453949128407,0.46838004179602677,0.6762948151649437,0.5568145418290128,0.7170806425042907,0.27882602235973974,0.21410429255689534,0.40156015793876826,0.5635505988346656,0.4825553783867169,0.4049761022397434,18.83372150305108,-32.77674078295143,-2.7603005863610703
100.80000000000001,0.938727802141782,0.5836145838988418,0.586944079508114,0.6175411394492416,0.6331971938915666,0.690387430783201,0.2916971548406551,0.21961014108399718,0.44849537398031003,0.5387713497062838,0.4936333618432969,0.22568993931493447,18.787903214286555,-32.79510987040665,-2.737731592429577
100.9,0.6781189115233488,0.8108716366893736,0.6052270777771196,0.8259369297535013,0.642181537417923,0.7144842719644355,0.20666345188246987,0.12125900807358587,0.5094660841599435,0.6278466178618499,0.5686563510108967,0.29595133425476594,18.735612387444778,-32.817456455909884,-2.7081364590041006
101.0,0.3778862782044081,0.88545216735747,0.4854156018259249,0.5359446584020331,0.58932248557522,0.7486778510430424,0.2171708399168096,0.28878485577203805,0.46133882640098756,0.5324710258098581,0.4969049261054228,0.17783049852217625,18.690517294596923,-32.838326953194844,-2.690353409151883
101.10000000000001,0.2628839696932141,0.7526545093239765,0.8704178338276842,0.4466411785131979,0.5240347823988188,0.7494731826992292,0.06348837187123926,0.3428962127276455,0.4907646672604187,0.49248166681072886,0.49162316703557374,0.004292498875775458,18.64627576285697,-32.85976570905809,-2.6899241592643053
101.2,0.23401355264396068,0.2862539054917854,0.8758331089904405,0.7080875155024655,0.4660305364478472,0.6568293272577405,0.03124337090007817,0.10575506956890704,0.4514701715468447,0.5873662960586997,0.5194182338027722,0.3397403112796375,18.599542659718228,-32.88243661744509,-2.6559501281363413
101.30000000000001,0.4024099769787878,0.2529978889325011,0.8005518541199225,0.8527301628731352,0.4533064245540353,0.5760630395926926,0.10323324584537966,0.0758884571292177,0.4065101309847585,0.5323465043088357,0.4694283176467971,0.3145909333101929,18.558027582747137,-32.90434843704482,-2.624491034805322
101.4,0.3643209492421331,0.9209398937226798,0.5108690947470098,0.6109201998826523,0.4355093294916549,0.64503841041869,0.2016506983796487,0.2738860448411897,0.3476885690488102,0.46837139141846695,0.40802998023363857,0.30170705592414193,18.52255934492921,-32.92451992072316,-2.594320329212908
101.5,0.9534759836040476,0.9590332840666256,0.608701925064042,0.4963344016155813,0.5391026603141335,0.7078373851482771,0.2666521258457476,0.353454672249879,0.3953497898922718,0.4576489541744814,0.4264993720333766,0.15574791070552402,18.48613855601772,-32.9467132368006,-2.578745538142355
101.60000000000001,0.39345801773613226,0.65618828575812,0.45946341076308417,0.7468802068974556,0.5099737317985332,0.6975075652702457,0.22779173120055377,0.13105355821419284,0.39380593256533847,0.6060967169602617,0.4999513247628001,0.530726960987308,18.44385570614016,-32.973390453251206,-2.5256728420436243
101.7,0.3532380161539543,0.4254854331718293,0.9409961749047839,0.7222758934095305,0.47862658866961744,0.6431031388505625,0.04498130133265141,0.11453168543543508,0.45709734185885037,0.5694474524491889,0.5132723971540196,0.28087527647584637,18.40196023638099,-33.00304269010546,-2.49758531439604
101.80000000000001,0.37121230912492975,0.6033562174516726,0.8246536544325151,0.6198778153872471,0.4571437327606799,0.6351537545707845,0.08221541524954805,0.2033629219425142,0.4195594709430322,0.5059870311585113,0.4627732510507717,0.21606890053869773,18.364952437233402,-33.03082782320092,-2.47597842434217
101.9,0.9661981887061863,0.3446788301154503,0.6128934069632044,0.6277690340165429,0.5589546239497811,0.5770587696797177,0.25431161354169424,0.15209151185288775,0.41680597163652133,0.4892930289711621,0.4530495003038417,0.18121764333660195,18.32931838961959,-33.05880554912552,-2.4578566600085097
102.0,0.29027638293152713,0.9876902002947348,0.4741692414845602,0.4661896967279654,0.5052189757461303,0.6591850558027211,0.20424022259725447,0.3815297203002686,0.4020329396793837,0.407686365836192,0.40485965275778785,0.014133565392020764,18.297932935287694,-33.084380275726055,-2.4564433034693076
102.10000000000001,0.7637847321526483,0.6457056982644592,0.4243651378851292,0.596869244398383,0.5569321270274339,0.6564891842950688,0.33318381050422563,0.21640521479845215,0.37137135875221006,0.5144215013548338,0.4428964300535219,0.3576253565065593,18.263638377457045,-33.11240625975413,-2.4206807678186517
102.2,0.6803116067419912,0.44960552863506403,0.985707428341017,0.6663735220992868,0.5816080229703453,0.6151124531630678,0.010333768097835984,0.15171163995621367,0.5755978205371288,0.5217927341362091,0.5486952773366689,-0.13451271600229936,18.22242016143966,-33.148623986657675,-2.4341320394188815
102.30000000000001,0.884292533564339,0.3510279885338172,0.44176549417415845,0.904634965073033,0.642144925089144,0.5622955602372177,0.36395446581472074,0.04916507336403167,0.4084334119026908,0.5346502577658856,0.4715418348342882,0.31554211465798704,18.186582289461725,-33.17926976861999,-2.402577827953083
102.4,0.34343782670966294,0.9989786605486806,0.6949890241269565,0.46310313074158027,0.5824035054132478,0.6496321802995103,0.13092654944864848,0.3819503974307663,0.506151424062694,0.4015049108502971,0.45382816745649557,-0.26161628303099216,18.1530383750529,-33.209837821582234,-2.4287394562561824
102.5,0.2680047280741802,0.31469404932744177,0.6403745727019181,0.7543343393992075,0.5195237499454343,0.5826445541050966,0.13050904039266314,0.12163511940797675,0.4517212038788577,0.5117745141941158,0.48174785903648676,0.15013327578814517,18.116594198591145,-33.24134388447315,-2.413726128677368
102.60000000000001,0.9822826633973314,0.25176832892721884,0.9851244965154814,0.6031789878022529,0.6120755326358137,0.516469309069521,0.014105863915960798,0.17863554165430323,0.6034416784661637,0.4242095342960634,0.5138256063811135,-0.44808036042525073,18.07823221234692,-33.2755275874488,-2.458534164719893
102.7,0.29820973415893093,0.8704873050731672,0.8351203001995837,0.5671109993673131,0.5493023729404372,0.5872729082702502,0.07767115481281237,0.28387319697227786,0.5066374232927352,0.42056187030436704,0.46359964679855115,-0.2151888824709204,18.042273294500305,-33.30478852647026,-2.4800530529669853
102.80000000000001,0.4183782324570593,0.8315941858350291,0.7862987068737674,0.6401413173501073,0.5231175448437616,0.6361371637832061,0.09890662698648729,0.23178677737810083,0.47137775296581264,0.4886889806194516,0.4800333667926321,0.0432780691340974,18.004396389358583,-33.33427853137409,-2.4757252460535755
102.9,0.5235548793525886,0.5876262874091537,0.5673343799145851,0.860799733346558,0.523205011745527,0.6264349885083956,0.2047308313559143,0.06450676877016022,0.4160888147212844,0.5860256915551465,0.5010572531382155,0.42484219208465523,17.96499418658356,-33.365230916188516,-2.43324102684511
103.0,0.5978190257002223,0.7026968237304867,0.4807650284307756,0.4597620341381357,0.5381278145364661,0.6416873555528139,0.2620480062253541,0.296649937753499,0.397112493642778,0.4513308414708642,0.4242216675568211,0.13554586957021553,17.93277729519825,-33.392830049176965,-2.419686439888088
103.10000000000001,0.7424859525367551,0.9776580403989297,0.629579789659011,0.8075226172519738,0.5789994421365239,0.708881492522037,0.20724825023476973,0.137892709620777,0.45900282086682154,0.6111319027181529,0.5350673617924873,0.38032270462832835,17.892617951555195,-33.428188187345064,-2.3816541694252553
103.2,0.27706690287692215,0.26121380723166826,0.8509658479092221,0.8605432651587762,0.5186129342846035,0.6193479554639633,0.07293647461339409,0.04448550049122501,0.48078713516897675,0.5917959516869319,0.5362915434279543,0.27752204129488783,17.85374333655456,-33.46513207052044,-2.3539019652957665
103.30000000000001,0.7296745866411867,0.5922002882051155,0.5569991642643725,0.6061693898267221,0.5608252647559202,0.6139184220121937,0.27658572387934177,0.21330462474394993,0.40570900293358053,0.4829667833814848,0.4443378931575327,0.19314445111976067,17.822396015151625,-33.496623451465354,-2.3345875201837902
103.4,0.9620643959281738,0.22527881855196688,0.6582438433771982,0.9489634951314364,0.6410730909903709,0.5361905013201483,0.22938861420720413,0.012492296781285217,0.4940182230425608,0.529492250446351,0.5117552367444559,0.08868506850947533,17.786999723127348,-33.533583385641236,-2.3257190133328427
103.5,0.5010692503604659,0.5677249910591908,0.4197158776679747,0.733999930289735,0.61307232286439,0.5424973992679568,0.30480467687754964,0.13232775865682214,0.42620501159114077,0.470709934345673,0.4484574729684069,0.11126230688633054,17.75626996580771,-33.56624564315183,-2.3145927826442096
103.60000000000001,0.7648473630198493,0.5931836869161196,0.48069294532742946,0.8294339137781284,0.6434273308954819,0.5526346567975894,0.3141665660153186,0.07601591353705457,0.4412839758676462,0.5106256285088839,0.4759548021882651,0.17335413160309426,17.72404370350753,-33.60127131595651,-2.2972573694839
103.7,0.7400196641120536,0.7280628714190953,0.8112245002659815,0.7433261400602089,0.6627457975387963,0.5877202997218905,0.1115481248914692,0.16592609975828704,0.5888177465436423,0.49020216264026584,0.539509954591954,-0.2465389597584411,17.68820792420998,-33.641601290332595,-2.321911265459744
103.80000000000001,0.6053480390056201,0.5131078556978165,0.6968146782713165,0.9825224550565974,0.651266245832161,0.5727978109170757,0.16904623955921694,0.0029409605373643764,0.5411721360223857,0.5711132351592799,0.5561426855908328,0.07485274784223561,17.65025373725655,-33.682251340271876,-2.3144259906755202
103.9,0.9822263555791231,0.45638622678174956,0.4168881919553731,0.42707107124417154,0.7174582677815534,0.5495154940900104,0.41751002293752926,0.27042449894207304,0.417912249943357,0.4009130419398137,0.40941264594158533,-0.0424980200088583,17.622537980878192,-33.71238477676599,-2.318675792676406
104.0,0.7936457072732865,0.2215198741268755,0.9348057342700049,0.6047539146866204,0.7326957556799001,0.4839163700973834,0.024148741342319556,0.14740149192286253,0.7150020753933708,0.412586375179133,0.5637942252862519,-0.7560392505355945,17.584195144242535,-33.7537183728277,-2.3942797177299657
104.10000000000001,0.48589286453681946,0.4810154083755567,0.796744003493617,0.5485683585760984,0.6833351774512839,0.48333617775301807,0.10640436729808726,0.22598898924013666,0.6106253302420539,0.3741075234794225,0.49236642686073817,-0.5912945169065784,17.548079188833245,-33.78718305193673,-2.4534091694206235
104.2,0.9283112149714903,0.2524001888569591,0.5829474737397042,0.6025565542419817,0.7323303849553252,0.43714897997380625,0.26076605242976403,0.15240362754870385,0.5413634813961556,0.3705258896465825,0.4559446855213691,-0.42709397937393284,17.51286197473614,-33.816141701659916,-2.4961185673580166
104.30000000000001,0.5687275091276632,0.8906948174385609,0.740829642928063,0.9408459071271388,0.6996098097897928,0.5278581474667572,0.1273747871785569,0.04665986449422792,0.6104971591597873,0.5032283578337842,0.5568627584967858,-0.26817200331500785,17.46837896137978,-33.849641296295445,-2.522935767689517
104.4,0.6703913868798997,0.9886118252069613,0.6266425560579607,0.6341804742325308,0.6937661252078142,0.6200088830147981,0.21502702483324732,0.26674032409108067,0.5445876593742878,0.45462751262008194,0.49960758599718486,-0.22490036688551457,17.427678023762898,-33.87861561383644,-2.545425804378069
104.5,0.2800453465632436,0.7400890362614889,0.6015804774913105,0.7016611135518127,0.6110219694789001,0.6440249136641363,0.1747522260771841,0.17140217850781836,0.504244520130397,0.5336376404487937,0.5189410802895953,0.07348280079599173,17.38473596561099,-33.907752842424614,-2.53807752429847
104.60000000000001,0.6918622988433891,0.4906674442853198,0.661594679363483,0.6981710268651435,0.6271900353517978,0.613353419788373,0.20906691318762716,0.1612737366320503,0.49606535067875873,0.5144356219030556,0.5052504862909072,0.04592567806074213,17.34313638262854,-33.93642783561831,-2.5334849564923956
104.7,0.8723043909688848,0.628667218769074,0.5724133354357858,0.4285188166677368,0.6762129064752153,0.6164161795845132,0.29731939711132394,0.31123404352896233,0.47516169280310816,0.42456647951575016,0.4498640861594292,-0.126488033218395,17.306214661012724,-33.96212926423784,-2.5461337598142353
104.80000000000001,0.3807087816272514,0.7943104205008809,0.4551747011439808,0.9065121304014023,0.6171120815056225,0.6519950277677867,0.2302048445540362,0.05122323893117908,0.4750498907102029,0.6185977306784967,0.5468238106943498,0.3588695999207343,17.260943599057548,-33.99279999538128,-2.510246799822162
104.9,0.2538158212091225,0.840948537177227,0.6851610202808942,0.5258434951930484,0.5444528294463225,0.6897857296496748,0.13824220956405495,0.30780491162848267,0.46918646730026126,0.4774662940922682,0.47332638069626476,0.020699566980017375,17.222735090259107,-34.02073721933124,-2.50817684312416
105.0,0.44147761168861105,0.8433013695473017,0.6597462907290013,0.7239685474933071,0.5238577858947802,0.7204888576292001,0.1501649501747939,0.17201255475630273,0.44519270757721263,0.5965557285549513,0.5208742180660819,0.3784075524443467,17.1807520870184,-34.05156783640827,-2.4703360878797254
105.10000000000001,0.6999711007795884,0.5625828842613712,0.8580653289596549,0.5083605105320956,0.5590804488717418,0.6889076629556343,0.06306460136755748,0.266260297468989,0.5238222632312503,0.5054789036884012,0.5146505834598257,-0.04585839885712262,17.140452849771666,-34.08357758036049,-2.4749219277654375
105.2,0.8901678454073605,0.6614746361923434,0.5277716830110828,0.9772702447648703,0.6252979281788655,0.6834210576029761,0.31950180092591113,0.011524801736003534,0.42551411401047695,0.6755447654118919,0.5505294397111844,0.6250766285035373,17.097187580623075,-34.11762083410315,-2.4124142649150837
105.30000000000001,0.9497303404684445,0.6261754680212347,0.7686533787225542,0.8614714990861825,0.6901844106367814,0.6719719396866278,0.15463972793408423,0.07890046754092694,0.5834544811515633,0.6189530394709694,0.6012037603112663,0.08874639579851518,17.05235449005648,-34.15767646547218,-2.4035396253352324
105.4,0.7014067772619823,0.6178156685867788,0.6185648014954628,0.4886462132947472,0.6924288839618216,0.661140685466658,0.20746595903842815,0.2871873541279424,0.5487734614847738,0.47126944130115433,0.5100214513929641,-0.19376005045904865,17.01462412425978,-34.19199320053916,-2.422915630381137
105.5,0.4402205398328423,0.5483110273495928,0.591191908092138,0.8981286283335289,0.6419872151360257,0.638574753843245,0.17720581631657178,0.041046611742236075,0.5282233466130437,0.6123634238538473,0.5702933852334455,0.2103501931020091,16.971699428785985,-34.2295407167139,-2.4018806110709363
105.60000000000001,0.5299507037814544,0.8589685635986601,0.7876255921747579,0.5538679809280704,0.6195799128651115,0.6826535157943281,0.11278079989145556,0.2833595951305422,0.5497031946955059,0.4892170919444061,0.5194601433199559,-0.15121525687774945,16.933328845878314,-34.26455623859071,-2.417002136758711
105.7,0.2908468613026276,0.3535328091842185,0.5473519658910249,0.8963372944766606,0.5538333025526148,0.6168293744723061,0.1870213022672772,0.04815107907483625,0.4502546770702378,0.5871283744864083,0.5186915257783231,0.34218424354042626,16.89449073371621,-34.298936611375574,-2.3827837124046685
105.80000000000001,0.5489063288093754,0.7175376409629324,0.42220224083359764,0.49561509313901647,0.5528479078039669,0.6369710277704314,0.28565929161384057,0.28641740843959584,0.3949217660904919,0.4545314367453186,0.42472660141790525,0.14902417663706674,16.863670191248662,-34.32816024943667,-2.367881294740962
105.9,0.8428305463658095,0.7269365701121455,0.5055911331368707,0.9115126105050699,0.6108444355163354,0.6549641362387741,0.3335552938344867,0.05170978323724721,0.407094040340523,0.6210960827256963,0.5140950615331097,0.5350051059629332,16.82689583413627,-34.36408494820921,-2.3143807841446686
106.0,0.21592699322299522,0.8876672023326486,0.45035772463934765,0.7609598441331646,0.5318609470576674,0.701504749457549,0.22705259534489064,0.17261028472040524,0.41110053866563256,0.580417814920965,0.4957591767932988,0.4232931906383311,16.793336379265003,-34.40057514692737,-2.2720514650808354
106.10000000000001,0.5256054812477424,0.4907473961810593,0.794458361949262,0.45418377547068167,0.5306098538956824,0.6593532788022511,0.1226025017303417,0.2798574018777385,0.4655557583653006,0.47482838327708504,0.47019207082119285,0.023181562279461082,16.76300066066822,-34.43649937290161,-2.2697333088528895
106.2,0.3124481215241024,0.2895458911119304,0.840688244254508,0.9597612684397814,0.48697750742136636,0.585391801264187,0.06858249260627916,0.029891266529773735,0.4535793761192163,0.5678936989082549,0.5107365375137356,0.2857858069725966,16.730139653124848,-34.47559761187409,-2.24115472815563
106.30000000000001,0.9597396002716772,0.9452445001915701,0.5510848350664277,0.9307389173965847,0.5815299259914285,0.6573623410496636,0.29653428806940485,0.03185686108244982,0.40908636339650656,0.6364208402700106,0.5227536018332586,0.56833619218376,16.697662703730916,-34.516560534625775,-2.184321108937254
106.4,0.8453497964943071,0.4634287287732015,0.7505957323487238,0.6339704013131928,0.6342939000920043,0.6185756185943712,0.16908978822699136,0.16709785541814337,0.5270412788517749,0.5152129593133004,0.5211271190825376,-0.029570798846186297,16.667658654755016,-34.559169122815064,-2.187278188821873
106.5,0.5382951987863087,0.3154223269630314,0.5050925532614081,0.9819540855640798,0.6150941598308651,0.5579449602681033,0.2526137714999355,0.0,0.45971290428840617,0.5579449602681033,0.5088289322782547,0.24558013994924272,16.638239782240632,-34.60068536979401,-2.1627201748269487
106.60000000000001,0.6715847555156076,0.5922868641225694,0.624822990743597,0.9692265336794913,0.6263922789678136,0.5648133410389965,0.20599796464905468,0.013473980503816787,0.49735674442856115,0.5572030570935415,0.5272799007610514,0.14961578166245076,16.608819746932195,-34.64444268301038,-2.1477585966607036
106.7,0.7461907580277127,0.9706522719724999,0.9276601245296295,0.9621833748142936,0.6503519747797935,0.6459811272256972,0.03781362173700579,0.034654553982532324,0.6257598112095556,0.6235949393805572,0.6246773752950564,-0.0054121795724959565,16.57474481645614,-34.69679836412626,-2.1482998146179533
106.80000000000001,0.8570922929535592,0.21685936835645184,0.9800830956037168,0.7634888397223178,0.6917000384145466,0.5601567754518482,0.026462240082619,0.09795814979174669,0.6733961059328641,0.5052848541352742,0.5893404800340691,-0.42027812949397475,16.542570716366612,-34.74617497091021,-2.190327627567351
106.9,0.9526786211411495,0.752545964225872,0.8732816264253791,0.5438054975255558,0.7438957549598673,0.5986346132066529,0.08841338236897892,0.2665520235056479,0.6781254151339403,0.4390673457158987,0.5585963804249195,-0.5976451735451039,16.51013561462561,-34.791653134211835,-2.250092144921861
107.0,0.9667868894375371,0.49028407873604946,0.8873501793380751,0.47323226124753365,0.7884739818554012,0.5769645063125322,0.09203641148924292,0.27564254139258687,0.7159056660127956,0.41792854349922653,0.5669171047560111,-0.7449428062839226,16.474519313088813,-34.83576015294456,-2.3245864255502533
107.10000000000001,0.5107768118850357,0.9278312799975155,0.6357853409387502,0.9867957126405538,0.7329345478613281,0.6471378610495289,0.17389870627770146,0.0,0.6054781782020111,0.6471378610495289,0.62630801962577,0.10414920711879438,16.43165435189086,-34.88142427952083,-2.3141715048383737
107.2,0.8581661805907961,0.3883683639611179,0.5262318947587165,0.9341480366597796,0.7579808744072216,0.5953839616318467,0.32139476976633874,0.03523962481474453,0.5143697857898245,0.5744028542032242,0.5443863199965244,0.15008267103349932,16.394811563478317,-34.92150137517386,-2.2991632377350237
107.30000000000001,0.9035737980142102,0.8133927204872935,0.6437732895731214,0.4203290087314092,0.7870994591286193,0.6389857134029361,0.25027664533804356,0.37542927442664603,0.59010684695052,0.399091770651079,0.4945993088007995,-0.4775376907486024,16.361888470959745,-34.95841146514498,-2.346917006809884
107.4,0.9523963361483327,0.5768730267104027,0.6477767911247785,0.9046980798217157,0.820158834532562,0.6265631760644295,0.24854484083449094,0.06565186800088002,0.6163125875446648,0.5854281331352355,0.6008703603399501,-0.07721113602357332,16.319796524412027,-35.00129176289551,-2.3546381204122415
107.5,0.8561930483603213,0.8595206925889454,0.8190893125279399,0.7038007083521809,0.8273656772981138,0.6731546793693326,0.1103052493000395,0.1947801932953619,0.7361029000014494,0.5420374808040966,0.639070190402773,-0.4851635479933819,16.274677823513954,-35.04655112559413,-2.4031544752115797
107.60000000000001,0.850742438720034,0.7902284164832136,0.6719570518815969,0.41641053600002276,0.8320410295824978,0.6965694267921088,0.1921288604264625,0.36520813086173065,0.6721819347407519,0.4421766084179356,0.5571792715793438,-0.5750133158070408,16.233473258836657,-35.0840567419273,-2.4606558067922837
107.7,0.704125073214799,0.832815454251163,0.48165533394996435,0.6403971099856882,0.806457838308958,0.7238186322839196,0.30662704111792494,0.22022287678923202,0.5591760575619242,0.5644172108087075,0.5617966341853159,0.013102883116958286,16.18982259884873,-35.11942303187179,-2.4593455184805877
107.80000000000001,0.26578564113872166,0.32625795155527326,0.7098195346306142,0.9817987521034808,0.6983233988749107,0.6443064961381904,0.13112931528328634,0.01836220324239397,0.6067527297341464,0.6324756093057061,0.6196141695199262,0.0643071989288993,16.1417307634034,-35.15849210601232,-2.4529147985876976
107.9,0.8775683438421258,0.7486027026791346,0.8755853769455174,0.5916394775427426,0.7341723878683537,0.6651657374463792,0.08013193999610486,0.2541949574011825,0.6753417301368897,0.4960839611514707,0.5857128456441802,-0.4481444224635475,16.096508639818694,-35.19571514879519,-2.4977292408340523
108.0,0.4085439036695899,0.7499734973491454,0.8960611656050999,0.8797172007641076,0.6690466910286009,0.6821272894269325,0.03611362996218399,0.06874826139843443,0.6448849864013704,0.6352322242264041,0.6400586053138873,-0.024131905437415613,16.045317868500085,-35.23413721425462,-2.500142431377794
108.10000000000001,0.34551140304502354,0.9011120103437902,0.9668542929053859,0.930604858266073,0.6043396334318855,0.725924233610304,0.003504085372801268,0.0637560294769277,0.6022219757621727,0.6796421867742293,0.640932081268201,0.19355052753014135,15.993964541147475,-35.27248790000864,-2.48078737862478
108.2,0.9384898815067408,0.7176853514433095,0.775976414510789,0.9441068683071877,0.6711696830468565,0.7242764571769051,0.17026972579695213,0.02074406035960097,0.556889805151241,0.7092520226321894,0.6330709138917152,0.3809055437023712,15.943983703425134,-35.31134280549984,-2.4426968242545426
108.30000000000001,0.7610089233626776,0.3350047650920329,0.6406209466666164,0.6573420208710108,0.6891375311100207,0.6464221187599307,0.2076162937813956,0.13227666675515545,0.5460613509952971,0.5609155555735619,0.5534884532844295,0.03713551144566202,15.901611226226777,-35.346952745899486,-2.4389832731099763
108.4,0.4943361232884102,0.9577948067619972,0.47041031128517496,0.831150054302086,0.6501772495456987,0.7086966563603441,0.2610013814881764,0.1321439861099908,0.4804800892020885,0.6150466552460658,0.5477633722240771,0.3364164151099433,15.859808194698203,-35.38234983157788,-2.405341631598982
108.5,0.5629662920669165,0.7388880341896358,0.4711074094078717,0.8281382271788063,0.6327350580499422,0.7147349319262024,0.26538902403932213,0.11683064380667213,0.4648141185186042,0.6312319896781462,0.5480230540983753,0.41604467789885496,15.819200165699277,-35.41915038400656,-2.3637371638090965
108.60000000000001,0.8256975547444989,0.4303695782807053,0.696500894645185,0.47811959876705074,0.6713275573888535,0.657861861197103,0.2055426283761106,0.2504080111064096,0.5333411267418343,0.4931279809519756,0.513234553846905,-0.10053286447464685,15.78263630489032,-35.45516678520612,-2.373790450256561
108.7,0.9961659599786334,0.42637379602615866,0.806313190710678,0.6509985946731413,0.7362952379068095,0.6115642481629141,0.13162468938781213,0.15006015728574557,0.6393806059196004,0.5197928208932484,0.5795867134064244,-0.2989694625658801,15.74093858223863,-35.495422312891584,-2.403687396513149
108.80000000000001,0.4321543692119608,0.40943957111528884,0.7706081440343411,0.9443969409837631,0.6754670641678397,0.571139312753389,0.10325614349781674,0.03315803820509616,0.6057209400620763,0.5522014536006797,0.578961196831378,-0.13379871615349148,15.698102436098704,-35.53437132132881,-2.4170672681284984
108.9,0.5665312891348522,0.20825619380999572,0.47992296161402825,0.5939475877928697,0.6536799091612422,0.49856268896471034,0.28160001983599847,0.1631149935743778,0.4696036337750427,0.41723963915780704,0.44342163646642485,-0.1309099865430892,15.664898400004953,-35.563760425839675,-2.4301582667828074
109.0,0.7706687592476336,0.766762533326691,0.841662463235241,0.5537353563594324,0.6770776791785205,0.5522026578371064,0.08012275511303735,0.25310108911474144,0.6228283500971962,0.4124395637264799,0.517633956911838,-0.5259719659267906,15.62569145233853,-35.59755782793162,-2.4827554633754865
109.10000000000001,0.46629003245273,0.38787315172512776,0.9449359224183932,0.9980436620401194,0.6349201498333623,0.5193367566147107,0.044362433090470305,0.019578819548418044,0.6067535471685884,0.5091687559720905,0.5579611515703395,-0.2439619779912447,15.581573205439451,-35.63171608838453,-2.507151661174611
109.2,0.6785856527660248,0.7985934723010835,0.427307122969751,0.5521941296959311,0.6436532504198949,0.5751880997519853,0.3320426461045072,0.26948799327006473,0.42993292197670596,0.42018181299700097,0.42505736748685347,-0.02437777244926248,15.547338950684523,-35.65691040238438,-2.509589438419537
109.30000000000001,0.5157574514821888,0.4967209704651728,0.9808346862743464,0.73573623317983,0.6180740906323536,0.5594946738946227,0.012922931858954262,0.12219693801780612,0.6100867612753267,0.4911261379074289,0.5506064495913778,-0.2974015584197445,15.502913505832597,-35.68943815166134,-2.5393295942615115
109.4,0.6029973774721611,0.9442615529249712,0.9267380511824109,0.4791517202093362,0.6150587480003151,0.6364480497006924,0.03234198531919964,0.35419823817827606,0.5951665270020436,0.41101927180470726,0.5030928994033754,-0.4603681379933409,15.46145584954291,-35.71793880760585,-2.5853664080608456
109.5,0.3134365872168899,0.2934736449317312,0.4264972968929258,0.4767228968406198,0.5547343158436301,0.5678531687469002,0.2588206853068039,0.23180250796988747,0.4111576000537807,0.436223380072721,0.4236904900632509,0.06266445004735069,15.425473780468845,-35.74030903377479,-2.5790999630561107
109.60000000000001,0.7982586941754353,0.940989633977926,0.5697553049152762,0.9261618313039082,0.6034391915099911,0.6424804617931054,0.2709692987403605,0.06040638790034643,0.43992569695407874,0.6036705377996373,0.521798117376858,0.4093621021138964,15.381333395950705,-35.7681363442372,-2.538163752844721
109.7,0.41100635240657735,0.45040825269088364,0.9356030858977905,0.589325751678061,0.5649526236893084,0.6040660199726611,0.04968869317462426,0.20773771928745763,0.5368808661126114,0.4785787226844886,0.50772979439855,-0.1457553585703071,15.339527195613355,-35.796948443337286,-2.5527392887017517
109.80000000000001,0.3210117969255132,0.8824269290140438,0.7944516866057464,0.8789321099519265,0.5161644583365493,0.6597382017809377,0.07018675492419466,0.06499862586299394,0.4799365499987023,0.6168561252358541,0.5483963376172782,0.34229893809287953,15.293923758492452,-35.82740680760526,-2.518509394892464
109.9,0.3838884364553769,0.22868979853539184,0.5561343781510962,0.8235777175447323,0.48970925396031484,0.5735285211318285,0.19877483304272803,0.08887314496364752,0.3923673787648744,0.5225572377324932,0.4574623082486838,0.325474647419047,15.256774017128617,-35.85410164514517,-2.4859619301505593
110.0,0.941765072911446,0.2326333668322544,0.613912069747531,0.8254174853601508,0.580120417750541,0.5053494902719137,0.26067601076798913,0.06833978366067857,0.42889694148627067,0.4708140154336969,0.44985547845998375,0.10479268486856555,15.221115612652703,-35.88152750347698,-2.475482661663703
110.10000000000001,0.8766706807599303,0.8935034403088911,0.474192540420313,0.4561467269229905,0.6394304703524188,0.5829802802793091,0.3568531556741227,0.34475608869458235,0.4112476891729696,0.3819942790641431,0.3966209841185564,-0.07313352527206621,15.189932026687588,-35.90603599214495,-2.4827960141909093
110.2,0.33463600128851323,0.6069902111445173,0.5636749322559568,0.9345367133459643,0.5784715765396378,0.5877822664523508,0.1927286467684889,0.038875111310851265,0.46698353239911905,0.5649321654174712,0.5159578489082951,0.24487158254588026,15.149133719562677,-35.93762116515765,-2.4583088559363215
110.30000000000001,0.977301883722101,0.6208123252799966,0.7424726866807141,0.6498513948339814,0.6582376379761304,0.59438827821788,0.16100438387431293,0.2027253465358621,0.5522584926309005,0.47389070853930587,0.5130746005851032,-0.19591946022898668,15.109344594398475,-35.970013771973456,-2.4779008019592204
110.4,0.7415268128770902,0.9098941584149467,0.4155773011637386,0.8087874068975499,0.6748954729563224,0.6574894542572933,0.35589842652481896,0.12272385863312153,0.4347012360624437,0.576799811420253,0.5057505237413484,0.35524643839452336,15.06950544641066,-36.001169481085135,-2.442376158119768
110.5,0.6722707982608582,0.9609758800629968,0.9021863251486644,0.49226528121027874,0.6743705380172296,0.718186739418434,0.038889542834452825,0.3607167119508145,0.6481445760927156,0.45912478020874004,0.5536346781507278,-0.4725494897099389,15.02713319902068,-36.0368024183712,-2.4896311070907617
110.60000000000001,0.7276314585200256,0.5632444121143623,0.9731209185838033,0.7565225556105657,0.6850227221177888,0.6871982739576197,0.0,0.14668897788018906,0.6850227221177888,0.5863938615497463,0.6357082918337675,-0.24657215142010636,14.976601054172187,-36.07537381528748,-2.5142883222327725
110.7,0.7249382056138804,0.9607167747801661,0.5949492809806096,0.8389271304003347,0.6930058188170072,0.741901974122129,0.2483426946586674,0.12851613516004334,0.5209028863578553,0.6465555997403465,0.5837292430491009,0.31413178345622794,14.929341592757103,-36.10963664644112,-2.4828751438871497
110.80000000000001,0.6553267486650955,0.36909348883199,0.4292093491623907,0.7861864177120657,0.6854700047866249,0.6673402770641012,0.31378578167149496,0.07793235606434021,0.4703792635222904,0.6153328769758661,0.5428560702490783,0.3623840336339393,14.886413734541563,-36.14286503970786,-2.446636740523756
110.9,0.2565792712399734,0.9615201509135456,0.6288345579469994,0.639315098174649,0.5996918580772946,0.72617625183399,0.1365634080996473,0.26552976343420776,0.5177958941286492,0.533354843472971,0.5255753688008101,0.038897373360804455,14.84604523998545,-36.176520341373035,-2.4427470031876757
111.0,0.8924124085838632,0.27135064614124316,0.9114074999461594,0.49776441032515273,0.6582359681786083,0.6352111306954407,0.0693818703641866,0.1965808931717919,0.6125663255653953,0.5103407592706671,0.5614535424180311,-0.2555639157368203,14.803061180432367,-36.212640577076506,-2.4683033947613575
111.10000000000001,0.8020468530323055,0.7232514390595834,0.472361190461576,0.6945070585657676,0.6869981451493478,0.6528191923682692,0.3248623983294296,0.1922812940729452,0.46381828006826104,0.5272942732640434,0.4955562766661522,0.158689982989456,14.764319837256922,-36.24354152467354,-2.452434396462412
111.2,0.44808104576906127,0.7479695534915543,0.4787720010833931,0.7993121777301051,0.6392147252732905,0.6718492645929263,0.2630714693833558,0.12075582803310535,0.4710555682441679,0.5907195503335746,0.5308875592888712,0.29915995522351674,14.723346915324987,-36.277300015078715,-2.4225184009400604
111.30000000000001,0.5916984286632682,0.9083304309135052,0.6858638119778606,0.737834246160123,0.629711465951286,0.7191454978570421,0.16551323515980682,0.1841626047540339,0.5254858840044642,0.5867057897745527,0.5560958368895084,0.15304976442522128,14.681505384229084,-36.31392940319275,-2.4072134244975385
111.4,0.8487954876913788,0.6910942267558327,0.6604635535062235,0.6556102592927848,0.6735282702993046,0.7135352436368002,0.19875725900917168,0.19218902073070443,0.5396596374294264,0.576401603905399,0.5580306206674126,0.09185491618993152,14.640085734877308,-36.351324514953525,-2.3980279328785454
111.5,0.5708199004914762,0.3793841698623336,0.8117419215156234,0.49304182051420636,0.6529865963377389,0.6467050288819068,0.09927489674651238,0.23420260033073667,0.5881614194094533,0.49524502947080007,0.5417032244401268,-0.23229097484663314,14.600213115216123,-36.38799327597763,-2.4212570303632086
111.60000000000001,0.6197422271011478,0.43256241958271957,0.6624133113586148,0.9443246266314894,0.6463377224904207,0.6038765070220694,0.18406715170262977,0.012280103242925323,0.5273681788736442,0.5964608411698613,0.5619145100217527,0.17273165574054283,14.557980498241472,-36.42505923379882,-2.4039838647891543
111.7,0.30223179867454725,0.9223228949332754,0.9049227725654252,0.7138552342104842,0.577516537727246,0.6675657846043106,0.031836578170812146,0.17331970821395118,0.5591303873289558,0.5518634776030741,0.555496932466015,-0.01816727431470433,14.516869347325525,-36.46241752190411,-2.4058005922206247
111.80000000000001,0.2612260157901169,0.2360759229267509,0.46457930286519933,0.6549481127248082,0.5142584333398201,0.5812678122687986,0.2003519098335932,0.14253315343848758,0.4112257740721556,0.49841787799383597,0.4548218260329958,0.2179802598042009,14.483153433807196,-36.49294400401366,-2.3840025662402047
111.9,0.6547825682927654,0.4027042648521521,0.5529161226104254,0.449061736920387,0.5423632603304092,0.5455551027854694,0.25136003770640347,0.2385849738488224,0.4060348107631896,0.4153938528543066,0.41071433180874806,0.023397605227792467,14.453315278081384,-36.52116716978954,-2.3816628057174256
112.0,0.729262658732408,0.34364175669060404,0.5093248807321927,0.6357744025227072,0.579743140010809,0.5051724335664963,0.273666575206174,0.17440314278812064,0.42108682038477746,0.41706877350257626,0.41907779694367686,-0.010045117205502996,14.422936984929583,-36.5500362069071,-2.382667317437976
112.10000000000001,0.4381180126306197,0.6697667105441969,0.6729988891960126,0.8021559198943431,0.5514181145347711,0.5380912889620364,0.16035877972524198,0.10295995111433506,0.4629933785695815,0.48268943615545556,0.47284140736251856,0.04924014396468515,14.388628749547077,-36.582574414449994,-2.3777433030415076
112.2,0.9733757014162059,0.8970758545995117,0.5123150402802304,0.5110524344960773,0.635809631911058,0.6098882020895314,0.3460669365817901,0.3262956066585997,0.41577694034640256,0.41088436119480515,0.4133306507706038,-0.012231447878993523,14.358778888399003,-36.61116476348783,-2.378966447829407
112.30000000000001,0.8972926358783768,0.28506452699779816,0.7206256017889763,0.40350824175000416,0.6881062327045218,0.5449234670711848,0.16875168594502532,0.2338323978925823,0.5719871458263538,0.41750270609799006,0.4947449259621719,-0.3862110993209093,14.323007629814072,-36.64534286286306,-2.417587557761498
112.4,0.5816958991298855,0.7534449839895463,0.9212683125930298,0.9794822845350809,0.6668241659895945,0.586627770454857,0.046014163705753494,0.0118078023169674,0.6361408096527967,0.5797009857076827,0.6079208976802397,-0.1410995598627851,14.277464700330095,-36.68561096130812,-2.4316975137477765
112.5,0.6947994995899944,0.9791375137373497,0.616437269854526,0.8042818857571852,0.6724192327096745,0.6651297191113555,0.2292802304044436,0.13116930288836592,0.5182467961056212,0.5778851175251843,0.5480659568154027,0.1490958035489079,14.235897721733785,-36.72133139272452,-2.416787933392886
112.60000000000001,0.4421253269173809,0.3000715919441816,0.4083255508130882,0.4671475014804373,0.6263604515512158,0.5921180936779208,0.26277544832686406,0.24263412310316126,0.46176830308062805,0.448450039244863,0.4551091711627455,-0.03329565958941266,14.201826933703307,-36.75150464213102,-2.4201174993518273
112.7,0.8872096242118794,0.36738358426759954,0.7891739330224135,0.7898438956221053,0.6785302860833485,0.5471711917958565,0.1354981253081969,0.09897235851136887,0.5865907043542202,0.493016368434344,0.5398035363942821,-0.2339358397996906,14.161296745083867,-36.787158286958864,-2.4435110833317966
112.80000000000001,0.8320092292939576,0.35273156217392415,0.5805507217484167,0.6780553332634225,0.7092260747254704,0.50828326587147,0.2643886152661268,0.12288009124257587,0.5217147749181728,0.44582537178410936,0.4837700733511411,-0.18972350783515848,14.124236248620315,-36.818252570043974,-2.4624834341153123
112.9,0.33288439454087815,0.32193779193628536,0.8215588634249535,0.9783201224433489,0.633957738688552,0.47101417108443305,0.0761520168025868,0.023687649848635146,0.5856805783198115,0.4598569523260399,0.5227687653229257,-0.31455906498442887,14.083557910593164,-36.851087682885584,-2.493939340613755
113.0,0.6681810155071595,0.3610707360197985,0.7416582770472053,0.9003031196820739,0.6408023940522735,0.44902548407150616,0.12858701801080014,0.024623085716654874,0.5584035250669099,0.43796909108825105,0.49818630807758046,-0.3010860849466472,14.04382746343137,-36.88114408892296,-2.52404794910842
113.10000000000001,0.7043279042698714,0.7704742516981837,0.9876921627626682,0.9091697566019142,0.6535074960957931,0.5133152375968417,0.016642984989005568,0.05907560056801492,0.6426311806480682,0.48299083165509504,0.5628110061515816,-0.399100872482433,13.997941334922906,-36.91373282159176,-2.563958036356663
113.2,0.6434436201991223,0.4326196255506111,0.6924979078755396,0.6916605763734387,0.6514947209164589,0.4971761151875956,0.17503630240994003,0.1503191132124804,0.5374594939276461,0.42244104244217023,0.47995026818490816,-0.28754612871368973,13.95773318467543,-36.93994021087387,-2.592712649228032
113.30000000000001,0.7429343337122984,0.8533513895728242,0.6927408973808844,0.8285741972656757,0.6697826434756268,0.5684111700646413,0.18461941781609387,0.1068225015106614,0.5461277617738323,0.5076920669917343,0.5269099143827833,-0.0960892369552449,13.912782004865774,-36.96743079130552,-2.6023215729235565
113.4,0.4526801201895218,0.2508084551563792,0.9357263176812244,0.6502824748567071,0.6263621388184057,0.5048906270829888,0.029853790852279852,0.13979165444587094,0.6076628545283344,0.43431113100884455,0.5209869927685895,-0.4333793087987245,13.868076985381748,-36.99418402847924,-2.645659503803429
113.5,0.9511715808283079,0.47741129069522253,0.8185086642335206,0.4124841548264031,0.6913240272203862,0.4993947598054356,0.11501959228714588,0.27613748463140886,0.6118082194711897,0.361493146994656,0.4866506832329228,-0.6257876811913341,13.825274838678302,-37.01734142713469,-2.7082382719225624
113.60000000000001,0.47507791184252907,0.385682490513539,0.5318214070245267,0.9454420925005111,0.6480748041448148,0.47665230594705627,0.222988221166273,0.0288681894186515,0.5035617563858817,0.4628922168921396,0.48322698663901065,-0.10167384873435534,13.781418979390882,-37.03763297247565,-2.7184056567959978
113.7,0.8739737076473186,0.7255665091780858,0.4786951402567628,0.5760364251866713,0.6932545848453155,0.5264351465932622,0.34708956179450895,0.26862671557345874,0.4526331547793208,0.3850206022014819,0.41882687849040134,-0.16903138144459734,13.743230982309194,-37.054832868415716,-2.7353087949404573
113.80000000000001,0.8664645966362774,0.7384858349114667,0.8407507793318729,0.8775835982218005,0.7278965872035079,0.5688452842569031,0.11495849325942391,0.08666728336266193,0.6442186922899158,0.5195450088166961,0.5818818505533059,-0.3116842086830493,13.689779561337062,-37.077828747961696,-2.766477215808762
113.9,0.6974739027452981,0.4259657722157093,0.8495525810995336,0.8002338714132745,0.7218120503118659,0.5402693818486644,0.07227134719835498,0.08194662077848772,0.6696457210118206,0.4959961316960839,0.5828209263539523,-0.43412397328934177,13.635550094545422,-37.09918213770327,-2.8098896131376963
114.0,0.6845992058049781,0.28072298046042,0.6495906171637238,0.9962603412288058,0.7143694814104884,0.4883601015710155,0.1932248846653162,0.0,0.576335520756525,0.4883601015710155,0.5323478111637703,-0.21993854796377388,13.58521718854116,-37.11651824146607,-2.8318834679340736
114.10000000000001,0.23763946890390644,0.21450447654000968,0.928543664190805,0.6142263249021523,0.619023478909172,0.4335889765648143,0.01457345762354665,0.16195012216181262,0.6100021664713087,0.3633691888421273,0.486685677656718,-0.6165824440729534,13.53886416196685,-37.13135152888873,-2.893541712341369
114.2,0.9155659765212472,0.2255760062147113,0.43819935174763835,0.6583722775308904,0.678331978431587,0.39198638249479373,0.37898893498844943,0.11814104495228397,0.42125166435719197,0.34567670165979314,0.38346418300849255,-0.18893740674349707,13.501691420701246,-37.14076615067105,-2.9124354530157186
114.30000000000001,0.3792765109918433,0.4062577128032614,0.6041945283929369,0.6131445859493638,0.6185208849436382,0.39484064855648726,0.1606565831374733,0.19403036838088172,0.519151432969427,0.31822957206532576,0.4186905025173764,-0.5023046522602531,13.460916903268634,-37.15027699170222,-2.962665918241744
114.4,0.4139929884452682,0.3209426990354547,0.8140813494042859,0.7092324656439848,0.5776153056439642,0.38006105865228074,0.0933426378918919,0.1328143439067578,0.5236991693284252,0.3295834985028703,0.42664133391564774,-0.4852891770638873,13.418933891152601,-37.15787007880289,-3.0111948359481326
114.5,0.9413056787626013,0.5502613651692085,0.6742813838838656,0.9049581844617323,0.6503533802676916,0.4141011199556663,0.20479313184447,0.03366735470376733,0.5171654747170336,0.4001594306668916,0.4586624526919626,-0.2925151101253549,13.37345703909119,-37.163834002149024,-3.040446346960668
114.60000000000001,0.6884580350497713,0.8257250062131132,0.9684300963664116,0.8941661368122974,0.6579743112241075,0.4964258972071557,0.0,0.05092246924163105,0.6579743112241075,0.47114666472587524,0.5645604879749914,-0.46706911624558073,13.317289533101672,-37.16953459130656,-3.087153258585226
114.7,0.703940892923232,0.8966955793224944,0.9465914623214532,0.49421952841438027,0.6671676275639324,0.5764798336302235,0.022746062293572455,0.3308073030701909,0.6519921911471083,0.38577609459265694,0.5188841428698826,-0.6655402413861283,13.26547798931768,-37.17235797012238,-3.153707282723839
114.80000000000001,0.6047172933721006,0.7860415152936739,0.45957654336525083,0.7882557825613181,0.654677560725566,0.6183921699629136,0.28623270199131323,0.11561006201080962,0.4672874335860052,0.546899812846502,0.5070936232162536,0.199030948151242,13.214772348111032,-37.17174366003094,-3.133804187908715
114.9,0.8788760733717103,0.5512867687322895,0.6494499032313494,0.8614198983010094,0.6995172632547949,0.6049710897167888,0.21821370864252254,0.08449878972828977,0.5468730069804983,0.5538517648151156,0.550362385897807,0.017446894586543027,13.159737778767369,-37.172172303552784,-3.1320594984500607
115.0,0.47305605582450805,0.6040181825832236,0.45114031701989005,0.6234618144416797,0.6542250217687375,0.6047805082900758,0.2787082721271686,0.19836155613041173,0.4718870963692135,0.484815305548315,0.47835120095876427,0.0323205229477537,13.111904832307927,-37.17262831626656,-3.1288274461552854
115.10000000000001,0.7319962039318757,0.3212889716220275,0.8521043026282651,0.6530333256149996,0.6697792582013652,0.5480822009564661,0.0767996249903142,0.16075137586126836,0.6183404623452095,0.459977233067642,0.5391588477064257,-0.39590807319391863,13.057993340288386,-37.173316545028115,-3.168418253474677
115.2,0.5307275349975829,0.5274474555138663,0.6752518383495831,0.9114342876500873,0.6419689135606087,0.5439552518679461,0.17814985888110582,0.039726192341071775,0.5276022422037294,0.522345980907304,0.5249741115555167,-0.01314065324106356,13.005514816904894,-37.171908439377454,-3.1697323187987836
115.30000000000001,0.22381034161197358,0.3164674447187892,0.40596922807824193,0.8837481194020005,0.5583371991708816,0.4984576904381147,0.24913503718557306,0.03298266699929768,0.4192358402933553,0.4820172264211554,0.45062653335725533,0.15695346531950025,12.960470003614704,-37.17064055874121,-3.1540369722668338
115.4,0.45184365750343125,0.9855559395097055,0.49859480902882936,0.43688099709123196,0.5370384908373915,0.5958773402524329,0.2514119548454322,0.3973368589506477,0.4020205940287222,0.3591133095566649,0.3805669517926935,-0.10726821118014332,12.922416255147624,-37.17016698132194,-3.1647637933848483
115.5,0.713172603553248,0.922008905259116,0.4346858977276071,0.7789645372929292,0.5722653133805629,0.6611036532537695,0.33939562341976204,0.15424377008089551,0.3780409705842612,0.559132533361655,0.4685867519729581,0.4527289069434845,12.87557015863916,-37.169081309564255,-3.1194909026905
115.60000000000001,0.6158226905623743,0.4365795398909169,0.6412016908188887,0.8085223944520521,0.5809767888169252,0.616198830581199,0.19816636593501424,0.08305428455512631,0.4658467298844809,0.565020877563572,0.5154338037240265,0.24793536919772777,12.824039366900044,-37.17022041577263,-3.094697365770727
115.7,0.7941580016237213,0.9273846825609049,0.40474134010227125,0.5678684468576694,0.6236130313782844,0.6784360009771402,0.36878103851105226,0.3067583629026839,0.39363637003757523,0.470320083983149,0.43197822701036215,0.19170928486393443,12.780889035129773,-37.17224544767998,-3.0755264372843336
115.80000000000001,0.7602360511060839,0.5569512405626735,0.5230801428299238,0.7266551746026859,0.6509376353238443,0.6541390488942469,0.2996382878737141,0.14898082695763715,0.4558917967628435,0.5566848724446998,0.5062883346037717,0.2519826892046406,12.730370652458754,-37.175587870433475,-3.0503281683638694
115.9,0.7579767724588551,0.9101399172057574,0.8689378558788761,0.6427034233900919,0.6723454627508465,0.705339222556549,0.06694729780376896,0.2293261801378431,0.6273337508290527,0.5435864729462596,0.5854601118876561,-0.2093681947069828,12.672068292982303,-37.18092362769873,-3.0712649878345677
116.0,0.2295761378850549,0.46759433978792153,0.8350592094013716,0.8440313333863421,0.5837915977776882,0.6577902460028235,0.04966905089347965,0.09563958504294001,0.5547952231964824,0.59487945982982,0.5748373415131512,0.100210591583344,12.614726656964736,-37.184962992847844,-3.0612439286762334
116.10000000000001,0.42714228757461614,0.2742556542853809,0.7310715108167487,0.7128015190692643,0.5524617357370738,0.581083327659335,0.1369086917516848,0.10406696080735199,0.476824922254446,0.5206117517740053,0.49871833701422563,0.10946707379889828,12.565015720897891,-37.188965820860695,-3.0502972212963435
116.2,0.22231298023652635,0.8372789593930998,0.7555021610499479,0.5448038674841627,0.4864319846369643,0.632322454006088,0.10605768046611624,0.2980696672717845,0.4348421366418384,0.44384631053201506,0.4393442235869267,0.022510434725441647,12.521264264943973,-37.19297126339608,-3.0480461778237995
116.30000000000001,0.9895637601928389,0.28835352499476774,0.43596744317524183,0.6237873208213885,0.5870583397481393,0.563528668203824,0.39754781946122136,0.15043563846530073,0.35367457688474163,0.4787538732090811,0.41621422504691136,0.3126982408108486,12.479824823023344,-37.196859124584556,-3.016776353742715
116.4,0.23818629834985697,0.7207699354967059,0.474849883237795,0.5787766675908951,0.5172839314684828,0.5949769216624003,0.21705280781586786,0.2459349317969105,0.40500600170521767,0.4486513130126222,0.42682865735891995,0.10911327826851128,12.437474006368344,-37.2021728197285,-3.0058650259158637
116.5,0.9863604500061114,0.8443100496873741,0.9934000473391733,0.739358335947903,0.6110992351760085,0.6448435472673951,0.02035751462468329,0.17132722381882287,0.5986587735587802,0.5343642925165905,0.5665115330376853,-0.16073620260547428,12.38134386594524,-37.209838359939724,-3.021938646176411
116.60000000000001,0.6266309252053246,0.6764391317000263,0.6102022810244632,0.570721296967219,0.6142055731818717,0.6511626641539213,0.2260346083194614,0.25353015489265085,0.47537385702007706,0.4860732930506665,0.4807235750353718,0.026748590076473566,12.33361522599186,-37.21557669455426,-3.0192637871687635
116.7,0.7379470416305749,0.7714807830909831,0.7117999884673014,0.5485799987847817,0.6389538668716124,0.6752262879413337,0.16464442034643656,0.2780255046150552,0.5337536778324216,0.48749615850709377,0.5106249181697576,-0.11564379831331947,12.282934316513817,-37.221807544017786,-3.0308281670000956
116.80000000000001,0.8582741783770891,0.4890140262503003,0.4587926990384754,0.8269842524484938,0.6828179291727077,0.637983835603127,0.36130139609150647,0.06902546172878644,0.436114858086297,0.593946706775119,0.515030782430708,0.39457962172205485,12.231746855135754,-37.22750059822279,-2.99137020482789
116.9,0.24975493803552817,0.9108074374798734,0.6857518429224986,0.6676984522256524,0.5962053309452717,0.6925485559784763,0.12044022737516434,0.22180577693808995,0.5243982253239381,0.5389372854523181,0.5316677553881282,0.03634765032095005,12.179178853863878,-37.23545743575252,-2.987735439795795
117.0,0.6705915663180855,0.6151559995342775,0.6368694851041501,0.5582162257327308,0.6110825780198345,0.6770700446896365,0.20629715100182694,0.23817839577479774,0.48501798314749095,0.5158065876182882,0.5004122853828896,0.07697151117699322,12.129728746893974,-37.2431262997027,-2.9800382886780956
117.10000000000001,0.5520639639438263,0.944828486131549,0.6937246400045616,0.9839634899061427,0.5992788552046329,0.730621732978019,0.17246851692972887,0.0,0.4959221198201441,0.730621732978019,0.6132719263990816,0.5867490328946873,12.069200129221397,-37.25299093348908,-2.9213633853886267
117.2,0.3016991823003554,0.7689204541308452,0.4776311127902499,0.8227148108773774,0.5397629206237774,0.7382814772085843,0.23428083891884027,0.09243516629596368,0.4133068107627555,0.670038306089579,0.5416725584261672,0.6418287383170588,12.016341153953073,-37.264823952508,-2.857180511556921
117.30000000000001,0.3701140311684154,0.578684449390217,0.8478977836229191,0.966441736634195,0.505833142732705,0.7063620716449108,0.06292201307969134,0.03590820718417233,0.4740051031095363,0.6809978760292442,0.5775014895693903,0.5174819322992698,11.96091101515841,-37.281028254953746,-2.805432318326994
117.4,0.6812801709909309,0.5268958873172769,0.47251985685342235,0.7430588526558455,0.5409225483843502,0.670468834779384,0.2836000334543406,0.11736701815836542,0.3875168955663413,0.5917779068732139,0.48964740121977757,0.5106525282671814,11.914686920094253,-37.297179998225374,-2.7543670655002757
117.5,0.49717388334825385,0.9928160808948265,0.5819560496240017,0.6915553243218859,0.5321728153771309,0.7349382840024725,0.22019754684309012,0.20071052856458713,0.41498966693450595,0.5874284325579856,0.5012090497462458,0.4310969140586991,11.868276951983214,-37.31610669829189,-2.711257374094406
117.60000000000001,0.6716993953094301,0.238920837264184,0.936551757030922,0.9334343237436517,0.5600781313635907,0.6357347946548149,0.024704989693060578,0.039096276487724416,0.5462414069009446,0.6108799313501235,0.578560669125534,0.16159631112294737,11.81569585814469,-37.34024283405,-2.695097742982111
117.7,0.5910349249964103,0.2978623244019586,0.6091893661062324,0.9222559215635768,0.5662694900901547,0.5681603006042436,0.20633928981714206,0.035508399967123,0.449425845659837,0.5479858374049473,0.49870584153239217,0.2463999793627758,11.770714278807844,-37.36177728747117,-2.6704577450458333
117.80000000000001,0.6526111808560754,0.9202298303712799,0.8688096093116953,0.6851365290632545,0.5835378282433389,0.6385742065576508,0.08240498333528185,0.21458613306978086,0.53545140323144,0.501545036894341,0.5184982200628905,-0.08476591584274745,11.724513301529356,-37.385311809786195,-2.678934336630108
117.9,0.8095609851987497,0.6038110890177504,0.6765616987422649,0.6699576348091099,0.6287424596344211,0.6316215830496708,0.19973169185771528,0.19337982763893544,0.5031626644288569,0.5094787101864938,0.5063206873076753,0.015790114394092225,11.679204223799202,-37.40791034644678,-2.6773553251906987
118.0,0.460173029239863,0.839849296955886,0.7987013874512441,0.6457769962574622,0.5950285735555094,0.6732671258309137,0.08675535202633189,0.22108036255428565,0.543406660190975,0.5244209855563334,0.5339138228736542,-0.04746418658660406,11.631463608956976,-37.43181585621005,-2.6821017438493593
118.10000000000001,0.6327955606330615,0.9664635936644306,0.9340258990664609,0.8415476766707379,0.6025819709710198,0.7319064193976171,0.042328138741438315,0.12342920066362405,0.5770757977006692,0.6415677950907941,0.6093217963957316,0.16122999347531225,11.576851413026052,-37.45883878298033,-2.665978744501828
118.2,0.7657669009256607,0.6575958349115205,0.8776952688616297,0.8244393094279531,0.635218956961948,0.7170443025003979,0.0765959595173923,0.08379866318346219,0.5865637514498104,0.6569569485075465,0.6217603499786785,0.17598299264434014,11.52157618486797,-37.487308213605615,-2.648380445237394
118.30000000000001,0.6474822585889819,0.3539413866708775,0.7712224328897939,0.7461133499038897,0.6376716172873548,0.6444237193344938,0.11000001191956066,0.1149201675548884,0.5675277317849803,0.5703664375322294,0.5689470846586049,0.007096764368122732,11.471462383433611,-37.5142454509772,-2.6476707688005816
118.4,0.3515166983041678,0.5806685537257122,0.9381185681462172,0.47216990586334945,0.5804406334907174,0.6316726862127375,0.044712644600387305,0.2681364992481255,0.5544875977338233,0.46229818346099444,0.5083928905974089,-0.2304735356820721,11.42669938906041,-37.53834747676021,-2.670718122368789
118.5,0.21517886683322499,0.8294056368220151,0.5471720166341538,0.8233706213783507,0.5073882801592189,0.671219276334593,0.19033023309180236,0.10935695326271896,0.410816950528466,0.5978167813034349,0.5043168659159505,0.4674995769374221,11.38175608790164,-37.56122660903014,-2.6239681646750466
118.60000000000001,0.845536819300317,0.6854838569189976,0.6410787191490517,0.4269901863849448,0.5750179879874385,0.6740721924514739,0.2435478209598091,0.30994906485438506,0.4349736100004042,0.4651441467567945,0.45005887837859937,0.07542634189097577,11.342646103045643,-37.583496297502094,-2.616425530485949
118.7,0.5496139358312369,0.5319491387847479,0.9157890462632555,0.5904294612199559,0.5699371775561982,0.6456475817181286,0.03406380333707381,0.1946052247499629,0.5505229496254369,0.5200011889686021,0.5352620692970196,-0.0763044016420869,11.296333078915726,-37.61033206885719,-2.624055970650158
118.80000000000001,0.27946690643894234,0.33452479413361386,0.4864205517590147,0.5533327151908191,0.5118431233327471,0.5834230242012257,0.1950703608557177,0.18604046677606312,0.41199770056271046,0.4748827324509273,0.44344021650681886,0.15721257972054217,11.257796327333487,-37.63227087086744,-2.608334712678104
118.9,0.5258211474335704,0.33535283839055136,0.7686852572610527,0.5951744177108609,0.5146387281529118,0.5338089870390909,0.09913334389649386,0.1580915092063926,0.46362087013247494,0.4494183186501453,0.4565195943913101,-0.03550637870582407,11.218482891528106,-37.65547766223997,-2.611885350548686
119.0,0.5119517689868462,0.45603317107236707,0.6476936871991055,0.5945306744781179,0.5141013363196987,0.5182538238457461,0.17285795619786207,0.20871343851903632,0.4252348300448859,0.41008728624526153,0.4176610581450737,-0.03786885949906088,11.182440621617069,-37.67658127270283,-2.6156722364985923
119.10000000000001,0.2967730108015425,0.36204756641163205,0.8512802433833686,0.7516174461088678,0.4706356712160674,0.4870125723589233,0.06198950859579882,0.12058088498351065,0.4414611972297295,0.42828816538578834,0.4348746813077589,-0.03293257960985285,11.14482995207681,-37.69841238401579,-2.6189654944595775
119.2,0.5080389437041106,0.292065097506568,0.43637918674202164,0.6788941199471998,0.47811632571367607,0.44802307738845226,0.27990583156792737,0.13321215248118567,0.34428877797858753,0.38834095888829173,0.36631486843343963,0.11013045227426049,11.113088372991188,-37.71669729543218,-2.6079524492321515
119.30000000000001,0.5259950317951518,0.3869923646076625,0.9316935376165337,0.5614958430263784,0.48769206692997125,0.43581693483229433,0.05340247016955817,0.20643424849183256,0.46164810587381333,0.3458493934101757,0.4037487496419945,-0.2894967811590941,11.078327175690742,-37.73723481452808,-2.636902127348061
119.4,0.3970528767286437,0.6437659600469524,0.8711285119901806,0.5827677051793589,0.4695642288897057,0.47740673987522597,0.05539880127670324,0.21596600220454756,0.44355093348679653,0.3743031148388671,0.4089270241628318,-0.17311954661982362,11.04253280537082,-37.75700793174077,-2.6542140820100433
119.5,0.7086391955639861,0.36276552547741875,0.9807469076322035,0.6239831322749245,0.5173792222245618,0.4544784969956645,0.03064567468395623,0.17864838946759465,0.5015237868920296,0.373286645459736,0.4374052161758828,-0.32059285358073397,11.003885275352532,-37.77749211234104,-2.6862733673681167
119.60000000000001,0.6300285038507738,0.5390019652924067,0.9468956390998613,0.6710452007135395,0.5399090785498042,0.47138319065501294,0.009354255032911554,0.1681954352579308,0.5348586313344651,0.3920986897295209,0.463478660531993,-0.3568998540123605,10.962259298926286,-37.79787354443613,-2.721963352769353
119.7,0.8634974278255101,0.43139956386720446,0.9832490824194924,0.40032575902421036,0.6046267484049453,0.46338646529745126,0.028151297613668042,0.28266940509549665,0.5876057208654133,0.3324012888225157,0.46000350484396446,-0.6380110801072439,10.920249937284208,-37.81661509664272,-2.7857644607800776
119.80000000000001,0.6782942012005386,0.8715901772975789,0.6280921086635076,0.610850752185756,0.619360238964064,0.5450272076974768,0.21776583146049147,0.25582260576174237,0.48448474155248594,0.40559692721326196,0.44504083438287395,-0.19721953584805996,10.878533665492213,-37.83211884168895,-2.8054864143648834
119.9,0.6082627372819858,0.23638778425107176,0.8435097673569141,0.7378489467647755,0.6171407386276484,0.4832993230081958,0.07704747464038028,0.09924523466155699,0.5695916032186891,0.43533416828447574,0.5024628857515824,-0.3356435873355333,10.831098856015148,-37.84869075664928,-2.8390507730984367
120.0,0.2983815719514972,0.3117202146355735,0.733887448901629,0.5676749790233938,0.5533889052924181,0.4489835013336713,0.10887349513653724,0.18802109800409542,0.4931395210034504,0.3645651304271912,0.4288523257153208,-0.321435976440648,10.790161375218807,-37.86146830879215,-2.8711943707425016
120.10000000000001,0.9659337389591727,0.4546431534524656,0.8092605975810072,0.6055811537884319,0.6358978720257691,0.4501154317574302,0.1213728917192158,0.2001613451168176,0.5587171084599056,0.36001972147902583,0.45936841496946573,-0.4967434674521995,10.745893667904374,-37.87373874056285,-2.9208687174877217
120.2,0.5621744648993798,0.39674262799189697,0.9898131682946008,0.6049778828499789,0.6211531906004912,0.43944087100432355,0.003738733838897116,0.18517602698576924,0.6188308641476543,0.35806695641657704,0.4884489102821157,-0.6519097693276932,10.698233792553388,-37.88443264822499,-2.986059694420491
120.30000000000001,0.2126996929288997,0.7534760483129366,0.7878659751516184,0.40122850809448996,0.5394624910661729,0.5022479064660461,0.08074970223522163,0.3761532383563967,0.49590105554550856,0.31332572999112224,0.4046133927683154,-0.4564383138859658,10.658260857564477,-37.89070037863137,-3.0317035258090876
120.4,0.7381651233049393,0.5305304262387196,0.937160906328961,0.8219798050328048,0.5792030175139262,0.5079044104205808,0.047904588692440506,0.09270936860423588,0.5514565351905012,0.46081691321918206,0.5061367242048416,-0.22659905492829785,10.60795247349394,-37.89625108382076,-3.0543634313019172
120.5,0.8298441879553813,0.7192778208927302,0.446513869786185,0.4185685123171159,0.6293312516022173,0.5501790925150106,0.363052092958072,0.3485782788146881,0.40085122354410924,0.3583986114063012,0.3796249174752052,-0.10613153034452011,10.570134317299805,-37.899558324627925,-3.064976584336369
120.60000000000001,0.7377967305386997,0.4823957858803214,0.8876687483923573,0.8964801010548065,0.6510243473895138,0.5366224311880727,0.06116905717017924,0.038118460362660464,0.611201801864866,0.5161672103151157,0.5636845060899909,-0.23758647887437562,10.513931227802114,-37.90387282981088,-3.0887352322238066
120.7,0.8143726754896028,0.7576241075026722,0.40505882557375966,0.6776155190340309,0.6836940130095316,0.5808227664509926,0.38973380069492936,0.19219695242585524,0.41723534680695834,0.4691904008395576,0.44321287382325797,0.12988763508149814,10.469671840783175,-37.90621444804075,-3.075746468715657
120.80000000000001,0.37721661176171567,0.21582533573163146,0.5686806902910219,0.9528392137998243,0.6223985327599684,0.5078232803071204,0.188788957108247,0.0018182936379914222,0.5048965628545108,0.506899908467314,0.5058982356609124,0.005008364032008106,10.41919164925384,-37.909543188284424,-3.0752456323124564
120.9,0.6907541669919286,0.4425428259874254,0.830685717856054,0.5405547662680705,0.6360696596063604,0.49476718944318143,0.09732844987559186,0.21368321411818467,0.574161985623978,0.3890437461627416,0.4816028658933598,-0.462795598653091,10.3711373228254,-37.912736136119236,-3.1215251921777654
121.0,0.4246050864031188,0.9236060720923407,0.8241808039219393,0.5254517928084823,0.5937767449657121,0.5805349659730132,0.07045072056106733,0.3305276432485982,0.5519447454304726,0.388652111846548,0.4702984286385103,-0.40823158395981135,10.324116949173352,-37.913679842334254,-3.1623483505737466
121.10000000000001,0.5168689436372907,0.8959329860052321,0.7414613388493313,0.6964067928663362,0.5783951847000278,0.643614569979457,0.1330852477116114,0.20627116642684307,0.5014193182690214,0.5108554419004834,0.5061373800847524,0.023590309078654892,10.273514112946275,-37.912629394350695,-3.1599893196658813
121.2,0.6525656382571193,0.7459068811116967,0.7390841402509607,0.43921637500002053,0.5932292754114461,0.664073032205905,0.1315105035396213,0.31815400623724416,0.5152133946876422,0.4527955365754819,0.484004465631562,-0.15604464528040068,10.225121856410906,-37.91173903772098,-3.1755937841939215
121.30000000000001,0.4076995845649445,0.6559226325480876,0.5367791051313419,0.7138479757110723,0.5561233372421458,0.6624429522743415,0.22579836336574763,0.14859710482752414,0.43055159786337155,0.5640058474529767,0.4972787226581741,0.33363562397401275,10.175422725997715,-37.910048559605784,-3.1422302217965203
121.4,0.742382973570332,0.9935610828984425,0.8157914892333795,0.719764910404935,0.593375264507783,0.7286665783991617,0.10008070091192917,0.19784743760223747,0.5339898521320428,0.5845017629964977,0.5592458075642702,0.12627977716113736,10.119498156607769,-37.910012903873536,-3.1296022440804068
121.5,0.5631408989545998,0.950312295121637,0.784579771785884,0.9658445342631491,0.5873283913971463,0.7729957217436567,0.0952253567537302,0.04078035650884322,0.5313998357947586,0.7414726806311398,0.6364362582129492,0.525182112090953,10.055859105751164,-37.910775998724475,-3.0770840328713116
121.60000000000001,0.5460385372897478,0.9960851812772507,0.5644213577585713,0.8081040852589694,0.5790704205756666,0.8176136136503755,0.22447415165073437,0.12848551895490246,0.44908407917090987,0.7125621041959139,0.5808230916834118,0.6586950625625101,9.997897605441379,-37.914520210279065,-3.0112145266150607
121.7,0.8072173717228452,0.9070419533325451,0.5347289236499279,0.5667598184275247,0.6246998108051023,0.8354992815868094,0.2866137638246586,0.28511332257466304,0.4456522467696998,0.5972873054048502,0.521469776087275,0.379087646587876,9.94619320941785,-37.921299790322635,-2.973305761956273
121.80000000000001,0.20412742729102895,0.35568651160422454,0.44908534085794594,0.743091770146815,0.5405853341022876,0.7395367275902924,0.19127199210850201,0.12312175294555354,0.43718650034390294,0.6484836693217574,0.5428350848328302,0.5282429224446361,9.89267655601148,-37.93039193536312,-2.9204814697118096
121.9,0.9824764888855753,0.5390562054978352,0.444664220140853,0.5499904969194985,0.6289635650589451,0.699440623171801,0.3714217358275531,0.22446725129755804,0.39535282595246557,0.5424391090425758,0.46889596749752066,0.36771570772527545,9.846928516801364,-37.940675475210085,-2.883709898939282
122.0,0.7007957495766564,0.2773808778993651,0.6879798521039587,0.8848354444981672,0.6433300019624874,0.6150286741173139,0.18477223256310799,0.052379029187552724,0.5244604812250498,0.5828140692445413,0.5536372752347956,0.14588397004872855,9.79339555069156,-37.95479510214498,-2.8691215019344094
122.10000000000001,0.4674420287639355,0.40032757667990665,0.4647043919872188,0.5430155275410533,0.608152407322777,0.5720884546298324,0.254308627119911,0.19245005072073854,0.45349400353685265,0.46199000251957223,0.45774200302821244,0.021239997456798942,9.749310014627214,-37.96711349990127,-2.8669975021887293
122.2,0.46687076401516814,0.8352888955875855,0.9661285463254637,0.8654496830700249,0.5798960786612553,0.624728542821383,0.021269534908826264,0.09588439214929548,0.5675619587726782,0.5648268262346396,0.566194392503659,-0.006837831345096468,9.694811819602403,-37.98246627294276,-2.867681285323239
122.30000000000001,0.7002790060428155,0.6631475754071854,0.45132081944283353,0.4364121671768175,0.6039726641375673,0.6324123493385435,0.29962890566850126,0.3111042891620132,0.4230049957283388,0.43566615494029715,0.429335575334318,0.03165289802989593,9.65347881470869,-37.99407975945339,-2.8645159955202493
122.4,0.8781537156901578,0.25202257503656295,0.4765214744001727,0.9514694726573844,0.6588088744480854,0.5563343944781474,0.3385981387484833,0.011510316550512193,0.4357374157689805,0.5499308094897664,0.49283411262937343,0.28548348430196463,9.60607511155398,-38.00756098910547,-2.835967647090053
122.5,0.7009481694211901,0.2526322072853302,0.8065386744847445,0.7355548309633275,0.6672367334427064,0.4955939570395839,0.10407761325342989,0.10131471677667932,0.5977923267509745,0.4453829956458847,0.5215876611984296,-0.3810233277627245,9.556333430585264,-38.023255002535784,-2.8740699798663254
122.60000000000001,0.2766642011243223,0.8015706861681224,0.5398671904113117,0.759745511952675,0.5891222269790296,0.5567893028652916,0.19534971460968958,0.12953299017413675,0.47403736806845137,0.4846667195681773,0.4793520438183143,0.02657337874931484,9.510103342824106,-38.035926340457394,-2.871412641991394
122.7,0.5071360198510235,0.8361317421681032,0.9279629004905106,0.7715383325574305,0.5727249855534284,0.6126577907258539,0.029808832019134004,0.1624515151295955,0.5556527226659054,0.5131306043664883,0.5343916635161968,-0.10630529574854275,9.458602796271137,-38.05018951700056,-2.8820431715662482
122.80000000000001,0.8263433100341087,0.5632614106965833,0.5969162013581992,0.5154887904584702,0.6234486504495644,0.6027785147199998,0.23826696589791868,0.2583229541230306,0.47490143211379465,0.4470669881156368,0.4609842101147157,-0.06958610999539469,9.414048409627062,-38.062020453164756,-2.8890017825657877
122.9,0.2540355777316481,0.8315331389950482,0.5161687250630705,0.7439272796779048,0.5495660359059812,0.6485294395750094,0.19980807488848393,0.15224644136084087,0.4397583042475116,0.5497931402819738,0.4947757222647427,0.27508709008615545,9.366140850880171,-38.07438556409589,-2.861493073557172
123.0,0.5368056027972656,0.7796984292319469,0.6667745881643448,0.545891486723748,0.5470139492842381,0.6747632375063969,0.18339955413833087,0.26027927909826837,0.4466918348780613,0.49913634848621824,0.47291409168213977,0.13111128402039235,9.320692486575169,-38.0874593379625,-2.848381945155133
123.10000000000001,0.4493334864647525,0.548678502518688,0.9758448108361883,0.852624181022094,0.527477856720341,0.6495462905088552,0.0040355805035237075,0.09196639956060372,0.5253491773657198,0.5898098568228098,0.5575795170942648,0.161151698642725,9.267314238033984,-38.103574913084294,-2.8322667752908606
123.2,0.8203965314961952,0.3179272500844226,0.5852046486884184,0.6057401893633482,0.5860615916755119,0.5832224824239687,0.25531047219907166,0.14873959185062588,0.4364339299670974,0.49647420843011875,0.4664540691986081,0.15010069615755336,9.222882668765985,-38.11777454825927,-2.8172567056751054
123.30000000000001,0.6691519299607087,0.7426402994668506,0.4343905876758129,0.7042647204660644,0.6026796593325512,0.615106045832545,0.33448127283326695,0.1909186467037135,0.40109459976827977,0.49767083198292317,0.44938271587560147,0.2414405805366085,9.18028736383615,-38.13209545085693,-2.7931126476214447
123.4,0.5376489123333461,0.3563257037193225,0.5202231420899397,0.9451001310404892,0.5896735099327102,0.5633499774099006,0.25852421198388564,0.017956931411192714,0.4372286304495843,0.553233940505054,0.4952312854773192,0.29001327513867425,9.13374093038938,-38.14900609231551,-2.764111320107577
123.5,0.7342881111843889,0.7558252614250243,0.9891539534959304,0.7598573819953822,0.6185964301830459,0.6018450342129253,0.0,0.1477815581698295,0.6185964301830459,0.5129034372801649,0.5657499337316054,-0.2642324822572026,9.08114904771617,-38.16985852028111,-2.7905345683332974
123.60000000000001,0.9704519113043575,0.6928825098254179,0.6512171730188387,0.49736799197576,0.6889675264073082,0.6200525293354239,0.23819771628209757,0.30166322877973156,0.5248570350245616,0.43300548132306066,0.4789312581738111,-0.22962888425375236,9.036176953720911,-38.18632856163628,-2.8134974567586726
123.7,0.23375371990162536,0.3755247051713084,0.4022182433550077,0.5338150532240594,0.5979247651061717,0.5711469645026008,0.22443897112354885,0.21483787061326662,0.4637271460164529,0.4484429668416311,0.45608505642904196,-0.03821044793705444,8.99300130313896,-38.201025465521255,-2.817318501552378
123.80000000000001,0.3912152318998945,0.7876689420244003,0.971552937394318,0.5989090657559244,0.5565828584649162,0.6144513600069608,0.022588943962517025,0.23491068341775237,0.5440102394645546,0.47011017110075826,0.5070602052826565,-0.18475017090949092,8.944937966495194,-38.2171814609558,-2.835793518643327
123.9,0.3473956097727079,0.9919024348659837,0.6176902875746433,0.444238694121927,0.5147454087264746,0.6899415749787654,0.1490187035434242,0.37184036046923713,0.4380387152631253,0.4333934510359481,0.4357160831495367,-0.01161316056794301,8.903387790041753,-38.23029892594869,-2.8369548347001214
124.0,0.4324609723115451,0.3555227555712138,0.7514118354590629,0.8593196408148522,0.4982885214434887,0.6230578110972551,0.0993345141337306,0.04339755826737797,0.4487912732674847,0.596018623436217,0.5224049483518509,0.36806837542183085,8.853552674807744,-38.24596834170799,-2.8001479971579384
124.10000000000001,0.3582599954849534,0.33931728731957095,0.9312293377309986,0.8313020043415629,0.47028281625178164,0.5663097063417183,0.02407900926301701,0.07568645540905383,0.45895887196301727,0.5234477320049714,0.4912033019839943,0.16122215010488536,8.807267967567604,-38.26241622043123,-2.7840257821474497
124.2,0.34283314464084835,0.2171936224465216,0.9057288524290409,0.9463893701189319,0.444792881929595,0.49648648956267893,0.022048804278046924,0.027838838886425247,0.4349857307316609,0.48266488217045667,0.4588253064510588,0.11919787859698938,8.7642874527975,-38.27847492425489,-2.7721059942877506
124.30000000000001,0.5031382063321423,0.8299312644303531,0.4665814057218281,0.9616684625010373,0.45646194681010444,0.5631754445362138,0.25958178330481957,0.013830475118260315,0.33797274064634786,0.5553864605633405,0.4466796006048442,0.5435342997924816,8.722634005849066,-38.294606167644005,-2.7177525643085025
124.4,0.8475902162334339,0.7287269721708285,0.9646970534038248,0.9862611076192088,0.5346876006947703,0.5962857500631368,0.04246765340313759,0.023392980095161657,0.5119806729895096,0.5823368493808813,0.5471587611851954,0.17589044097842926,8.67275958877877,-38.31710882573845,-2.7001635202106598
124.5,0.9027102691587336,0.2523020155340035,0.48665934748674833,0.9544932803398133,0.6082921343875629,0.5274890031573101,0.351157271854575,0.0059118424203214864,0.3946859279854298,0.5243705712921916,0.45952824963881067,0.3242116082669044,8.631211709012812,-38.336741344912376,-2.6677423593839693
124.60000000000001,0.5025564235112303,0.4994042415496803,0.7597294975647635,0.9861889241761399,0.5871449922122964,0.5218720508357841,0.11016293003959186,0.0,0.5224633795121165,0.5218720508357841,0.5221677151739503,-0.0014783216908309527,8.584748289029939,-38.3605686786112,-2.6678901915530524
124.7,0.692822406216418,0.3512817314531531,0.7212810052671257,0.8737526736344408,0.6082804750131208,0.4877539869592579,0.15396402843593426,0.03774390867126437,0.514627162661177,0.46934424502142263,0.4919857038412998,-0.11320729409938599,8.540967200191421,-38.383012287678284,-2.679210920962991
124.80000000000001,0.8364895360474187,0.8982811935332926,0.9109015830230839,0.9810305845025877,0.6539222872199804,0.5698594282740649,0.07197485399570774,0.0008762752666503174,0.6068563260727831,0.5693600745516008,0.5881082003121919,-0.09374062880295575,8.488331951972897,-38.40924667727894,-2.6885849838432865
124.9,0.26512616148391493,0.5765338348805737,0.7981013191411783,0.4389238245819518,0.5761630620727672,0.5711943095953667,0.08232560537892492,0.307766933773161,0.5287300891906516,0.39539958834252303,0.4620648387665873,-0.3333262521203213,8.446786094384889,-38.429469952718904,-2.7219176090553185
125.0,0.7160572514005676,0.6073268137828475,0.6991526656697349,0.6785603665366702,0.6041418999383273,0.5784208104328629,0.16929669173881481,0.1694746022584265,0.5018626749379664,0.4803931736467567,0.4911279242923616,-0.05367375322802431,8.401935241516856,-38.44948163373793,-2.727284984378121
125.10000000000001,0.7556077389913622,0.7725198981508725,0.696875215204469,0.5610012750976683,0.6344350677489343,0.6172406279764648,0.17859265156880738,0.2842011265181991,0.5211296267514162,0.44182014617275284,0.4814748864620845,-0.19827370144665832,8.357861259497938,-38.46886370720629,-2.7471123545227867
125.2,0.6671860972031192,0.22928359035968537,0.5317157695958821,0.5218002980295422,0.6409852736397713,0.5396492204531089,0.27998509089493323,0.18315324743935935,0.4615189535374263,0.4408107132490033,0.4511648333932148,-0.05177060072105749,8.316209883375771,-38.48620325552905,-2.7522894145948924
125.30000000000001,0.44479922905577923,0.9109671436374365,0.7428222320551097,0.9612993441928845,0.6017480647229729,0.6139128050899745,0.11787461375976258,0.02773428604972781,0.5308172440130678,0.5968863717440184,0.563851807878543,0.16517281932737632,8.264043795023213,-38.50760390595075,-2.735772132662155
125.4,0.30746425242199155,0.26722251948742876,0.6667031892485353,0.6109449709810804,0.5428913022627766,0.5445747479694654,0.14433827411558958,0.1569123391778075,0.46453130866180253,0.45912425040841154,0.461827779535107,-0.013517645633477487,8.22161203830702,-38.52583560914824,-2.7371238972255028
125.5,0.6969006558440565,0.5408818748661948,0.6805305932425215,0.6453716652133104,0.5736931729790326,0.5438361733488113,0.19707637627554128,0.1757941329058274,0.46063180135430754,0.44823296481213376,0.45443238308322065,-0.030997091355434436,8.179835542760278,-38.54371890660089,-2.740223606361046
125.60000000000001,0.5058967412991416,0.3436525848012477,0.5402742397738615,0.7872129115874549,0.5601338866430544,0.5037994556392986,0.2253109510711392,0.07638280014276523,0.4339295879163342,0.4653178425071682,0.44962371521175115,0.07847063647708499,8.138446465840493,-38.561284758830034,-2.7323765427133377
125.7,0.8740827113495167,0.6102327915826553,0.7861926395214751,0.8715239775617045,0.6229236515843468,0.52508612282797,0.15596057185338558,0.053839283849116445,0.5257721226622529,0.49681586201580286,0.5112939923390278,-0.07239065161612518,8.09153866737956,-38.58162865004013,-2.73961560787495
125.80000000000001,0.25707894182346397,0.2306251081587437,0.5201839581150912,0.5179877937217384,0.5497547096321702,0.46619391989412473,0.18645470439460415,0.18117793207567842,0.4472503577581625,0.3817298695414527,0.4144901136498076,-0.1638012205417745,8.053393585867372,-38.59784510154972,-2.7559957299291273
125.9,0.8524518237619569,0.7468314638462556,0.5646787339030613,0.8233855825842948,0.6102941324581276,0.5223214286845509,0.29895237092934684,0.12568101069607182,0.42784525459550143,0.4566755436192603,0.4422603991073809,0.07207572255939723,8.012414883296243,-38.614479059039546,-2.7487881576731876
126.0,0.8019066853295884,0.7918568047471382,0.9474295180788731,0.40512032704089324,0.6486166430324197,0.5762285038970684,0.024612759019450394,0.37978006293714983,0.6326523979014579,0.35738840642086006,0.49502040216115895,-0.6881599787014945,7.966682958703022,-38.633427490598855,-2.817604155543337
126.10000000000001,0.826502603273644,0.5230489131558835,0.6434550903224706,0.7479722682735594,0.6841938350806646,0.5655925857488314,0.23104993161509504,0.1272176117355951,0.5261108962738074,0.4936392477745053,0.5098750720241563,-0.08117912124825516,7.918348167165951,-38.649659367193514,-2.8257220676681625
126.2,0.6101175784425414,0.8089284297912649,0.48956868588387725,0.6385031710307829,0.6693785837530399,0.6142597545573181,0.2667756932602924,0.2353845565965594,0.49080464801873,0.46967249459573235,0.4802385713072312,-0.0528303835574942,7.872700228090571,-38.66457769524603,-2.831005106023912
126.30000000000001,0.5795506014449786,0.6126602803886154,0.8715847889450874,0.8545727795455083,0.6514129872914277,0.6139398597235776,0.07719422249101343,0.07772320429096174,0.6011276682169175,0.5662224865839176,0.5836750774004176,-0.08726295408249984,7.817125362258355,-38.68241586352405,-2.839731401432162
126.4,0.8335319106929056,0.4504598667967419,0.5127079312300368,0.8620786396053275,0.6878367719717233,0.5812438611382105,0.316574667054411,0.054611013311265895,0.47008507489699425,0.5495015449005001,0.5097933098987472,0.19854117500876456,7.768451072065209,-38.697571907281194,-2.8198772839312856
126.5,0.5599775484379776,0.6467574538594727,0.6248201003921787,0.7465050691682855,0.6622649272649742,0.594346579682463,0.18172472367619427,0.15936253370903086,0.5419150163573119,0.49963000284296927,0.5207725096001405,-0.10571253378585652,7.7190456744697755,-38.71403844170679,-2.8304485373098713
126.60000000000001,0.20774492323279503,0.8483211079767234,0.9005793289303591,0.6038933451123116,0.5713609264585384,0.6451414853413151,0.03485374982505848,0.2606727632421687,0.5514468556679388,0.47697067167523743,0.5142087636715882,-0.1861904599817535,7.670093826804781,-38.729780841033126,-2.8490675833080465
126.7,0.5226949737241362,0.8229147236974157,0.7225624038262839,0.5956477087152977,0.5616277359116579,0.6806961330125352,0.12216696728197982,0.26581898144087235,0.493015378673886,0.4997541802644025,0.4963847794691443,0.016847003976291214,7.622564052359874,-38.74409513578008,-2.8473828829104173
126.80000000000001,0.9377153524108812,0.3229529915883739,0.9715825274329961,0.5981503169306704,0.6368452592115026,0.609147504727703,0.024377814173755563,0.1765864392869811,0.6213203638250073,0.5015803158672884,0.5614503398461479,-0.29935011989429744,7.56883148095065,-38.76037627858045,-2.8773178948998472
126.9,0.6862698171966,0.8935558044367187,0.9881032692550952,0.5225227711291284,0.646730170808522,0.6660291646695061,0.0024602119786184045,0.3152838116290613,0.6451390774953649,0.45604095097638453,0.5505900142358747,-0.472745316297451,7.515684007230711,-38.77475820039052,-2.924592426529592
127.0,0.35067094251380954,0.28691068487668847,0.7417090071526384,0.6709211959198265,0.5875183251495795,0.5902054687109426,0.1295071080153522,0.12021979151095158,0.5114305259534341,0.5192510903138896,0.5153408081336619,0.01955141090113882,7.465358519305905,-38.78585354853327,-2.922637285439478
127.10000000000001,0.2834505419426294,0.6423254202463393,0.41923549246702263,0.8134147298486407,0.5267047685081895,0.6006294590180219,0.2396210909234866,0.0913826500791556,0.4004951972836546,0.5457423473373455,0.47311877231050004,0.36311787513422716,7.41917621851709,-38.79613016378234,-2.8863254979260553
127.2,0.25559282846060577,0.9703956448191053,0.5702905723715974,0.539823655595357,0.47248238049867275,0.6745826961782386,0.17922788322657632,0.2994733288103099,0.38780036358004183,0.4725631705959075,0.4301817670879747,0.21190701753966423,7.377552008296873,-38.80699242187596,-2.865134796172089
127.30000000000001,0.24596254449279462,0.6148253441515391,0.5030954301063958,0.9158244084260424,0.4271784132974971,0.6626312257728987,0.1943937852925576,0.03223541049684109,0.34413758454132803,0.6412710362020843,0.49270431037170614,0.7428336291518906,7.330152459369282,-38.82044077255735,-2.7908514332569
127.4,0.2885951586314301,0.6291624153757882,0.6869506854257409,0.4412577944501917,0.3994617623642837,0.6559374636934766,0.14825647163725822,0.32286647966872023,0.3402389709221541,0.4441572439079349,0.39219810741504446,0.2597956824644519,7.2933204176933755,-38.83391646402694,-2.764871865010455
127.5,0.30394582671194714,0.3645416039810012,0.6593204058016662,0.8258029684340624,0.3803585752338164,0.5976582917509815,0.1426143355917416,0.08180831353562817,0.3261139897402242,0.5487648748322492,0.4374394322862367,0.5566272127300625,7.2526439761846015,-38.85000868809238,-2.709209143737449
127.60000000000001,0.951323403777562,0.6699935627160838,0.7014850126956643,0.8109015574706633,0.49455154094256554,0.6121253459440019,0.1941658528127503,0.08770516079507178,0.39852651923559246,0.5584387940512443,0.4784826566434184,0.3997806870391296,7.209199207798443,-38.87005884088378,-2.669231075033536
127.7,0.31415359047491304,0.2511760343586363,0.639542148730972,0.8845394994922285,0.458471950849035,0.5399354836269288,0.1544672668493064,0.06265061596699466,0.3876530416743151,0.5061081929952645,0.4468806173347898,0.29613787830237365,7.169404655221282,-38.89039148573581,-2.639617287203299
127.80000000000001,0.9033915131745256,0.5681636480253665,0.745679651375494,0.8423744265337407,0.5474558633141331,0.5455811165066163,0.15971291381709202,0.09835028331464343,0.46002009219798123,0.4919230591270711,0.4759715756625262,0.07975741732272473,7.127679377676042,-38.913293245977314,-2.6316415454710262
127.9,0.5650452992128243,0.7602532317795723,0.8269887601987129,0.5784692364532815,0.5509737504938713,0.5885155395612075,0.09552814751313166,0.2670466697695016,0.4983402487808294,0.4313544246137857,0.46484733669730754,-0.1674645604176092,7.087108972231738,-38.93598405174597,-2.648388001512787
128.0,0.3401010299626157,0.3993078540538436,0.9399787721830748,0.8399463717583266,0.5087992063876202,0.5506740024597347,0.024484806987758914,0.09001368062135873,0.49634135602369445,0.5011058086758389,0.49872358234976666,0.01191113163036106,7.043180394755022,-38.9595961714473,-2.6471968883497508
128.1,0.34675545512748973,0.654892212721909,0.6361307905553791,0.9674124168321392,0.4763904561355941,0.5715176445121696,0.14921802646795831,0.033134400405304035,0.4053044124428703,0.5525807500402071,0.4789425812415387,0.36819084399334207,7.001021206800069,-38.98232199007374,-2.6103778039504166
128.20000000000002,0.4190210216197719,0.7024665626152606,0.5751337543129486,0.9497778001431101,0.4649165692324297,0.5977074281327878,0.2065927887366571,0.03807480196463237,0.3688681586648229,0.5749498361738421,0.4719089974193325,0.5152041937725479,6.9603335770270425,-39.006228010275905,-2.558857384573162
128.3,0.3738038951679258,0.594790061779488,0.9954338331305718,0.7316943367774663,0.44669403441952893,0.5971239548621278,0.021865245706321146,0.12738726121306496,0.4369269596013981,0.5210579696475275,0.47899246462446277,0.21032752511532346,6.920339596823175,-39.03258743665667,-2.53782463206163
128.4,0.28417964878317614,0.8132312642306723,0.5956078815911534,0.6705615900375207,0.41419115729225836,0.6403454167358367,0.15739630432219892,0.2062379517076267,0.34899899985152233,0.5082818896028711,0.42864044472719676,0.39820722437837197,6.885053822145193,-39.056923426752284,-2.4980039096237925
128.5,0.56973398939799,0.2585563936165966,0.8166914284629616,0.8498416846777677,0.4452997237134047,0.5639876121119887,0.092013643679829,0.07041554907528283,0.4043260736049132,0.5242741147334654,0.46430009416918927,0.29987010282138055,6.847912256095423,-39.08478468741697,-2.4680168993416545
128.6,0.8846185159349655,0.5173394622670093,0.40644241683455884,0.4688096301664394,0.5331634821577169,0.5546579821429928,0.4047815653123194,0.26236382156957777,0.31734873328254937,0.4091357942838865,0.36324226378321794,0.2294676525033429,6.819521380012216,-39.10744318642312,-2.44507013409132
128.70000000000002,0.798940822268996,0.5878073898634733,0.44094230271525064,0.7290571242139754,0.5863189501799727,0.5612878636870888,0.3360706600926156,0.16298848954603246,0.3892743535681799,0.46980440258421086,0.42953937807619536,0.20132512254007737,6.7865723673539895,-39.13500046020027,-2.424937621837312
128.8,0.3122046081470711,0.8563413517423981,0.9049375198544556,0.502353457384538,0.5314960817733924,0.6202985612981506,0.021112966895008873,0.30377669282401853,0.5202746225940839,0.4318663157835017,0.4760704691887928,-0.22102076702645537,6.750676314066852,-39.16627192122695,-2.4470396985399576
128.9,0.4353157229670965,0.6277230664577871,0.6345097012897731,0.4465511799069888,0.5122600100121332,0.621783462330078,0.18383212094043022,0.3120950078890105,0.41809016589863673,0.427727947748916,0.42290905682377633,0.02409445462569812,6.7181825235654635,-39.193339877970814,-2.444630253077388
129.0,0.32279718184863326,0.4864695917245163,0.5300034599650455,0.420666907247995,0.4743674443794332,0.5947206882089656,0.20868615068222612,0.27517776104984704,0.37537352840292426,0.4310667807775983,0.4032201545902613,0.1392331309366851,6.687263782310932,-39.21922223431473,-2.4307069399837196
129.1,0.757393890903926,0.8692009129213716,0.8869070955643406,0.7846073135549125,0.5309727336843317,0.6496167331514469,0.07684663862848913,0.15538600901605024,0.49016926389731086,0.548675381596999,0.5194223227471549,0.1462652942492204,6.64790277727349,-39.253114811320955,-2.4160804105587976
129.20000000000002,0.512494711222331,0.4466594007252853,0.43144915371330983,0.402799439647785,0.5272771291919316,0.6090252666662146,0.29801336240790954,0.2965428354037121,0.37014149900065435,0.42842318725651346,0.3992823431285839,0.14570422063964777,6.6180300839730934,-39.27960794421087,-2.401509988494833
129.3,0.9430564418417202,0.49971576278660523,0.5431241938471154,0.454831858050995,0.6104329917218894,0.5871633658902927,0.3062739199125208,0.29209371314371996,0.4234732865032989,0.41565663812543246,0.4195649623143657,-0.019541620944666105,6.5870488694357965,-39.30790126359571,-2.4034641505892997
129.4,0.4696933139593991,0.353721455812213,0.8013696732960857,0.5323407111707862,0.5822850561693913,0.5404749838746767,0.11219867487597146,0.21834320304246893,0.516953444467105,0.42246594473115306,0.46970969459912904,-0.23621874933987985,6.55230307212377,-39.339508249234264,-2.4270860255232876
129.5,0.8643605331427382,0.3343063099623412,0.5002283530414664,0.6494080059789126,0.6387001515640607,0.4992412490922096,0.3070320021170211,0.14514530318216626,0.44259876527690234,0.4267787266316775,0.4346887459542899,-0.039550096613062136,6.519465962126396,-39.36799100306204,-2.431041035184594
129.6,0.6496432937788155,0.35163802876873823,0.5242715892240138,0.725021592058527,0.6408887800070117,0.46972060502751534,0.2838969610408547,0.10600282696741443,0.45894240299784017,0.4199288930097544,0.4394356480037973,-0.09753377497021445,6.486156643458192,-39.39665328101103,-2.4407944126816155
129.70000000000002,0.37102398935488057,0.48526106073479547,0.5041729346588011,0.6412836938529883,0.5869158218765854,0.4728286961689714,0.21498322278161539,0.17281078031562724,0.46073876698803656,0.3911188002283908,0.4259287836082137,-0.17404991689911442,6.453601726587025,-39.4241183620153,-2.458199404371527
129.8,0.5670207453971874,0.25281302725053845,0.8890509349634839,0.7899669973130944,0.5829368065807058,0.4288255623852848,0.05320808657450054,0.06694278323999217,0.5519198545086967,0.40011878571475895,0.4760193201117279,-0.37950267198484444,6.416689541722823,-39.45417554983697,-2.4961496715700116
129.9,0.37484868413863676,0.4412273989173479,0.759321457890761,0.9898614957502825,0.541319182092292,0.4313059296916974,0.09236332015178866,0.0062781668301728835,0.4913211451723973,0.4285981191102501,0.4599596321413237,-0.15680756515536798,6.379946431493459,-39.481844530350685,-2.511830428085548
130.0,0.9924250300063127,0.8803720269751851,0.5028754662809081,0.9754208226267005,0.6315403516750961,0.521119149148395,0.3504755780390868,0.03528591708849956,0.4102008818667587,0.5027309820583152,0.45646593196253693,0.23132525047889138,6.343056335233854,-39.508728210686186,-2.488697903037659
130.1,0.7570522927556362,0.7423204179081524,0.9834201117071796,0.816232446430317,0.6566427398912041,0.5653594029003465,0.0032765653600622807,0.11511016700370738,0.6544912070357403,0.5002807876153713,0.5773859973255557,-0.3855260485509224,6.297192914033112,-39.54380373626799,-2.5272505078927514
130.20000000000002,0.9071736257530756,0.45437358008635953,0.910932527481186,0.6892782273926443,0.7067489170635785,0.5431622383375491,0.05244431527325628,0.15403137036061007,0.6696839540380637,0.4594982144382801,0.5645910842381718,-0.5254643489994589,6.251057194099944,-39.57634795649618,-2.5797969427926972
130.3,0.6680295315319988,0.5058971197070249,0.7843551728508498,0.53945528642872,0.6990050399572625,0.5357092146114443,0.12581503518418333,0.2508939462826514,0.611059696261118,0.4013030156975992,0.5061813559793586,-0.524391701408797,6.208219071576412,-39.60331257980283,-2.632236112933577
130.4,0.3860847235990368,0.6930789396699728,0.9380676558199055,0.585309177203758,0.6364209766856174,0.56718315962315,0.03766068740459472,0.249662466884633,0.6124529252249334,0.4255788128162138,0.5190158690205736,-0.4671852810217991,6.162905952606786,-39.628620601697016,-2.678954641035757
130.5,0.6958129827939846,0.24793841324779678,0.6247141770961574,0.5779688382238677,0.6482993779072909,0.5033342103480793,0.20310406942084103,0.15663985637344616,0.5166271360513204,0.42449201193131425,0.4705595739913173,-0.23033781030001532,6.120796600251837,-39.64962216285317,-2.7019884220657584
130.6,0.2303253724459646,0.9387273116428163,0.7588451131666513,0.9675258984136262,0.5647045768150256,0.5904128306070268,0.10413432714148749,0.015083554982675542,0.5058994456746745,0.5815073062140885,0.5437033759443815,0.1890196513485351,6.071595785342817,-39.67276116504474,-2.683086456930905
130.70000000000002,0.42250115464650784,0.7148816572843246,0.8562963293773269,0.7125237157573392,0.5362638923813221,0.6153065959424864,0.08649978807110366,0.17436935127971673,0.48987717934015257,0.5080159839698642,0.4989465816550084,0.0453470115742792,6.026854513476186,-39.69484499408792,-2.6785517557734773
130.8,0.4307640835675652,0.21895466583377132,0.9081609073260716,0.5987621635618585,0.5151639306185707,0.5360362099207434,0.03306608018770492,0.1570849795753608,0.4981294787789238,0.4518329728336896,0.4749812258063067,-0.11574126486308539,5.984358021297102,-39.71606102107597,-2.6901258822597858
130.9,0.9253056461672673,0.7320048152707594,0.5490028297966054,0.8124099032414468,0.59719227372831,0.5752299309907466,0.3110033310478821,0.11552629858441843,0.41146348732274696,0.5087757462284151,0.46011961677558105,0.24328064726417048,5.942956083688853,-39.73613538731005,-2.6657978175333685
131.0,0.5051887364475245,0.4573095928641884,0.6654165340801292,0.4036255958584706,0.5787915662721529,0.551645863365435,0.18278082872552856,0.2708028124225989,0.4729995641295821,0.4022586121047824,0.43762908811718226,-0.17685238006199921,5.904053967912434,-39.75618077520305,-2.6834830555395683
131.1,0.35397235782210146,0.707493567419127,0.48491920652214227,0.5225320076594994,0.5338277245821426,0.5828154041761734,0.21112435891477188,0.2820678370424054,0.4211236884588063,0.41842192372520487,0.4197728060920056,-0.006754411834003632,5.866404958984598,-39.774745370918964,-2.6841584967229686
131.20000000000002,0.8649767029001301,0.9454501521848042,0.5417860769067312,0.4468987081627837,0.6000575202457401,0.6553423537778995,0.3050014884868675,0.36756078656004615,0.41703908339305074,0.41446420275718276,0.41575164307511675,-0.0064372015896699275,5.829104193534346,-39.793106939044314,-2.6848022168819354
131.3,0.7773390126081483,0.39593996658335195,0.5058613029383924,0.5493816582997175,0.6355138187182218,0.60346187633899,0.2933010394653327,0.20448347466673897,0.4491169550935843,0.48006389503628333,0.4645904250649338,0.07736734985674759,5.787408468457908,-39.81359862372299,-2.6770654818962605
131.4,0.7084830176913799,0.417488627805862,0.8687733552508237,0.44800958313500816,0.6501076585128533,0.5662672266323644,0.09545894115229567,0.2537067926659624,0.5880490697962182,0.42260138477161757,0.5053252272839179,-0.4136192125615015,5.742230700669199,-39.836237200332945,-2.7184274031524107
131.5,0.3342128304881661,0.5531008566778735,0.7031755325618128,0.8409568627183012,0.5869286929079159,0.5636339526414662,0.13914133697610528,0.09568385169139407,0.5052626498670706,0.5097032851086859,0.5074829674878782,0.011101588104038274,5.6959587231802455,-39.85707691535414,-2.717317244342007
131.6,0.834846880924706,0.2158488617058354,0.6288515870007751,0.9124253261829891,0.636512330511274,0.49407693445434003,0.24563969477680167,0.05069485957004227,0.4801596359228139,0.4690297736453803,0.4745947047840971,-0.027824655693584055,5.652707139507723,-39.876614106756946,-2.7200997099113655
131.70000000000002,0.6761466892790656,0.32223896713764744,0.8359889410839945,0.5543750332912069,0.6444392022648323,0.4597093409910015,0.09210758085929155,0.189270705848518,0.5850814663333269,0.3726998295364776,0.47889064793490227,-0.5309540919921232,5.609009365912619,-39.89620663363905,-2.7731951191105777
131.8,0.5001175079473381,0.6848202853253147,0.44316378980830673,0.4819938095578404,0.6155748634013335,0.5047315298578642,0.27721461741715964,0.28348729421799995,0.4449285131519125,0.3616465541519466,0.40328753365192954,-0.20820489749991483,5.571386445066734,-39.91072986244723,-2.794015608860569
131.9,0.35170065167057846,0.21026741779837083,0.7004198852048902,0.8352072255652747,0.5628000210551825,0.4458387074459655,0.13167719178624457,0.08032569564212746,0.4886920947453967,0.4100264031261814,0.44935924893578905,-0.19666422904803832,5.529137653400662,-39.926035970665794,-2.813682031765373
132.0,0.9522279882112128,0.9763941093814015,0.623886938619781,0.6937306686094886,0.6406856144863885,0.5519497878330527,0.26173402080033065,0.21502898805604678,0.47299639253793546,0.4332645834975617,0.4531304880177486,-0.09932952260093442,5.486239004983775,-39.94062974864534,-2.8236149840254665
132.1,0.5270300679504847,0.2310615181474236,0.9529619490704425,0.6308956068700383,0.6179545051792077,0.4877721338959269,0.02665194583197196,0.13261477452512205,0.6014848151805484,0.4230863423396809,0.5122855787601146,-0.4459961821021688,5.43757855345975,-39.956646165208795,-2.8682146022356836
132.20000000000002,0.5490383562868648,0.40420673353237135,0.9478515971522513,0.833347176083529,0.6041712754007391,0.4710590538232158,0.02748144474445704,0.07648559833550195,0.5875677758796256,0.4350298202401917,0.5112987980599086,-0.3813448890985847,5.388347414121535,-39.970450495269915,-2.906349091145542
132.3,0.7507915161143572,0.7571643296343364,0.7905438008248797,0.9559112537981883,0.6334953235434627,0.5282801089854399,0.13516660291190183,0.01627370901329602,0.5478679126995167,0.5196830322142985,0.5337754724569076,-0.0704622012130457,5.336440012596783,-39.98289172579242,-2.9133953112668465
132.4,0.22760605765264358,0.8505011282051462,0.7785716282124473,0.8058553592633728,0.5523174703652989,0.5927243128293811,0.0944867439361228,0.1301048280964251,0.5001307909714459,0.5156080180001428,0.5078694044857943,0.03869306757174229,5.286969684056155,-39.99438084735196,-2.9095260045096722
132.5,0.4090645587768294,0.5643766161457611,0.8086398906143042,0.5525728206965989,0.523666888047605,0.5870547734926571,0.09280546137856521,0.25330625857932565,0.47506774089366954,0.4383501252380987,0.4567089330658841,-0.09179403913892714,5.242523082781369,-40.00488466239898,-2.918705408423565
132.6,0.8732127199258055,0.20986990998226782,0.8625833113147577,0.7866384344321913,0.5935760544232451,0.5116178007905793,0.10589792092532206,0.0778264155545718,0.5307175843487677,0.4718004212211355,0.5012590027849516,-0.14729290781908044,5.193637131852583,-40.015964810435804,-2.9334346992054727
132.70000000000002,0.6689283429035281,0.9207965199968118,0.7111222263125292,0.5132939511955059,0.6086465121193018,0.5934535446318258,0.160876538684238,0.3384646916426467,0.5107295679673144,0.3925904736437792,0.4516600208055468,-0.295347735808838,5.149446117064186,-40.02529872472255,-2.9629694727863565
132.8,0.4022969883193779,0.44177565277008307,0.9806100586050808,0.7950916359721909,0.5673766073593169,0.5631179662594772,0.004248732843408274,0.09000107437900266,0.5649659757330479,0.5124367442940053,0.5387013600135266,-0.13132307859760634,5.096433095245099,-40.03487009194011,-2.976101780646117
132.9,0.5292871937302485,0.9011203761358295,0.8365912476304975,0.4533240636107656,0.5597587246335033,0.6307184482347477,0.0890658996459962,0.3721187556815247,0.5099033102393249,0.39601628409225126,0.45295979716578805,-0.28471756536768406,5.051755966892279,-40.04233199388468,-3.0045735371828854
133.0,0.4755142498864413,0.31417078536165555,0.8492380434700498,0.9580101195646387,0.5429098296840908,0.5674089156601292,0.06982317921505146,0.010197775327991565,0.5050021393484455,0.5616226070191278,0.5333123731837867,0.14155116917670574,4.998924573501599,-40.04961654921143,-2.9904184202652146
133.1,0.9896203945183675,0.8531115024788574,0.4009471465507328,0.4419048969763978,0.6322519426509462,0.6245494330238748,0.42470249279259364,0.35887395120383964,0.3637329665341294,0.400414910272479,0.38207393840330417,0.091704859345874,4.961152938003699,-40.05537054746342,-2.9812479343306273
133.20000000000002,0.7236169534226671,0.7864337887224531,0.5023805536764918,0.624790833233595,0.6505249448052903,0.6569263041635904,0.30148206884661843,0.2185144378193672,0.4544033386090591,0.5133784221205289,0.483890880364794,0.14743770877867435,4.913384570446053,-40.06309627732407,-2.96650416345276
133.3,0.34558746518262473,0.9587866491689578,0.6703964705784267,0.8886222729648949,0.5895374488807572,0.7172983731646639,0.13186931979774366,0.05848759178682314,0.5117955465015547,0.6753453187256567,0.5935704326136058,0.40887443056025513,4.854935029409747,-40.073435993827744,-2.9256167203967345
133.4,0.3461835194181122,0.8073317479603579,0.5556111498904844,0.9413639733416537,0.5408666629882282,0.7353050481238027,0.19120438956743424,0.04159979353899758,0.4374505828541888,0.7047165099336699,0.5710835463939293,0.6681648176987026,4.799153432275852,-40.0856743593563,-2.858800238626864
133.5,0.6995371646237102,0.8946895935322858,0.4996756795636258,0.5758753512160796,0.5726007633153246,0.7671819572054993,0.28520462024121035,0.270091846600615,0.40929238006415025,0.559972365705192,0.48463237288467115,0.3766999641026045,4.752615155125587,-40.09919745546493,-2.821130242216604
133.6,0.47372153419057517,0.6685171200917966,0.6867382712000356,0.8036827553534519,0.5528249174903748,0.7474489897827588,0.1373704150306878,0.09383400767586977,0.47688312913541625,0.6773128555381622,0.5770979923367893,0.5010743160068649,4.697843369997566,-40.11737635756273,-2.7710228106159174
133.70000000000002,0.8014389571858271,0.2057813266832964,0.7494672691339574,0.9925713004552991,0.6025477254294652,0.6391154571628663,0.13934816952466317,0.003733466694524046,0.5185838028396199,0.6367293408895933,0.5776565718646066,0.2953638451249335,4.643998780332391,-40.13829599699492,-2.741486426103424
133.8,0.20580956563750386,0.6823878974918969,0.9921381054612601,0.85681838214026,0.523200093471073,0.6477699452286725,0.02029092483683271,0.08096591795376935,0.5125838796998277,0.5953226569903701,0.553953268345099,0.20684694322635616,4.592978597357654,-40.15987337320998,-2.7208017317807887
133.9,0.46962397458774774,0.543562897065581,0.6224710733377635,0.9340913176972155,0.512484869694408,0.6269285355960542,0.20415513743344949,0.04677669809038691,0.40785845068938265,0.5976028887622292,0.5027306697258059,0.47436109518211644,4.547091043663111,-40.18040904166173,-2.673365622262577
134.0,0.9527928373885788,0.7320626282600842,0.6270614189392734,0.4343449263660836,0.6005464632332421,0.6479553541288602,0.2482560272016628,0.32854470819380194,0.45145718412094804,0.43507305138398217,0.44326511775246513,-0.04096033184241468,4.507535401456418,-40.20041381148738,-2.6774616554468187
134.1,0.28014189006736673,0.5655354074868053,0.8189849618158118,0.8351321123633735,0.536465548600067,0.6314713648004492,0.09010729147786625,0.07231033858890046,0.48812609104452737,0.5858094566025336,0.5369677738235304,0.24420841389501555,4.459519157379818,-40.224450953705755,-2.653040814057317
134.20000000000002,0.6815273411446483,0.8952042253650985,0.5676805181103733,0.8195587728236902,0.5654779071089833,0.6842179369133791,0.2601529337198345,0.11348226355749821,0.41836717062082923,0.6065713366658073,0.5124692536433183,0.4705104151124452,4.414267431731928,-40.24850357695532,-2.6059897725460726
134.3,0.6946813564669185,0.7271008841386621,0.685119656540069,0.647875955672093,0.5913185969805703,0.6927945263584356,0.1694781020904345,0.22749635110010596,0.4911030434335247,0.5351862995497653,0.513144671491645,0.11020814029060147,4.370138986144314,-40.27469240718547,-2.5949689585170126
134.4,0.9660377141352756,0.8500952382217859,0.4099781824668227,0.6161233672802202,0.6662624204115114,0.7242546687311057,0.3868300477574335,0.25799798130600826,0.40853209650474315,0.5373984262470287,0.4729652613758859,0.3221658243557139,4.3297343011691565,-40.29927741922008,-2.5627523760814412
134.5,0.46042015956598176,0.5554449274156013,0.7640578097903854,0.6400991145038812,0.6250939682424055,0.6904927204680048,0.11873936722599365,0.17118708338757058,0.5508707059965169,0.572289285550738,0.5615799957736274,0.053546448885552766,4.2827245720898555,-40.329998849662395,-2.557397731192886
134.6,0.5423330243771358,0.9451867755739547,0.9585067025249685,0.992122878097023,0.6085417794693515,0.7414315314891948,0.035733263456064285,0.021549387633440633,0.586796595739551,0.7254541360134786,0.6561253658765148,0.34664385068481907,4.227993456152307,-40.36618600077569,-2.5227333461244044
134.70000000000002,0.7874221943906459,0.43509037856563215,0.5170461731192856,0.4858968669318797,0.6443178624536103,0.6801633009044823,0.29780375007881865,0.2465791756350174,0.45243758677215673,0.5124491948702627,0.48244339082120974,0.15002902024526504,4.188696477967583,-40.39417285052732,-2.5077304440998778
134.8,0.8854420883456804,0.6037092926010237,0.47671681269075744,0.8780924562532748,0.6925427076320243,0.6648724992437905,0.33437367165926823,0.07293343634658792,0.4609746597002532,0.6163810631415968,0.538677861420925,0.388516008603359,4.1452927200701355,-40.42607664629256,-2.468878843239542
134.9,0.6389973282052255,0.8998286215472404,0.5008317108291771,0.6677720201986337,0.6818336317466646,0.7118637237044805,0.2619645136657093,0.22575337639973028,0.5032174160052253,0.5511580845417093,0.5271877502734673,0.11985167134121011,4.104059597753214,-40.45892628653993,-2.456893676105421
135.0,0.39272129084680074,0.3693126569416106,0.8519515124449575,0.7958470614250407,0.6240111635666918,0.6433535103519065,0.05124853614813335,0.08880012351463504,0.5920315048938054,0.5862236391690832,0.5891275720314443,-0.014519664311805625,4.058425218660447,-40.49618506276908,-2.4583456425366017
135.1,0.7726121248556481,0.32818822222354094,0.9573804154686665,0.9415891113139233,0.653731355824483,0.5803204527262333,0.03660959141855126,0.014006214291131466,0.6297985179902532,0.5721923601078233,0.6009954390490382,-0.14401539470607488,4.01181640415571,-40.53412677580421,-2.4727471820072093
135.20000000000002,0.40610283414085313,0.5810418543309204,0.938506530242866,0.4738588660902219,0.6042056514877571,0.5804647330471707,0.013867367164328619,0.2815080803238246,0.595826909875814,0.4170592203513804,0.5064430651135972,-0.446919223811084,3.9720840166914417,-40.56553032924018,-2.5174391043883175
135.3,0.7803315251586365,0.27235340354168686,0.8150707289552739,0.9231643642059246,0.6394308262219329,0.518842467146074,0.1304724355676798,0.04207476497480075,0.5560027289477035,0.4970122922819571,0.5265075106148303,-0.1474760916643661,3.92936013906228,-40.59629998747141,-2.532186713554754
135.4,0.6805435363332452,0.7151892324878322,0.6262061934627613,0.8304656404687516,0.6476533682441954,0.5581118202144256,0.22333142506032777,0.09462598744362657,0.503012018569098,0.5052999381226758,0.5041559783458869,0.005719798883944416,3.888019944204843,-40.625156889491,-2.53161473366636
135.5,0.7136817621295564,0.6495199559107303,0.9136846070153813,0.8850684891642665,0.6608590470212676,0.5763934473536866,0.03947734002873641,0.04896717580184312,0.6347700897109424,0.5481690880860882,0.5914695888985153,-0.21650250406213545,3.839539508453644,-40.65903918715942,-2.5532649840725736
135.6,0.2701442725144775,0.2713115414395204,0.8443487313041111,0.9623263903922872,0.5827160921199096,0.5153770661708533,0.07329941019983999,3.484587432530002e-05,0.5400033462535646,0.5153591074063754,0.52768122682997,-0.06161059711797312,3.795643293602712,-40.68832394587874,-2.559426043784371
135.70000000000002,0.49418962077747264,0.8826642472348947,0.9724411713191647,0.7461501050155664,0.5650107978514222,0.5888345023836616,0.0,0.1482560565468177,0.5650107978514222,0.5015362211015523,0.5332735094764872,-0.15868644187467473,3.751100379407323,-40.71764518654274,-2.5752946879718386
135.8,0.6284824323049645,0.8776948773154349,0.9879096988902918,0.5917857934740822,0.5777051247421306,0.6466065773700163,0.0012674607698226047,0.2729513559390642,0.5769729061599945,0.47011443531775293,0.5235436707388738,-0.26714617710560395,3.7069188987679236,-40.74573391239881,-2.602009305682399
135.9,0.8372522421259128,0.6158011058792041,0.7609705832188247,0.5332849343415466,0.6296145482188871,0.6404454830718538,0.147572486441564,0.2565076988559731,0.5367007638384439,0.4761662859663905,0.5064335249024172,-0.1513361946801335,3.663470810846187,-40.77175338217427,-2.6171429251504126
136.0,0.5684822160954847,0.3157606292733428,0.965733945206509,0.9023299927364479,0.6173880817942066,0.5755085123121516,0.018064980145430346,0.039868520582772515,0.6062349783545689,0.5525638393434739,0.5793994088490213,-0.13417784752773748,3.6133180203890407,-40.80076604077543,-2.6305607099031865
136.1,0.681172330876546,0.3166965588752027,0.7992104225566721,0.8807750530291406,0.6301449316106744,0.5237461216247619,0.12306446740725968,0.0548259485972174,0.5525964812126227,0.49503124368257073,0.5238138624475968,-0.14391309382512998,3.567628865823544,-40.82638460396724,-2.6449520192856997
136.20000000000002,0.4471131414316773,0.9922680895841121,0.4740784076159561,0.9981091626629349,0.593538573574875,0.6174505152166319,0.26009595055676293,0.00044904809815197034,0.4391615940888127,0.6171732502370709,0.5281674221629418,0.4450291403706455,3.521193010748229,-40.8515504463288,-2.600449105248635
136.3,0.8629498435002867,0.5960204201429791,0.8224842859796988,0.6260251763111915,0.6474208275599573,0.6131644962019013,0.13377528906563374,0.19467688158951602,0.5608119192060123,0.4937955441799085,0.5273037316929604,-0.16754093756525937,3.4759967437364168,-40.87871273089343,-2.6172031990051607
136.4,0.8623077554510015,0.3684904685501453,0.8395948615719359,0.8862511913109052,0.6903982131381662,0.56422969067155,0.11146527602708112,0.0329934355002896,0.6134427857421169,0.5456138147650299,0.5795283002535734,-0.1695724274427174,3.42583104744161,-40.907728819933915,-2.6341604417494326
136.5,0.892345516538851,0.34321618590819114,0.6925027909609472,0.635084718312778,0.7307876738183031,0.5200269897188783,0.22138224673160162,0.16594252940631246,0.5690042567046464,0.43373239568537714,0.5013683261950117,-0.3381796525481731,3.382011698154382,-40.932092042486765,-2.66797840700425
136.6,0.8788145968865944,0.9928505719993461,0.7287657457245241,0.6024460885931736,0.7603930584319614,0.6145917061749718,0.18383207246306488,0.29676339675731206,0.6206084266138855,0.43220338383161533,0.5264059052227504,-0.4710126069556754,3.3351654876874046,-40.956101714192506,-2.7150796676998175
136.70000000000002,0.806171348043458,0.512850475739379,0.7167066606585142,0.5698239219890419,0.7695487163542607,0.5942434600878532,0.18419624373695517,0.20510291297330566,0.6278007334292103,0.4723623954084982,0.5500815644188543,-0.38859584505178013,3.285085299928778,-40.97885851689402,-2.7539392522049955
136.8,0.88500177590853,0.5150179630358194,0.4785404100570913,0.8513598879781847,0.7926393282651145,0.5783983606774464,0.34425028943893204,0.08741583615207223,0.5197730100891681,0.5278371843498396,0.5238050972195039,0.0201604356516788,3.2365914941064724,-40.99865923899196,-2.7519232086398278
136.9,0.8798477764998403,0.767670025253737,0.6745195000825852,0.49821668078224696,0.8100810179120597,0.6162526935927045,0.19769590601267745,0.31245482213776,0.649931317132263,0.42370156782428053,0.5368164424782718,-0.5655743732699562,3.1869341113622767,-41.019051964855535,-2.8084806459668235
137.0,0.4328652554584627,0.3158583057508847,0.5308818838195135,0.8490295105978327,0.7346378654213402,0.5561738160243406,0.23137416399665695,0.04473056060553311,0.5646616434691891,0.5312958494394532,0.5479787464543211,-0.08341448507433985,3.1351485120653897,-41.036970077789626,-2.8168220944742575
137.1,0.7807660094269591,0.6605456775542964,0.8069906836099889,0.9930905127157156,0.743863494222464,0.5770481883303318,0.10408505878172096,0.021914385146299918,0.6664384187007425,0.5644025320832863,0.6154204753920144,-0.25508971654364054,3.0768236388212755,-41.05660761267502,-2.8423310661286214
137.20000000000002,0.5416888515916184,0.8733280728353436,0.955591202034048,0.45762863914184504,0.7034285656962949,0.6363041652313342,0.04191129009670456,0.33936397756855397,0.6739469670170887,0.4203654527749902,0.5471562098960394,-0.6339537856052461,3.024539884002079,-41.072738581718575,-2.905726444689146
137.3,0.2419776923498323,0.9842214078631113,0.7900586828819773,0.7560354341588382,0.6111383910270023,0.7058876137576896,0.10209192024900231,0.17431433100056715,0.54874609914917,0.5828412866039312,0.5657936928765506,0.08523796863690286,2.9695270681183903,-41.085960348526996,-2.8972026478254556
137.4,0.5231951966583789,0.22719426225902162,0.5445132526605343,0.693175536257131,0.5935497521532777,0.610148943457956,0.2394887797783021,0.13811305674601815,0.45140124627237554,0.5258794078066243,0.48864032703949994,0.186195403835622,2.9221150251409598,-41.09778370984259,-2.8785831074418935
137.5,0.7222375735354438,0.5002973125925649,0.8150769099198161,0.8771951258364434,0.6192873164297109,0.5881786172848777,0.11524104263097172,0.0725262741006511,0.5479200003962146,0.5455202136675327,0.5467201070318737,-0.005999466821704769,2.869323080623801,-41.11199776445155,-2.879183054124064
137.6,0.8919166315686413,0.7202487491494471,0.5651296241536744,0.7919172843327446,0.673813179457497,0.6145926436577916,0.28030128330942816,0.10717335639643796,0.48494248054475453,0.5487246872204261,0.5168335838825904,0.15945551668917896,2.8194089618414515,-41.12540486258913,-2.863237502455146
137.70000000000002,0.26610959244997234,0.5913747527683337,0.801275325902455,0.7058490986746626,0.592272462055992,0.6099490654799,0.06169148949538998,0.16074591336966967,0.555734291684656,0.511902245840357,0.5338182687625066,-0.10958011461074751,2.768081870808648,-41.14007282654996,-2.874195513916221
137.8,0.6581044523686073,0.4189798456056466,0.8472155768925842,0.8766062286177829,0.6054388601185151,0.5717552215050493,0.07329843432869322,0.05706559181956884,0.5610611395900793,0.539127671413935,0.5500944055020072,-0.05483367044036069,2.715027361502941,-41.154607529573305,-2.879678880960257
137.9,0.7156773191853583,0.5469251829288205,0.7428538596268137,0.4596647530431851,0.6274865519318837,0.5667892137898035,0.13329723831087695,0.2966649765333698,0.543844327482149,0.39864270498148435,0.47124351623181665,-0.3630040562516615,2.6695101286358973,-41.166809415822264,-2.915979286585423
138.0,0.836179861649937,0.34791187885600633,0.8877207623455312,0.41184783306924944,0.6692252138754944,0.523013746803044,0.07348043281184416,0.2597523718499172,0.6200502555113241,0.3871596855608413,0.5036049705360827,-0.5822264248762069,2.6204259137497106,-41.17807527187021,-2.9742019290730437
138.1,0.8497570069437483,0.5908506099220017,0.7113406695595857,0.7508329236759921,0.7053315724891451,0.5365811194268355,0.19326387956669827,0.14524103820405926,0.569016456409013,0.45864752056058566,0.5138319884847993,-0.2759223396210683,2.569760905338612,-41.186636232482535,-3.0017941630351506
138.20000000000002,0.2992714628786338,0.8023905528036581,0.9794086262222337,0.9385613789438877,0.6241195505670428,0.5897430061022,0.0,0.04211479822546588,0.6241195505670428,0.5649060983953261,0.5945128244811845,-0.14803363042929174,2.510889623932563,-41.19492038665395,-3.0165975260780797
138.3,0.3439500451405286,0.6437774148418478,0.8803077831013326,0.47382718193148,0.56808564948174,0.6005498878501295,0.03752756205173708,0.2815963120596714,0.5467667800201126,0.4314372542236838,0.48910201712189816,-0.288323814491072,2.462361006178806,-41.201018016557185,-3.045429907527187
138.4,0.3289682095516975,0.6499969676539927,0.9108700636911484,0.42100316770945634,0.5202621614957315,0.6104393038109022,0.057664484511620415,0.3244834562248165,0.49026151214217867,0.41236184869486986,0.45131168041852426,-0.19474915861827202,2.417438347516351,-41.20535126793675,-3.064904823389014
138.5,0.49084771255419346,0.6355417202210616,0.6538307963778216,0.9671370908237668,0.5143792717074238,0.615459787092934,0.15182072836122798,0.010237171793324376,0.43628583602288473,0.6091592195205808,0.5227225277717328,0.43218345874424025,2.36531972659261,-41.20935598558074,-3.02168647751459
138.6,0.9569716927158509,0.6155544573343963,0.8696810944083191,0.7954945468936967,0.6028977559091092,0.6154787211412265,0.08677708465141222,0.11478819198363863,0.550580046308438,0.544829031537023,0.5477045389227305,-0.014377536928537604,2.310942532043492,-41.21590757565743,-3.0231242312074436
138.70000000000002,0.7560811955507758,0.6181330079482981,0.9916117131566874,0.6112702754415816,0.6335344438374425,0.6160095785026408,0.006581755904305746,0.20112716716010215,0.6293646747711343,0.4921133170349161,0.5607389959030252,-0.34312839434054554,2.2552616645149355,-41.2225350341847,-3.057437070641498
138.8,0.27920730508933655,0.8558106365486118,0.5422602133604911,0.51284419063479,0.5626690160878213,0.663969790111835,0.18043202207933245,0.3262171043216686,0.4611455077537072,0.4473714878244861,0.45425849778909666,-0.03443504982305279,2.2099965764408194,-41.2263533623239,-3.0608805756238033
138.9,0.9659383424175263,0.6817155096058287,0.5296239804854235,0.6154390973332333,0.6433228813537623,0.6675189340106338,0.3079941834919094,0.22512523319983974,0.4451831757895478,0.5172435783261815,0.48121337705786466,0.18015100634158426,2.162031895435392,-41.23023311987327,-3.042865474989645
139.0,0.2594877275815523,0.4039738968650963,0.6290693878372116,0.9421959601193042,0.5665558505993202,0.6148099265815263,0.14578233532844417,0.010011904307418981,0.4839620156049582,0.6086545084293409,0.5463082620171495,0.31173123206095665,2.1076670979008454,-41.235617909610085,-3.011692351783549
139.1,0.40334351466015383,0.5402746912252863,0.8167092225398598,0.7215425917674432,0.533913383411487,0.5999028795102783,0.0673812136332601,0.15302161451963253,0.49793765166218085,0.508104772332639,0.5030212119974099,0.02541780167614527,2.0577887814748506,-41.2421338092181,-3.0091505716159346
139.20000000000002,0.9962874152250281,0.7574423470829201,0.515576452230416,0.623285355703423,0.6263881897741952,0.6314107730248066,0.3446698201636907,0.23997057136001457,0.4104910850520636,0.4798907690591753,0.44519092705561947,0.1734992100177793,2.013659570951554,-41.24801278820403,-2.991800650614157
139.3,0.6839557538273517,0.5357491780612934,0.49209484599393755,0.995469394867647,0.6379017025848265,0.612278454032104,0.28867049245120063,0.0,0.45375830396420525,0.612278454032104,0.5330183789981546,0.3963003751697469,1.9609545996111013,-41.25596715301212,-2.952170613097182
139.4,0.6828857973068814,0.2620196775801493,0.47477273433567657,0.4659940794884231,0.6468985215292374,0.542226698741713,0.30297102712492674,0.19880817416797159,0.4509070120159278,0.4344275987797463,0.44266730539783705,-0.04119853309045379,1.91747965816951,-41.264302193463855,-2.9562904664062275
139.5,0.7121419911919484,0.49025558775213596,0.6001104091617656,0.5639518014177515,0.6599472154617796,0.5318324765437976,0.24863235986473878,0.20535510467751034,0.4958629818953541,0.4226179626522465,0.45924047227380027,-0.18311254810776903,1.8723418021822427,-41.2727634032246,-2.9746017212170046
139.6,0.2078906661149672,0.5017247854440523,0.9812640915314506,0.6271794108381101,0.5695359055924171,0.5258109383238485,0.0,0.20369294320273285,0.5695359055924171,0.4187069607284732,0.4941214331604451,-0.3770723621598597,1.8236170121537818,-41.28097648691879,-3.0123089574329907
139.70000000000002,0.34058509782836244,0.782661931964826,0.583929732093932,0.8928059494799293,0.5237457440396062,0.577181137052044,0.1810887575361912,0.06687530097837503,0.4289012779866058,0.5385819747926478,0.4837416263896268,0.27420174201510494,1.7756465562458263,-41.28721307019842,-2.9848887832314803
139.8,0.7603644285926705,0.8923186795830531,0.7309253391819623,0.7644801665800787,0.571069480950219,0.6402086455582459,0.17842312826603016,0.14154934539915265,0.46917747770182283,0.549587530860598,0.5093825042812103,0.20102513289693785,1.7253324494983355,-41.29516266257036,-2.9647862699417864
139.9,0.9572082445137078,0.5116506646911649,0.6071037328515276,0.8447782829902106,0.6482972336629168,0.6144970493848296,0.28702230995595207,0.07960151848735769,0.4622214641189328,0.5655821511477963,0.5139018076333646,0.2584017175721588,1.6747434197407605,-41.30420150912706,-2.9389460981845703
140.0,0.6756935827852555,0.8797040128865914,0.6861171212448631,0.47654332187352044,0.6537765034873846,0.667538442085182,0.15938022114771075,0.34177439632471435,0.5495774597803881,0.4393908940179786,0.49448417689918334,-0.2754664144060237,1.6263068473814362,-41.31415361795467,-2.966492739625173
140.1,0.32439302597977476,0.30109468783539617,0.6272803987602625,0.8412534248860325,0.5878998079858626,0.5942496912352249,0.14229352110486815,0.07575984363671795,0.5042454742506783,0.5492294275460763,0.5267374508983773,0.11245988323849487,1.5744385292505996,-41.32332972802744,-2.955246751301323
140.20000000000002,0.9795998774179857,0.7660019324870595,0.5494669765750254,0.7652217943291831,0.6662398218722873,0.6286001394855918,0.31996821533977576,0.12969386643299188,0.45306425507952136,0.5470745569553874,0.5000694060174544,0.23502575468966516,1.52529731948737,-41.33259447904151,-2.931744175832357
140.3,0.9889970204472627,0.8387751189986814,0.7013375473923369,0.5654937846330538,0.7307912615872824,0.6706351353882097,0.2048598493905341,0.29380014598819015,0.5810814738025933,0.47360243470634406,0.5273419542544687,-0.2686975977406232,1.4737199810115234,-41.343579629150504,-2.958613935606419
140.4,0.905110168002915,0.8512186004445799,0.5831124587459948,0.9147528845978182,0.7656550428704089,0.7067518283994838,0.2938961093175795,0.050860298105468035,0.5406320046914111,0.6708062197205015,0.6057191122059563,0.3254355375727258,1.4141592542321881,-41.35460125581961,-2.9260703818491467
140.5,0.4501895299270487,0.2721124746482175,0.44768492017698236,0.8379718180300447,0.7025619402817368,0.6198239576492306,0.2829477883508571,0.05284893543672814,0.5037735930995324,0.5870669213292892,0.5454202572144108,0.20823332057439192,1.3608790672405935,-41.366265485067146,-2.9052470497917073
140.6,0.2459292178427286,0.7947275655618362,0.7324958649110302,0.6957103199139845,0.6112353957939352,0.6548046792317517,0.12154019208587419,0.20650451595090258,0.536945728379455,0.5195845559046127,0.5282651421420339,-0.04340293118710564,1.3095211223782175,-41.37863488697413,-2.909587342910418
140.70000000000002,0.5391868989290778,0.6069458897855367,0.8384784197945672,0.6877935685119265,0.5968256964209637,0.6452329213425086,0.08389306151987859,0.18937707062044976,0.5467561615544754,0.5230406008307893,0.5348983811926323,-0.0592889018092152,1.2574644229498482,-41.39093378231678,-2.9155162330913393
140.8,0.9104644270682891,0.7583055622857306,0.6432828710104537,0.7697719642081142,0.6595534425504288,0.667847449531153,0.2533618975109213,0.1487383812196533,0.49244773083599175,0.5685129009862152,0.5304803159111035,0.19016292537555865,1.2057662841359382,-41.40282479147787,-2.8964999405537837
140.9,0.7713280583916837,0.7620733710189154,0.8498007715272633,0.546535748217502,0.6819083657186797,0.6866926338287055,0.10096024632063999,0.29230322352804955,0.6130627291476167,0.4859701633876083,0.5495164462676125,-0.31773141440002106,1.1524568786039127,-41.41615860297376,-2.928273081993786
141.0,0.8586907148311609,0.9042655166682088,0.7168668509308015,0.7655161650882183,0.7172648355411759,0.7302072103966062,0.18648440904446603,0.17374530427441068,0.5835061265569036,0.6033371364428792,0.5934216314998915,0.04957752471493909,1.0944597928322295,-41.42872165870523,-2.923315329522292
141.1,0.7396177347313484,0.9055444524509337,0.7141098494997559,0.5350411467618384,0.7217354153792104,0.7652746588074717,0.15335171031009912,0.3214803774429411,0.6110560550394387,0.5192538726465277,0.5651549638429831,-0.22950545598227762,1.039285299535836,-41.440959984614025,-2.9462658751205195
141.20000000000002,0.6109475872116776,0.9619868817979489,0.6536333612896853,0.6274568595162807,0.6995778497457038,0.8046171034055671,0.18348608445454118,0.23964492813267602,0.5712150493247373,0.611794695485618,0.5915048724051777,0.1014491154022018,0.9812596003078814,-41.452440331729754,-2.9361209635802994
141.3,0.9312361400071572,0.3998121788008595,0.7234717734937834,0.8598483466705955,0.7459095077979945,0.7236561184846256,0.17067831528122826,0.056426350869419314,0.6185989296547826,0.6828228444342102,0.6507108870444964,0.16055978694856893,0.917557291388914,-41.46571671766775,-2.9200649848854425
141.4,0.43483603158444634,0.37045275570293845,0.842815433283939,0.7413051667524344,0.6836948125552849,0.6530154459282882,0.0631937030916981,0.108134927496598,0.640489605565332,0.5824016680286741,0.611445636797003,-0.14521984384164466,0.8579069218060669,-41.479151414397144,-2.934586969269607
141.5,0.9464891550489363,0.7143789083691181,0.8954364324811899,0.4212574762198972,0.7362536810540151,0.6652881384164542,0.06947866255405885,0.3437092857400323,0.6850997599938795,0.43662242755001895,0.5608610937719493,-0.6211933311096514,0.8030182102540973,-41.49067881693351,-2.9967063023805722
141.6,0.5906131688207192,0.4845952511184877,0.7693181490615928,0.5971310807690798,0.7071255786073559,0.6291495609568609,0.11785776064582389,0.17915819824709783,0.6237853414173105,0.516432259187877,0.5701088003025938,-0.2683827055735835,0.7466046719315986,-41.49891004623178,-3.0235445729379307
141.70000000000002,0.9121570212986088,0.3489261651162391,0.6127193943062293,0.4608026672786645,0.7481318671456065,0.5731048817887365,0.25717031595684803,0.22040497401012155,0.5557345584943842,0.4467897152130163,0.5012621368537002,-0.27236210820341983,0.6968273159921223,-41.50481361583889,-3.0507807837582726
141.8,0.6114548796326515,0.32296853310298357,0.47430558910865683,0.6924472928356101,0.7207964696430156,0.523077612051586,0.2725089043834217,0.13826308866297354,0.5243730134171591,0.4507552857988811,0.4875641496080201,-0.18404431904569515,0.6482718050032156,-41.509235193887065,-3.069185215662842
141.9,0.38087618631540937,0.5162870608229009,0.5795709715686546,0.6570048819133343,0.6528124129774944,0.5217195018058489,0.17746855212897036,0.18619386614737232,0.536958739234559,0.4245785307201369,0.4807686349773479,-0.2809505212860551,0.6003209160333984,-41.51271327536744,-3.0972802677914473
142.0,0.28695599430423524,0.5508576551454045,0.9036144767970892,0.49710058036390425,0.5796411292428425,0.5275471324737601,0.03412852950285694,0.25903863010855394,0.5598588298624089,0.39089204596006144,0.47537543791123515,-0.42241695975586857,0.5528300366699376,-41.51481908803199,-3.139521963767034
142.1,0.4873893969272152,0.8964112562490667,0.5190787707745983,0.5137402413110425,0.561190782779717,0.6013199572288214,0.2196449842212876,0.3160152562780495,0.43792804215093406,0.41129367684004964,0.4246108594954918,-0.06658591327721106,0.5103690417517511,-41.5149070117077,-3.1461805550947552
142.20000000000002,0.7951391895485729,0.9207982482409867,0.49618750065358647,0.5193951544838064,0.6079804641334882,0.6652156154312544,0.310555974179123,0.3278072094081057,0.41916849881263735,0.4471531408820393,0.43316081984733834,0.06996160517350483,0.46705341564286196,-41.51470828248714,-3.1391843945774047
142.3,0.41263969611401735,0.5368762581888904,0.7300742037396175,0.8798920512873074,0.568912310529594,0.6395477439827816,0.1341034166394074,0.05482113498822801,0.492619225919356,0.6044870107784848,0.5485531183489204,0.27966946214782196,0.4121982628803837,-41.51484038815855,-3.1112174483626225
142.4,0.8115141676684468,0.905413224696374,0.7011151495247836,0.9541367504383319,0.6174326819573646,0.6927208401255001,0.20040768795176003,0.025922992216508185,0.49369442570043476,0.6747634431787137,0.5842289344395742,0.4526725436956974,0.35380231939586587,-41.516614722658296,-3.0659501939930527
142.5,0.28778622721242064,0.28630366797872164,0.41269132402296477,0.49332519327456004,0.5515033910083758,0.6114374056961444,0.24380037927750242,0.22072298233062293,0.417046655107705,0.47647911800239234,0.4467628865550487,0.14858115723671836,0.3092537837936289,-41.51999092521831,-3.051092078269381
142.6,0.3892039480926981,0.7426482548107849,0.6052845989003706,0.9858631160725064,0.5190435024252402,0.6376795755190725,0.18936179956412527,0.00581369864653533,0.42075649075393035,0.633972298633954,0.5273643946939421,0.533039519700059,0.25673316201943885,-41.524757091010805,-2.997788126299375
142.70000000000002,0.43157330323590853,0.5887433951056891,0.8565399382812616,0.548648379523813,0.5015494625873739,0.6278923394363958,0.053903260600005234,0.24214719373397914,0.47451431120173404,0.4758499714748094,0.47518214133827175,0.003339150682688391,0.20970543395639163,-41.53156689774054,-2.9974542112311062
142.8,0.3995734291144539,0.8133820838631391,0.9185000833728793,0.9965542362673093,0.4811542558927899,0.6649902883217444,0.02737023028582478,0.014979194765359636,0.4679849531059996,0.6550292692759004,0.56150711119095,0.4676107904247521,0.1541370041861021,-41.539632378014176,-2.950693132188631
142.9,0.35872996731932655,0.7651687191886718,0.8859714810687224,0.8206869724264296,0.4566693981780972,0.6850259744951299,0.05066409217239959,0.09592332610913946,0.43353265769648786,0.6193160045504025,0.5264243311234451,0.46445836713478655,0.10245087587029206,-41.549620866573974,-2.904247295475152
143.0,0.9940413347177024,0.672956959181475,0.7806863150688682,0.537630515339052,0.5641437854860183,0.6826121714323989,0.13828868522269858,0.2447074076265057,0.48612908311460074,0.5155719165468767,0.5008504998307387,0.07360708358068999,0.05376993187068357,-41.561397025672505,-2.8968865871170832
143.1,0.9923190366755568,0.943278665221984,0.6557817862227321,0.7698804149015702,0.649778835723926,0.734745470190316,0.22353259587024144,0.13790084817683507,0.5045320858330137,0.6334234466569839,0.5689777662449989,0.3222284020599256,-0.0014327791079422059,-41.57518171592734,-2.8646637469110905
143.20000000000002,0.5258377523718547,0.44515675723647385,0.7799859850710229,0.5388565892954553,0.6249906190535117,0.6768277275995476,0.10572798857707708,0.2196232748481172,0.5589116180214417,0.5281806055561256,0.5435461117887836,-0.07682753116329044,-0.053716458881730024,-41.590042422024936,-2.8723465000274198
143.3,0.6078909541790058,0.7150985244015187,0.5825739939960313,0.561547653512252,0.6215706860786105,0.6844818869599418,0.21794983666633624,0.2509913348949525,0.4860994565711948,0.5126828644404501,0.49939116050582244,0.0664585196731382,-0.10185635332979727,-41.603326467886134,-2.865700648060106
143.4,0.5344593599257983,0.4558727079338207,0.4285338365215881,0.42453347742797104,0.6041484208480481,0.6387600511547176,0.27569525050521637,0.2873659377296447,0.4375875706200146,0.45520217007040636,0.44639487034521047,0.04403649862597947,-0.14480769073284172,-41.61548650152075,-2.861296998197508
143.5,0.3695820408184347,0.5776465313444099,0.9450891849690161,0.4604570199440756,0.5572351448421254,0.6265373471926561,0.011984465063971949,0.30446207382345436,0.5505569797163476,0.43578048713853434,0.493168733427441,-0.28694123144453326,-0.19219990850161311,-41.62912951039935,-2.8899911213419616
143.6,0.4908649941342005,0.4434853560419596,0.45813233257359653,0.4081969500316449,0.5439611147005404,0.5899269489625167,0.27102457705309063,0.2970022803241823,0.39653428365549875,0.41471729989596173,0.4056257917757302,0.04545754060115745,-0.2314853730029077,-41.63922778294739,-2.8854453672818456
143.70000000000002,0.4649693868194145,0.7930336821677402,0.6168309781384409,0.8672849845390517,0.5281627691243153,0.6305482956035614,0.1873699351606066,0.07677718699522303,0.42920094531924585,0.5821365712024876,0.5056687582608668,0.3823390647081044,-0.28040241657935705,-41.65203917547711,-2.8472114608110353
143.8,0.7201986746546445,0.36802664151386744,0.6304296139801941,0.9323162798868069,0.5665699502303811,0.5780439647856226,0.20255617289709338,0.03997237838329927,0.45180770943321846,0.5549381727030291,0.5033729410681238,0.2578261581745267,-0.32857429447667547,-41.66664442651369,-2.8214288449935827
143.9,0.2962834777893957,0.6692491648693691,0.9473060990156592,0.7926130957189611,0.5125126557421841,0.5962850048023719,0.009670447211763864,0.12591987843797164,0.5075564291594683,0.5212008694832719,0.5143786493213701,0.034111100809509076,-0.37739828651906776,-41.68283305677759,-2.818017734912632
144.0,0.9404005116143073,0.259903680931437,0.727947413708316,0.6057387812501628,0.5980902269166087,0.5290087400281849,0.19296515878731862,0.1788521270280497,0.4826796513105019,0.4343944016577155,0.45853702648410866,-0.12071312413196603,-0.42087240232598755,-41.697412607572296,-2.8300890473258287
144.1,0.361599293551192,0.7766155728916666,0.4262866636864779,0.5150240365484918,0.5507920402435253,0.5785301066008812,0.25711556301872973,0.2862497636171263,0.4091748347100765,0.4129260003409881,0.4110504175255323,0.009377914077279004,-0.459999214842135,-41.71001090109981,-2.829151255918101
144.20000000000002,0.9016602740249344,0.8827506354218009,0.9440889085546704,0.9850756943851986,0.6209656869998071,0.6393742123650652,0.05273497256414525,0.007686356594213165,0.5882190785325967,0.6344597541716831,0.61133941635214,0.11560168909771601,-0.518173415566715,-41.72880242019524,-2.817591087008329
144.3,0.7738606996383008,0.9286793436773166,0.44062509752580803,0.6514024966527346,0.6515446895275059,0.6972352386275155,0.35821706518061786,0.23422814835752198,0.41815026301094593,0.5339231197141776,0.47603669136256177,0.2894321417580792,-0.5633002211733024,-41.743957641440055,-2.788647872832521
144.4,0.21749991874060104,0.6793229298242844,0.8180237366295766,0.4773605419232981,0.5647357353701249,0.6936527768668692,0.052242617041584165,0.30145521531856234,0.535232462617486,0.48454752966014847,0.5098899961388172,-0.1267123323933439,-0.6111462018682075,-41.761582629751175,-2.8013191060718556
144.5,0.8355123041419625,0.7550426673304493,0.8444291181021937,0.6384962968305911,0.6188910491244924,0.7059307549595852,0.10605159013516248,0.23244162786600173,0.5532566692444211,0.5418430611161037,0.5475498651802624,-0.02853402032079344,-0.6627617239378454,-41.779856830966764,-2.804172508103935
144.6,0.97723073407999,0.3324145760401781,0.8504366748449729,0.6304902519099351,0.690558986115592,0.6312275191757039,0.11450703569858783,0.15601905330625343,0.6114851236404732,0.5327439992130556,0.5721145614267644,-0.19685281106854413,-0.7167471333649218,-41.79879690179441,-2.8238577892107894
144.70000000000002,0.4171953511650836,0.3472530722832712,0.4960018332536428,0.5306846332197461,0.6358862591254903,0.5744326297972173,0.24317459679217343,0.2211492919039048,0.4812548744569657,0.44739726047106476,0.4643260674640152,-0.08464403496475231,-0.7608555800424064,-41.813303172885405,-2.832322192707265
144.8,0.8325175017881137,0.5643527895439729,0.8246524127747676,0.7150439214356301,0.675212507658015,0.5724166617465685,0.10313265712663192,0.138626579810425,0.6055760476181076,0.4930644977021407,0.5493202726601242,-0.2812788747899171,-0.8131814049912366,-41.83002249293672,-2.8604500801862565
144.9,0.7666037635118643,0.6417207367366755,0.5026654581305211,0.42736747950419396,0.6934907588287849,0.5862774767445899,0.29123244616347693,0.30034144833795073,0.49152374874331195,0.4101940502512005,0.4508588994972562,-0.20332424623027867,-0.8564971802705339,-41.84253173290213,-2.880782504809284
145.0,0.3185115810754656,0.9068819777831822,0.956348774431518,0.5622609132828541,0.6184949232781211,0.6503983769523083,0.030281588751501103,0.29580932647289404,0.5997659143665217,0.4580044711269825,0.5288851927467522,-0.354403608098848,-0.9075970832072708,-41.85616974562114,-2.916222865619169
145.1,0.39920645945987854,0.8587282133696819,0.7207569544740833,0.4008399768858202,0.5746372305144726,0.692064344235783,0.12226164062578913,0.38976063483468787,0.5043811399471134,0.4223249060799923,0.46335302301355286,-0.20514058466780283,-0.9527606369944368,-41.866524148002334,-2.9367369240859493
145.20000000000002,0.49528812959529084,0.2665969249393214,0.8232770303665984,0.7295650434376516,0.5587674103306363,0.6069708603764907,0.09691159016285937,0.10630305338428811,0.5046163720643114,0.5424480046031813,0.5235321883337464,0.09457908134717474,-1.004019167982588,-41.87717414908928,-2.927279015951232
145.3,0.6891856270724257,0.4597081123904066,0.4343580586878447,0.8895532936323054,0.5848510536789941,0.5775183107792738,0.33858277224577077,0.04221449438037272,0.3868305625735002,0.5531386672943198,0.46998461493390997,0.41577026180204907,-1.0499424267656918,-41.88716963234352,-2.885701989771027
145.4,0.972181971548139,0.3413881913184357,0.982962822984033,0.7224332168280374,0.6623172372528231,0.5302922868871062,0.0308869431310194,0.1323006835015954,0.6418602824111013,0.4601342548763179,0.5509972686437096,-0.4543150688369583,-1.103248009880886,-41.90111576834162,-2.9311334966547227
145.5,0.824410549302466,0.285154186025871,0.8474618733888062,0.6291885865285529,0.6947358996627517,0.4812646667148591,0.10221604303195082,0.16833982629017585,0.6237227450469828,0.40024865632048034,0.5119857006837316,-0.558685221816256,-1.1533168884066543,-41.91181160772981,-2.9870020188363484
145.6,0.7074444329997402,0.6407022428879678,0.8901082177855888,0.5323834225129919,0.6972776063301495,0.5131521819494809,0.05481620658749281,0.2633927212294278,0.6590554930127235,0.37799163234098865,0.5185235626768561,-0.7026596516793371,-1.2045508869615293,-41.919795606890006,-3.057267984004282
145.70000000000002,0.8461863688124498,0.802318158122679,0.49338488629187305,0.5390338855824406,0.7270593588266095,0.5709853771841205,0.33251230045193625,0.2809720281436019,0.48530317885806384,0.4105544577163586,0.4479288182872112,-0.18687180285426305,-1.2491846098836983,-41.9235682771153,-3.0759551642897085
145.8,0.9217345147073679,0.27495284972167716,0.5089081263216888,0.5110168135863452,0.7659943900027613,0.5117788716916318,0.3428841809026283,0.18802828101097405,0.503347031010656,0.41554997018971845,0.45944850060018727,-0.21949265205234395,-1.295030523832397,-41.926581816769286,-3.097904429494943
145.9,0.5924147066077892,0.7835839937949576,0.7885385630222153,0.41262838234078986,0.7312784533237668,0.566139896112297,0.10006432310211479,0.34742285527393185,0.6581035698927626,0.36944995692047566,0.5137767634066192,-0.7216340324307174,-1.346359176689624,-41.92882570224499,-3.1700678327380145
146.0,0.5153578680000712,0.686257661508608,0.441672471807252,0.44322921377298996,0.6880943362590277,0.5901634491915592,0.2724038056694238,0.33623176516574077,0.5006548204024924,0.3917317509335793,0.44619328566803584,-0.27230767367228276,-1.390960417003593,-41.92755533056397,-3.197298600105243
146.1,0.9763083720356482,0.2801870389241392,0.7160671299872903,0.836058774965007,0.7457371434143518,0.5281681671380751,0.20838198530570962,0.07168779072995299,0.5903389569534605,0.49030495810205793,0.5403219575277592,-0.2500849971285064,-1.444908799362495,-41.92454697241973,-3.2223070998180936
146.20000000000002,0.502300103807393,0.2165727323891849,0.895937348962808,0.8580674536400309,0.69704973549296,0.46584908018829707,0.057906351995910224,0.03662485336159538,0.6566861281508486,0.4487874259377666,0.5527367770443076,-0.5197467555327049,-1.5000025257136096,-41.920090430742405,-3.2742817753713642
146.3,0.39867435556720277,0.2668764368752031,0.48558136346309655,0.7764306259139054,0.6373746595078086,0.4260545515256783,0.21689967448705563,0.10959140191744876,0.499128303334267,0.37936263593066927,0.43924546963246813,-0.2994141685089943,-1.5435409630374934,-41.91427920872628,-3.304223192222264
146.4,0.9660941528776925,0.28507115568143226,0.8416789061647147,0.6030339502664813,0.7031185581817854,0.39785787235682907,0.11697579155969862,0.15244810883296572,0.620870708278157,0.337205192131723,0.47903795020494,-0.709163790366085,-1.59081265672775,-41.9065228853047,-3.375139571258872
146.5,0.5843403444270596,0.6502809875749962,0.6665957189297598,0.4978866650494262,0.6793629154308403,0.4483424954004625,0.17122016608242974,0.2674204355610032,0.5630422842205282,0.3284465499999637,0.4457444171102459,-0.5864893355514111,-1.6341769760962956,-41.89620704023257,-3.433788504814013
146.6,0.24470040526107806,0.7536329583374062,0.7764915118080955,0.47384530911389544,0.5924304133968878,0.5094005879878513,0.10192658957189367,0.3005700262294585,0.532046001800676,0.3562900398950412,0.44416802084785856,-0.43938990476408685,-1.6767111123846088,-41.88341252743816,-3.477727495290422
146.70000000000002,0.437390792981184,0.6092339330104403,0.901890030869624,0.48510101587121374,0.561422489313747,0.5293672569923691,0.06308462810637838,0.2609073033157849,0.5260053603648321,0.391251473506816,0.45862841693582407,-0.33688471714504037,-1.7200073135514302,-41.86828509498144,-3.511415967004926
146.8,0.5417083465181771,0.31790120812243167,0.7932187584944645,0.535530635364462,0.5574796607546331,0.4870740472183816,0.12200002637977025,0.19379271054670927,0.4894671274363825,0.3926826473709756,0.44107488740367906,-0.24196120016351727,-1.7611327489501307,-41.85234241245154,-3.5356120870212777
146.9,0.9073791308096122,0.8582278961039462,0.46744520288029573,0.5017354368750813,0.6274595547656289,0.5613048169954945,0.3374635088554061,0.3045986382096461,0.4157148517495689,0.3903321341181522,0.4030234929338605,-0.06345679407854174,-1.7983468682849484,-41.83687022189235,-3.5419577664291317
147.0,0.9646792547810927,0.4858463232296106,0.7694180607813215,0.4710105822704442,0.6949034947687216,0.5462131182423178,0.17508241137866865,0.27829479490418374,0.5732381152291498,0.3942048505270973,0.48372148287812355,-0.44758316175513124,-1.8428936866682482,-41.818016954220575,-3.586716082604645
147.1,0.91646919276325,0.6836051055854735,0.506840666064449,0.7182883843847099,0.7392166343676273,0.5736915157109489,0.3327183942455194,0.16872261664792867,0.4932656627812531,0.47689678203148134,0.4850812224063672,-0.04092220187442944,-1.886675057542815,-41.79713084669293,-3.590808302792088
147.20000000000002,0.3201760285682532,0.733818707985644,0.5809382600698989,0.8905375269964585,0.6554085132077525,0.6057169541658879,0.1733233587558733,0.04912588861924516,0.5418109083413917,0.575960570540746,0.5588857394410689,0.08537415549838584,-1.9370188137802522,-41.77286072297237,-3.5822708872422493
147.3,0.9329874843314336,0.72938537221618,0.9597291004601164,0.8864316489114671,0.7109243074324887,0.6304506377759463,0.035562435252126386,0.050259322643899165,0.685642107780258,0.598764615760913,0.6422033617705856,-0.21719373004836257,-1.9951037039997874,-41.745467345910036,-3.6039902602470857
147.4,0.20174301184245325,0.946475958693322,0.48918576886259335,0.7935124731656421,0.6090880483144816,0.6936557019594215,0.18727579006781625,0.13574443299767466,0.49502060284552285,0.5994958020013358,0.5472582024234294,0.26118799788953234,-2.04408252014628,-41.72105441961913,-3.5778714604581325
147.5,0.7770747709086581,0.8284368752022937,0.6870592079221447,0.44038818082137715,0.6426853928333169,0.7206119366079959,0.1942673105281016,0.37170818505395137,0.517832630051892,0.4527545815232247,0.4852936057875583,-0.1626951213216682,-2.0880661548540633,-41.70054737897268,-3.5941409725902993
147.6,0.42278091397683515,0.27235761477383025,0.9968630096057165,0.5091234017947409,0.5987044970620206,0.6309610722411628,0.0,0.1935132024322094,0.5987044970620206,0.5088617745417148,0.5537831358018677,-0.22460680630076446,-2.1378698519704473,-41.67633272703372,-3.6166016532203757
147.70000000000002,0.5390656559544118,0.7547366677096419,0.6483666074353893,0.8761009542790241,0.5867767288404988,0.6557161913348586,0.17465001773943117,0.08665981201174901,0.4842961627394203,0.5988919494607197,0.5415940561000699,0.28648946680324844,-2.1860331942714573,-41.65156311511861,-3.587952706540051
147.8,0.7231633777714068,0.39672649731150395,0.6511957789182927,0.698261376643541,0.6140540586266804,0.6039182525301876,0.20688906767765355,0.13970364716247466,0.48701298693372724,0.5195486700637321,0.5032808284987297,0.08133920782501206,-2.2314303522657974,-41.62983723264216,-3.5798187857575496
147.9,0.8571233584291609,0.5077018027521236,0.7485783623825955,0.6531044566345778,0.6626679185871764,0.5846749625745749,0.16474129223242473,0.18225641821378435,0.5534991493581538,0.47811419807645444,0.5158066737173042,-0.1884623782042484,-2.278136945722814,-41.60794980761878,-3.5986650235779747
148.0,0.7986267996986747,0.7624746506646289,0.5411158413963442,0.4017196634558424,0.6898596948094761,0.6202349001925856,0.3040123348763136,0.342639723269661,0.4801338382533862,0.4077177856284123,0.44392581194089925,-0.18104013156243465,-2.317972556161014,-41.588358345037086,-3.616769036734218
148.1,0.6466995744343182,0.9660926171159308,0.9525424604571893,0.43574643393469714,0.6812276707344445,0.6894064435772547,0.020487471492621725,0.40127461152745386,0.6672710382502874,0.41276514074626824,0.5400180894982778,-0.6362647437600479,-2.36599161491481,-41.56365277145028,-3.680395511110223
148.20000000000002,0.8934180067696982,0.8552083619794206,0.5768183728771883,0.4864841453816846,0.7236657379414952,0.7225668272576878,0.29231821069536995,0.34859276159459074,0.5121250642848929,0.47068526150728884,0.4914051628960909,-0.10359950694401016,-2.408170077828201,-41.53843833892696,-3.690755461804624
148.3,0.930363127118808,0.39399792677603585,0.8966930846478962,0.43351939952520446,0.7650052157769578,0.6568530471613574,0.05494930504496874,0.27770313241606,0.7229687108142376,0.4744428984276145,0.598705804620926,-0.6213145309665578,-2.4592373966665297,-41.50718749331388,-3.75288691490128
148.4,0.7631702848856246,0.5019686265771479,0.4158081294422859,0.978947915545294,0.7646382295986911,0.6258761630445155,0.34846008093055286,0.018598690242703858,0.4981923302301365,0.6142356861577586,0.5562140081939475,0.29010838981905523,-2.5047860894832894,-41.47526482406777,-3.723876075919374
148.5,0.7301978563166087,0.25901623652474026,0.9024623167243256,0.9222861863293045,0.7577501549422746,0.5525041777405605,0.03895745709228077,0.025975568649178757,0.7282301357944418,0.5381525675427025,0.6331913516685721,-0.47519392062934845,-2.5576708073942096,-41.440443573519275,-3.771395467982309
148.6,0.2631946339907992,0.261652237251268,0.7415098927813828,0.888226755335159,0.6588390507519795,0.49433378964270197,0.09074900482451229,0.032527241673416,0.599050062556711,0.4782544749996582,0.5386522687781846,-0.30198896889263205,-2.6012016491768635,-41.40871774050748,-3.801594364871572
148.70000000000002,0.7948463507897401,0.7984856994596126,0.8191383553241153,0.5797046175756357,0.6860405107595315,0.5551641716060841,0.10822228004009612,0.2538220353158094,0.611795642485263,0.41425127163461256,0.5130234570599378,-0.493860927126626,-2.641730049914905,-41.37726333845381,-3.850980457584235
148.8,0.8251175263216921,0.7561976195169058,0.5720614423361421,0.49353240159154294,0.7138559138719637,0.5953708611882484,0.284867694635676,0.28642088072520466,0.5105014253852137,0.42484421476858675,0.46767282007690025,-0.2141430265415674,-2.677215229471257,-41.34680056283765,-3.8723947602383917
148.9,0.8009063433026087,0.6026363382360267,0.4065205457645238,0.8996080566508506,0.7312659997580927,0.5968239565978041,0.37536856184142586,0.06935657680530516,0.45677173310536495,0.5554302900127823,0.5061010115590736,0.24664639226854343,-2.7149014978518577,-41.313019983882334,-3.8477301210115376
149.0,0.6433247370207713,0.8636145845535657,0.9514901380482247,0.7011234624953595,0.7136777472106284,0.6501820821889563,0.035410108872937544,0.18985542642284653,0.6884063404817072,0.5267414857224778,0.6075739131020925,-0.40416213689807357,-2.7611302136747637,-41.27359452976717,-3.8881463347013447
149.1,0.3254405097474312,0.9784978633638413,0.7129006268571032,0.9867557702261495,0.636030299717989,0.7158452384239333,0.10850865272151831,0.0,0.5670155088055265,0.7158452384239333,0.64143037361473,0.372074324046017,-2.8082133623827206,-41.23003415385397,-3.850938902296743
149.20000000000002,0.6952350083350947,0.3751251303690133,0.5102162636332436,0.8475974424600037,0.6478712414414101,0.6477012168129493,0.2855128124400919,0.08225729854783627,0.4628957011984193,0.5944230644517697,0.5286593828250945,0.32881840813337615,-2.8483273940870317,-41.19560056718462,-3.818057061483405
149.3,0.8532470684792197,0.574748876556255,0.5879137962432204,0.7851345005859429,0.688946406848972,0.6331107487616104,0.2773605464449411,0.10045010596483925,0.49785985497406243,0.5695147069610279,0.5336872809675451,0.17913712996741368,-2.8899438484606503,-41.16218961293255,-3.800143348486664
149.4,0.8426714084832556,0.7173177565587872,0.5168383535888176,0.4650405292409661,0.7196914071758287,0.6499521503210458,0.29091943902769013,0.3181098188772198,0.5103191867271877,0.4431959895035584,0.47675758811537305,-0.16780799305907326,-2.927649652345671,-41.13301341832736,-3.8169241477925713
149.5,0.8772874196497897,0.22243908786493485,0.5693241588596719,0.7249407489886786,0.7512106096706209,0.5644495378298235,0.26294611798055,0.11087577709783988,0.5536826960719289,0.5018657566904253,0.5277742263811771,-0.1295423484537589,-2.96884241796386,-41.10001929156141,-3.829878382637947
149.6,0.8052171522956313,0.447296090052985,0.7310148263054754,0.7830333766156521,0.762011918195623,0.5410188482744558,0.14862681400389977,0.09467603643914135,0.6487565145612072,0.4897973280809611,0.5692769213210842,-0.39739796620061524,-3.0128097284589157,-41.063858017533526,-3.8696181792580084
149.70000000000002,0.9813305173523592,0.6518374505333575,0.7382435932151703,0.8741354218891575,0.8058756380269703,0.5631825687262362,0.1631019665789759,0.06315988340470818,0.6744357366466844,0.527612023349923,0.6010238799983036,-0.3670592832419037,-3.057675539997743,-41.02386606836567,-3.906324107582199
149.8,0.9548073131358914,0.20678298461760056,0.6139894861803029,0.5694413078966991,0.8356619730487544,0.49190265190450905,0.2591548743033481,0.1525758404545982,0.6190960994632166,0.4168501913683329,0.5179731454157748,-0.5056147702372094,-3.095050840686517,-40.98800454731395,-3.95688558460592
149.9,0.8014738165774424,0.7805504998912649,0.9843104457684616,0.8215940863252569,0.828824341754492,0.5496322215018602,0.0,0.1055151665935542,0.828824341754492,0.49163768608490616,0.6602310139196991,-0.8429666391739646,-3.140319922857678,-40.93994458355205,-4.041182248523317
150.0,0.7931610733483934,0.2808023065458364,0.884496599920363,0.49011199484922874,0.8216916880732723,0.4958662385106554,0.0747831607090856,0.20552196198558623,0.7602429865107689,0.3939548362895329,0.5770989114001509,-0.9157203755530902,-3.176211516089213,-40.894753599155884,-4.132754286078626
150.1,0.6690865628052494,0.8816216769063967,0.5740716285760239,0.4909226865278511,0.7911706630196678,0.5730173261898037,0.24029594036361462,0.34765678686554935,0.6010555645612522,0.37380396374836816,0.4874297641548102,-0.5681290020322101,-3.202908938006784,-40.853972164497506,-4.189567186281847
150.20000000000002,0.27463269205581126,0.7747701658700112,0.9306412408455336,0.8844856203263688,0.6878630688268965,0.6133678941258452,0.03459570684285748,0.08120618054907133,0.6640659597497329,0.5635586301724582,0.6138122949610956,-0.25126832394318677,-3.233558240942634,-40.80079063044667,-4.214694018676166
150.3,0.3288376211727656,0.9709338873721356,0.7097804784429618,0.837232383826698,0.6160579792960703,0.6848810927751033,0.13129569190216506,0.129254010713106,0.5351722206525431,0.5963574646723464,0.5657648426624448,0.15296311004950824,-3.260567934040804,-40.751077704052506,-4.199397707671215
150.4,0.47313223151850825,0.8282814868163919,0.6034124253280829,0.6161898134207908,0.5874728297405579,0.7135611715833611,0.20826972020059312,0.23954026260166514,0.46512002786504125,0.5426345411599309,0.5038772845124861,0.1937862832372242,-3.2852975094001775,-40.70717586717725,-4.180019079347493
150.5,0.9125439447925239,0.8193400006465523,0.6325805630048094,0.5252923846111126,0.6524870527509511,0.7347169373959993,0.24875587338820912,0.28099099133788347,0.49017706606938977,0.5282680968043638,0.5092225814368768,0.09522757683743513,-3.311144460484136,-40.66330091425288,-4.170496321663749
150.6,0.32192112545311957,0.7022317170763286,0.6985136945429714,0.8828358665776629,0.5863738672913847,0.7282198933320652,0.11497271679242865,0.0828780874708272,0.5189568707128113,0.6678664213144938,0.5934116460136525,0.37227387650420635,-3.341750165758657,-40.61246131727478,-4.133268934013328
150.70000000000002,0.6377088419648032,0.975157694800991,0.8688673104128308,0.4523006103884232,0.5966408622260684,0.7776074536258504,0.056554156886418794,0.3704958745778197,0.5628983412988872,0.48950710001650954,0.5262027206576984,-0.18347810320594404,-3.370548592187508,-40.568421066736235,-4.151616744333922
150.8,0.9472447770572197,0.3291779879818072,0.568070393397711,0.6179969594778202,0.6667616451922986,0.6879215604970417,0.27680527720658643,0.15206715917282246,0.48219850316412477,0.5833112830585216,0.5327548931113232,0.25278194973599216,-3.3988826454927787,-40.52330500324844,-4.126338549360323
150.9,0.8175524083420107,0.40635527960147444,0.6839565723172594,0.5536157820961461,0.696919797822241,0.6316083043179282,0.21323216925129843,0.21248318216379772,0.5483140775384282,0.4974021619353745,0.5228581197369013,-0.12727978900763423,-3.427800612299949,-40.47974404217677,-4.139066528261086
151.0,0.3123577948798506,0.29917297942448046,0.7412400699627056,0.42375558479192305,0.620007397233763,0.5651212393392386,0.12431838168773937,0.23786959656410567,0.5429290809752342,0.4306960781278065,0.48681257955152035,-0.28058250711856914,-3.4542066040528185,-40.43884675038815,-4.167124778972943
151.1,0.8856007672529429,0.9337120931183385,0.4773905431069181,0.6200393595359291,0.6731260712375989,0.6388394100950586,0.35570559721333983,0.2739795284522553,0.43369136006815967,0.46381048976049755,0.4487509249143286,0.07529782423084469,-3.477480801444231,-40.40047898185908,-4.159594996549859
151.20000000000002,0.49894647648030843,0.7457607174706116,0.7035654579852175,0.557696459639409,0.6382901522861408,0.6602236715701693,0.16311380896812397,0.27193432780452303,0.5341762143199045,0.4806861912411011,0.5074312027805028,-0.13372505769700838,-3.504124345743863,-40.357293500471165,-4.17296750231956
151.3,0.6964909790601231,0.7150934282365957,0.8446255361613213,0.5468900711823044,0.6499303176409373,0.6711976229034545,0.10274850553029281,0.24585706942848978,0.5831509488045026,0.5061789423290426,0.5446649455667726,-0.19243001618864997,-3.5321004997964067,-40.31056092260817,-4.192210503938425
151.4,0.8824478274899603,0.4325284801472526,0.49492348240375694,0.6395682522080653,0.6964338196107419,0.6234637943522141,0.3127235726275651,0.16601724272261326,0.4786425474434095,0.5199580542764812,0.49930030085994537,0.10328876708267931,-3.5569174730597513,-40.26723511341279,-4.181881627230157
151.5,0.5698228577920827,0.2748024961289046,0.6795265576324852,0.7854906895836402,0.6711116272470101,0.5537315347075522,0.18519233043939004,0.08652599058237105,0.546826901012165,0.5058193651502847,0.5263231330812248,-0.10251883965470082,-3.583547898520334,-40.221837086539885,-4.192133511195627
151.6,0.268658037068089,0.7854224986335536,0.950476211128599,0.9534944492441931,0.5906209092112259,0.6000697274927524,0.030907788241353935,0.01654110757065421,0.5723661232184094,0.5901439095804016,0.5812550163994055,0.04444446590498058,-3.612442191330266,-40.171402041344024,-4.187689064605129
151.70000000000002,0.46297650971693716,0.4538278898145171,0.9978629392580811,0.6917770097224496,0.5650920293123681,0.5708213599571054,0.009128515332689154,0.14746775153807898,0.5599335780584098,0.4866436174743226,0.5232885977663662,-0.18322490146021803,-3.638656506951172,-40.12611275759996,-4.206011554751151
151.8,0.4227000502024808,0.23062587109256516,0.4934446705067173,0.6819805270977934,0.5366136334903907,0.5027822621841973,0.2432236394087715,0.11755071382459802,0.40609651259649326,0.4436798483660987,0.42488818048129595,0.09395833942401358,-3.6592641134862625,-40.08895597878341,-4.19661572080875
151.9,0.22505860321408946,0.6808619306934209,0.6281708943653118,0.961875799932481,0.47430262743513046,0.538398195886042,0.13948177770626302,0.0190245761716552,0.4081460537897271,0.5281553983977263,0.4681507260937267,0.3000233615199979,-3.6823536660832246,-40.04823100383814,-4.16661338465675
152.0,0.578727711519127,0.2432620120733552,0.9208123610449257,0.9715870056686537,0.4951876442519298,0.47937095912350464,0.04943438172994695,0.0020825435742208593,0.47070834921802673,0.47837264821291386,0.4745404987154703,0.019160747487217827,-3.706986169697171,-40.00767084339812,-4.1646973099080284
152.1,0.7085498343474008,0.2668730267389887,0.441555429729396,0.6430410880522837,0.537860082271024,0.4368713726466015,0.31774116630306487,0.15368102377819032,0.36695979242236637,0.3697325328388885,0.36834616263062747,0.006931851041305365,-3.726166614852701,-39.97622407124448,-4.164004124803898
152.20000000000002,0.8970313037617317,0.6198223544007831,0.8017866398084463,0.5556683354858083,0.6096943265691656,0.4734615689974378,0.14380740728375951,0.2271598291291409,0.5220157662296361,0.36591011988476485,0.44396294305720047,-0.3902641158621781,-3.7493108291695085,-39.938337711011044,-4.203030536390116
152.3,0.9213133897097963,0.47361531831840137,0.8519056303660795,0.4987199687895416,0.6720181391972917,0.4734923188616305,0.09297589152827902,0.24211361309955115,0.6095366535822484,0.3588533827671564,0.4841950181747024,-0.62670817703773,-3.7729210126193906,-39.8960647007833,-4.265701354093889
152.4,0.5803995343178885,0.7510643946162308,0.4964134959828399,0.8180140514826059,0.653694418221411,0.5290067340125506,0.26217619523323576,0.1169851085265044,0.4823113028069179,0.46712082382284076,0.47471606331487937,-0.0379761974601929,-3.7934278225709264,-39.85325086945155,-4.269498973839909
152.5,0.5113103736818772,0.20794520712440276,0.8698434243818192,0.7582771831686496,0.6252176093135042,0.46479442863492104,0.048779484145536886,0.0993413850693528,0.5947198168524856,0.41862110632180954,0.5066704615871476,-0.44024677632669024,-3.8151413078622483,-39.80747233602208,-4.313523651472578
152.6,0.6932098993338182,0.45898605980910623,0.9918207682229748,0.9633814352796521,0.638816067317567,0.4636327548697581,0.014435193204233109,0.027177305148589535,0.6295946339638695,0.45103246601378144,0.5403135499888254,-0.44640541987522014,-3.836125626787659,-39.75768232013283,-4.3581641934601
152.70000000000002,0.45321223148218853,0.3204050236731834,0.6751954403541359,0.48849195167174486,0.6016953001504913,0.43498720863044316,0.17089558154682988,0.20355258887494762,0.4988682319172788,0.3464444361862295,0.4226563340517542,-0.38105948932762324,-3.8507860274617425,-39.71804072052817,-4.396270142392862
152.8,0.9759808997747024,0.5251093105244797,0.7124150189263494,0.40220613474356504,0.6765524200753336,0.45301162900925046,0.19656883245671944,0.3182014424614954,0.5435633007653573,0.30886267520667515,0.42621298798601626,-0.5867515638967054,-3.8640361395686678,-39.67753134333679,-4.454945298782532
152.9,0.3005737640517536,0.5594629206592822,0.9816745068656371,0.4584676326952248,0.6013566888706176,0.4743018873392568,0.0,0.3028079016844354,0.6013566888706176,0.330679528069089,0.46601810846985325,-0.6766929020038213,-3.875901394665274,-39.63246534178672,-4.522614588982915
153.0,0.5361408871200447,0.6368689821623825,0.49966061681930735,0.6265339428907809,0.588313528520503,0.5068153063038819,0.2513261974187188,0.22527447144514146,0.440454926507456,0.3926427560559675,0.41654884128171177,-0.11953042612872125,-3.883759061270746,-39.59155829536133,-4.534567631595787
153.1,0.97739560413139,0.6614691433614759,0.40862261073405926,0.8882676096132149,0.6661299436426804,0.5377460737154007,0.3892647317893444,0.07894892508304036,0.40682904979376133,0.4952915992279444,0.4510603245108529,0.2211563735854577,-3.8917376733041906,-39.54716352186829,-4.512451994237241
153.20000000000002,0.6016681600752563,0.8942065186783394,0.8195902876517056,0.789347006376303,0.6532375869291955,0.6090381627079885,0.09578152498089482,0.134958282551562,0.5906694946782773,0.5268434182605596,0.5587564564694185,-0.1595651910442944,-3.902834999655255,-39.492400969660416,-4.528408513341671
153.3,0.48176897661796725,0.6339736129394125,0.7139018936786211,0.8590486839525101,0.6189438648669499,0.6140252527542733,0.12549790863218882,0.06506171304772902,0.5412677042654236,0.5740757179555155,0.5576717111104695,0.08202003422522974,-3.9130372858597307,-39.437574965520675,-4.520206509919149
153.4,0.5427068911380857,0.341516128496847,0.7569350860833695,0.7256577272826858,0.603696470121177,0.5595234279027881,0.12094720860074883,0.13358327050420318,0.5306810672178953,0.48478045847981094,0.5077307628488531,-0.11475152184521095,-3.9227350266335708,-39.38773663590065,-4.5316816621036695
153.5,0.7508405249135603,0.5499949373847677,0.5699490176234809,0.7722258937563071,0.6331252810796537,0.557617729799184,0.275180600727243,0.132721964679699,0.45890148589655,0.4836096091600028,0.47125554752827636,0.061770308158631965,-3.9312046867171775,-39.34137843523637,-4.525504631287807
153.60000000000002,0.9962905769802342,0.844751810057369,0.46228722373979364,0.7897747517366401,0.7057583402597698,0.615044545850821,0.3802515165860046,0.13055402464374144,0.4373926610327709,0.5347480050548141,0.48607033304379255,0.24338836005510803,-3.940235795777242,-39.29361775312443,-4.501165795282295
153.70000000000002,0.597123943268917,0.8013814069260699,0.9563373455914873,0.45982124343600195,0.6840314608615993,0.6523119180658707,0.021291737131187084,0.3384586550177056,0.6694672428074723,0.43153130362527636,0.5504992732163743,-0.5948398479554897,-3.9517773464471033,-39.23979129953279,-4.560649780077845
153.8,0.2261084298354991,0.4319235673648432,0.6523845145636996,0.5337276225248586,0.5924468546563793,0.6082342479256653,0.1339093574634607,0.2156825179429376,0.5131126770180953,0.4770487538339288,0.49508071542601206,-0.09015980796041614,-3.9592608665615083,-39.19085209158492,-4.569665760873886
153.9,0.356448190548078,0.5756593939694852,0.4746643365201965,0.980569661231717,0.545247121834719,0.6017192771344293,0.24906385045786888,0.006820594133771365,0.4094457742194932,0.5976151941626291,0.5035304841910612,0.47042354985783974,-3.966423042345995,-39.14101101692627,-4.522623405888102
154.0,0.8563343801788057,0.7630679654159258,0.8446918341330076,0.40456308099456195,0.6074645735035363,0.6339890147907286,0.09477649058266718,0.3493320749814062,0.5498912130735745,0.41251631673846595,0.48120376490602024,-0.3434372408377713,-3.9754999255865733,-39.09375447426566,-4.556967129971879
154.10000000000002,0.4268835381722995,0.9036857286613098,0.558699442330286,0.903090504866867,0.5713483664372889,0.6879283575648448,0.21954927305840577,0.06069180060664828,0.4459092479228745,0.6461767468558602,0.5460429973893673,0.5006687473324642,-3.9839525007450822,-39.039808357415886,-4.506900255238633
154.20000000000002,0.39324355127905336,0.9201498026195709,0.6487339960009215,0.40931803893855284,0.5357274034056418,0.73437264657579,0.14676805147732538,0.389587173891296,0.4570997362847887,0.4482704826132565,0.4526851094490226,-0.0220731341788305,-3.993189342457643,-38.99549223350657,-4.509107568656516
154.3,0.8533656091628268,0.8560275122001495,0.7599674045330478,0.6010539628732685,0.5992550445570788,0.7587036197006619,0.17231042717771475,0.27600048959762763,0.4959971518410481,0.549301049203787,0.5226491005224175,0.1332597434068472,-4.003740805010848,-38.94430349001,-4.495781594315831
154.4,0.3934648904546474,0.9787922584495687,0.515596242023712,0.7866606148778694,0.5580970137365925,0.8027213474504433,0.23470147200187708,0.1595810568179463,0.42711082309276244,0.6746222264939757,0.5508665247933691,0.6187785085030332,-4.015579892311913,-38.890504091377146,-4.433903743465528
154.5,0.6622828926390555,0.3030963715278608,0.7817640947866962,0.9864133807783396,0.5789341895170851,0.7027963522659268,0.11023302502952974,0.021890062655066905,0.5151165225135977,0.6874120960810732,0.6012643092973355,0.4307389339186887,-4.032108621765422,-38.832694154523686,-4.39082985007366
154.60000000000002,0.6138216624167183,0.5499212696014018,0.4597467543632903,0.8807031845733386,0.5859116840970118,0.6722213357330218,0.29489391369884166,0.0672882298466293,0.4131298944917646,0.62698875198641,0.5200593232390873,0.5346471437366135,-4.048544896941957,-38.783353847925525,-4.337365135699998
154.70000000000002,0.8274250351906549,0.8744245813022367,0.7763910289853753,0.5561380736708844,0.6342143543157404,0.7126619848468647,0.143206775931507,0.3063561016833217,0.5433905613847008,0.4943336373512807,0.5188620993679908,-0.12264231008355012,-4.067550541508424,-38.73507378727707,-4.349629366708353
154.8,0.3630100613430406,0.274612325582744,0.6624526232996797,0.7773364757151853,0.5799734957212004,0.6250520529940405,0.15400897825108883,0.07237024994546486,0.49065237023246605,0.5798168796899359,0.535234624961201,0.2229112736436746,-4.086543642029965,-38.685033571748434,-4.327338239343986
154.9,0.7660607310752421,0.9364755152010911,0.4472635026505314,0.6294429094729864,0.6171909427920087,0.6873367454354506,0.34488642426440297,0.2351961046677163,0.4043301654440971,0.525677820314047,0.465003992879072,0.3033691371748746,-4.10400947858358,-38.64193796074897,-4.297001325626498
155.0,0.5629650094179103,0.7052014337634429,0.6148728110785269,0.5438331305348398,0.606345756117189,0.690909683101049,0.21817977891521897,0.25740277324627386,0.4740533731013594,0.5130676146081349,0.49356049385474715,0.09753560376693865,-4.1239268482225775,-38.596779152110955,-4.287247765249804
155.10000000000002,0.6283337762383031,0.39620353416390786,0.8680173716266337,0.8716289194439663,0.6107433601414118,0.6319684533136208,0.08358210924082393,0.06522606230568259,0.5596961418959644,0.5907476396025607,0.5752218907492626,0.0776287442664908,-4.147651842324024,-38.544377559665136,-4.279484890823155
155.20000000000002,0.41997185994960884,0.9479807147012325,0.7764628053745962,0.7830319418823622,0.5725890601030512,0.6951709055911431,0.10778707397652491,0.1314998005645597,0.5108713607235748,0.6037560701476234,0.5573137154355992,0.23221177356012174,-4.17103164082516,-38.493787335350824,-4.256263713467143
155.3,0.5673021789026202,0.6767155535381097,0.4642459920428785,0.5694778230577469,0.571531683862965,0.6914798351805365,0.298084160358142,0.22940416003524322,0.40116714176059803,0.532851484409637,0.4670093130851175,0.32921085662259747,-4.19160213167835,-38.45186082952049,-4.223342627804883
155.4,0.5953960409440018,0.4891178543133683,0.9029895300029477,0.634480125162028,0.5763045552791723,0.6510074390071028,0.051848479204396475,0.16204715994364366,0.5464240405293812,0.545513532413817,0.5459687864715991,-0.0022762702889106423,-4.217250884811272,-38.403663727732734,-4.223570254833774
155.5,0.25886077574799826,0.9673737384419605,0.445787611053717,0.812401846438231,0.5128157993729375,0.7142806988940743,0.2186594310346178,0.12141385435947816,0.4006837884564883,0.6275571261467628,0.5141204573016256,0.5671833442256864,-4.24139312202041,-38.35827264018575,-4.166851920411205
155.60000000000002,0.9266419199161442,0.8468392441338517,0.5078838615063801,0.4060841749771156,0.5955810234815788,0.7407924079420298,0.31718810178928497,0.38204699283627025,0.40666980918173723,0.4577748961718378,0.43222235267678755,0.12776271747525145,-4.263820157474875,-38.321324166573724,-4.15407564866368
155.70000000000002,0.6853238871980245,0.22516037891630605,0.9855495244688263,0.9962437466388213,0.6135295962248679,0.6376660021368851,0.0076528847926539394,0.006025379637153052,0.6088343249080755,0.6338238223923046,0.6213290736501901,0.06247374371057268,-4.296735463094509,-38.26862615111207,-4.147828274292623
155.8,0.6371862173379335,0.32671061469166607,0.8450180974058852,0.955949907548399,0.618260920447481,0.5754749246478412,0.07370931407224116,0.00015389055937636842,0.5726893320836248,0.5753863644897801,0.5740378482867025,0.0067425810153881605,-4.327449056322731,-38.220130071851294,-4.1471540161910845
155.9,0.21843054007288762,0.609395776754385,0.4914076099528664,0.9201245547751664,0.5382948443725624,0.58225909506915,0.18160609946794573,0.03211124857836304,0.44053721732235646,0.5635620285303719,0.5020496229263641,0.30756202802003846,-4.354339549512694,-38.17773385014693,-4.116397813389081
156.0,0.4620317824993433,0.3758088891711399,0.8366463394087629,0.9639088621433686,0.5230422319979185,0.540969053889548,0.06989955265990268,0.015515684412936086,0.486481813959027,0.5325755487722331,0.5095286813656301,0.11523433703301528,-4.382940887953624,-38.13556563687283,-4.104874379685779
156.10000000000002,0.9625834887741198,0.47884270374824744,0.7308982684549296,0.5765925264375378,0.6109504833531588,0.5285437838612879,0.19415145113978122,0.20795254205551134,0.49233356043559223,0.41863176041969435,0.4554826604276433,-0.1842545000397447,-4.408941138168678,-38.09816735444894,-4.123299829689754
156.20000000000002,0.6101252373835186,0.5199537212988621,0.5158325430009953,0.5037757092619379,0.6107854341592308,0.5268257713488027,0.27089364922234477,0.2675653494966657,0.44532753900798255,0.3858654497140098,0.4155964943609962,-0.14865522323493183,-4.43203184274499,-38.063612704639965,-4.138165352013247
156.3,0.4248662111870724,0.5142607397013581,0.7501889532498415,0.859869320337082,0.5736015895647991,0.5243127650193138,0.10986122838487632,0.08262866773622839,0.5105850143316927,0.4809894997686697,0.49578725705018123,-0.07398878640755738,-4.458962168754532,-38.02198569918013,-4.145564230654003
156.4,0.9630096597794315,0.5902654316036204,0.9297144000805515,0.6542423930600128,0.6514832036077256,0.5375032983361752,0.058043135447043315,0.19799847530092593,0.6136690757792487,0.4310784647963937,0.5223737702878212,-0.45647652745713735,-4.4870113462974865,-37.977917715359546,-4.191211883399717
156.5,0.6983287698481029,0.6858365200939527,0.6575877854215537,0.7402852208297648,0.660852316855801,0.5671699426877307,0.193328604079898,0.15447112459702217,0.5330906609351025,0.47955856380312833,0.5063246123691154,-0.1338302428299354,-4.512221314605991,-37.93400753853467,-4.2045949076827105
156.60000000000002,0.25141300230862723,0.3337992423143964,0.4202560065303628,0.7068140860783919,0.5789644539463663,0.5204958026130638,0.23570003894274652,0.11884081039563206,0.4425025096047418,0.45863965962300235,0.4505710846138721,0.04034287504565137,-4.534130371882519,-37.89463576905253,-4.200560620178146
156.70000000000002,0.8613491349056488,0.7160783764742498,0.9790871494881728,0.6113520014210343,0.6354413901382228,0.559612317385301,0.0,0.2151115401493188,0.6354413901382228,0.43923324990601953,0.5373373200221212,-0.4905203505805081,-4.5604476557937375,-37.847787988716405,-4.249612655236197
156.8,0.45814492958418607,0.8327170979137117,0.614646710061959,0.44358419872157645,0.5999820980274154,0.6142332734909832,0.19250323379996023,0.3471380922678138,0.4844836039350532,0.401009506723909,0.4427465553294811,-0.20868524302786046,-4.5802133729353205,-37.808170296349985,-4.270481179538983
156.9,0.8236116428044611,0.2978428841211378,0.5911534846795756,0.40654061459065655,0.6447080069828246,0.5509551956170141,0.25050103021530756,0.24735594269454764,0.48320798704556933,0.4146731538227087,0.44894057043413904,-0.1713370830571516,-4.599412979733371,-37.767588878722975,-4.287614887844698
157.0,0.8361915369126871,0.9189951791325137,0.7369843500833294,0.6313545299333971,0.6830047129687971,0.624563192320114,0.17094935563285119,0.24719749939919133,0.5662454973925807,0.4701727329618056,0.5182091151771931,-0.24018191107693765,-4.620769152650967,-37.7203731954298,-4.311633078952392
157.10000000000002,0.28233615494345843,0.42243877480188385,0.7647426245194869,0.930016074213802,0.6028710013637293,0.584138308816468,0.11154238332616827,0.015813715118083816,0.5356253330333852,0.5749009120112851,0.5552631225223352,0.09818894744474976,-4.642430770099452,-37.66924643451296,-4.301814184207917
157.20000000000002,0.9141312160865671,0.537400112641644,0.8537207220578442,0.5906699768307558,0.6651230443082968,0.5747906695815032,0.09017602143546531,0.19867353726329134,0.6051448944075299,0.46059497406981026,0.5328699342386701,-0.3613748008442992,-4.663699549868546,-37.62038804040008,-4.337951664292347
157.3,0.8421801536913769,0.59892077473874,0.9941558298814988,0.6527423476543681,0.7005344661849129,0.5796166906129505,0.0,0.17421481373575587,0.7005344661849129,0.4786388768196801,0.5895866715022965,-0.554738973413082,-4.685263616903109,-37.56551440879928,-4.393425561633655
157.4,0.46149980778200084,0.5062860145355577,0.7458482907173128,0.5710221485100819,0.6527275345043305,0.564950555397472,0.1289085631176661,0.22981167282569565,0.5685853659240405,0.4351183231977731,0.5018518445609068,-0.33366760681566854,-4.7010008091030535,-37.517860515773066,-4.4267923223152215
157.5,0.9903638124742926,0.9293145147667639,0.5706194913285585,0.9049857182809123,0.7202547900983229,0.6378233472713304,0.2950237512262504,0.07965672596417024,0.5077625200848401,0.5870164276841882,0.5473894738845142,0.19813476899837007,-4.7164224122627605,-37.46533883913208,-4.406978845415384
157.60000000000002,0.9344275863618474,0.2312961956107012,0.7868653998506321,0.44167246879589567,0.7630893493510278,0.5565179169392045,0.12740871275101298,0.23125440419465562,0.6658651176362054,0.42782069763377795,0.5468429076349917,-0.5951110500060686,-4.732865123010617,-37.41318513437806,-4.466489950415991
157.70000000000002,0.7786029356777566,0.4197388369869569,0.852215367611458,0.6402066055525863,0.7661920666163735,0.5291621009487549,0.09261961722214708,0.16087270915871751,0.6952276506877192,0.44403436018500997,0.5696310054363646,-0.627983226256773,-4.746731559957706,-37.35793554840733,-4.529288273041669
157.8,0.6898565175954865,0.5146619933750857,0.8178741633175322,0.6727490447163729,0.7509249568121961,0.526262079434021,0.11884092170008458,0.18423083928906747,0.6616843428170385,0.42930837485388146,0.54549635883546,-0.5809399199078925,-4.756663920525869,-37.30429777264648,-4.587382265032458
157.9,0.29713035728380466,0.4991248663526997,0.7707862009230715,0.41757290910488826,0.6601660369065178,0.5208346368177568,0.07792006047270741,0.27142550591416076,0.6087258593887344,0.3794668320218789,0.49409634570530664,-0.5731475684171385,-4.762824382756735,-37.255273689855514,-4.644697021874172
158.0,0.2841085552784226,0.4582872322880552,0.8125593471121193,0.661409477411246,0.5849545405808987,0.5083251559118165,0.06434125120584959,0.15129222990034594,0.5473178335413807,0.4314195095594767,0.48936867155042874,-0.28974580995476007,-4.766134485859344,-37.2064488991811,-4.673671602869648
158.10000000000002,0.9218211878078102,0.49510362634746796,0.9417283499429748,0.9937390178662897,0.652327870026281,0.5056808499989468,0.05633232592692859,0.017838823522280375,0.6155807238407415,0.4966600985572188,0.5561204111989801,-0.29730156320880663,-4.768287100348169,-37.15087853506151,-4.703401759190529
158.20000000000002,0.407750152846094,0.8279552283470404,0.4664821582198294,0.9682869164837453,0.6034123265902436,0.5701357256685655,0.23007383215609753,0.013189889346447948,0.46458294024139957,0.5626156985345403,0.51359931938797,0.24508189573285183,-4.768748677203356,-37.09952067728332,-4.678893569617244
158.3,0.6902005063988437,0.849988421079853,0.5619472326278605,0.5022031780698526,0.6207699625519636,0.626106264750823,0.23786405998937823,0.31701541095942165,0.4731110989398993,0.42762092992657236,0.4503660144332358,-0.1137254225333173,-4.770256914605399,-37.05450933771757,-4.690266111870575
158.4,0.30103096556265757,0.8895159193754285,0.8518208961969478,0.932679047510715,0.5568221631541024,0.6787881956757441,0.08092978115510456,0.04068126603556327,0.511758667347729,0.6511742325056592,0.5814664499266942,0.34853891289482547,-4.771543180260148,-36.99637692124819,-4.655412220581093
158.5,0.5574237922920897,0.29789864731886206,0.7165533568286453,0.7467308334019489,0.5569424889816998,0.6026102860043677,0.1546847130715008,0.12521414494379046,0.4707919998762381,0.5271549543079977,0.4989734770921179,0.14090738607939912,-4.774384631481529,-36.94656054378685,-4.641321481973153
158.60000000000002,0.45752909047987445,0.7846916644734521,0.5354983110359283,0.558287220148155,0.5370598092813348,0.6390265616981846,0.21620908833300617,0.25446893949359495,0.42094259753631924,0.47641415023460926,0.4486783738854643,0.13867888174572504,-4.777570593032228,-36.90180596322885,-4.627453593798581
158.70000000000002,0.6468121876450901,0.8982978656433598,0.7956884666404169,0.841160967301712,0.5590102849540859,0.6908808224872196,0.10238958532485591,0.087846284579883,0.5017734536853076,0.6301895091442237,0.5659814814147657,0.32104013864729025,-4.782372000853707,-36.84541184247166,-4.595349579933852
158.8,0.9774121671593532,0.2482135427741734,0.4078768640927924,0.5296812808579968,0.6426906613951393,0.6023473665446104,0.421876741537821,0.1753081031415708,0.3715544193489708,0.49675099228335423,0.4341527058161625,0.3129914323359585,-4.787441705246931,-36.80229358859885,-4.5640504367002555
158.9,0.28362777436047876,0.36692916640040524,0.7543138597679251,0.7165867828455299,0.5708780839882072,0.5552637265157694,0.11591756069735944,0.13704051368825895,0.5047032890367119,0.4791701002015914,0.4919366946191517,-0.06383297208780128,-4.794712289873639,-36.75364016411183,-4.570433733909035
159.0,0.44946034376926636,0.5632175723033508,0.4923993550888016,0.7027068455770336,0.546594535944419,0.5568544956732857,0.26010374820347393,0.14491563103923874,0.40442324839773713,0.47615757503575445,0.44029041171674577,0.1793358165950433,-4.800941472961001,-36.710053999511565,-4.5525001522495305
159.10000000000002,0.49091502657875863,0.9800517466809266,0.9207152722201261,0.7080784255401227,0.5354586340712869,0.6414939458748139,0.05055508641268551,0.18953391082121696,0.5083884765553944,0.5199090895450263,0.5141487830502104,0.028801532474079794,-4.809127156234754,-36.65929491854607,-4.549619999002123
159.20000000000002,0.42227074756082283,0.3313570599929452,0.5842880678988751,0.9218988280471069,0.5128210567691941,0.5794665686984402,0.20086609346607465,0.01967369083570715,0.40981269444882196,0.568066322576239,0.4889395085125305,0.39563407031854264,-4.8170504799520755,-36.611047230817896,-4.510056591970268
159.3,0.900956988973459,0.7960207945716331,0.5443374768641052,0.9364588325955576,0.5904482432100471,0.6227774138730787,0.2883928815155423,0.020437836432310605,0.42016717296491185,0.6100491909546034,0.5151081819597576,0.4747050449742289,-4.827401820159144,-36.56058720557874,-4.462586087472845
159.4,0.7295084031277026,0.562112732839327,0.5593472351953068,0.9561566317840111,0.6182602751935782,0.6106444776663283,0.24414245800243656,0.02026992214338867,0.4673166919225552,0.5982667616467416,0.5327917267846485,0.3273751743104661,-4.840573122939525,-36.508961756192136,-4.429848570041798
159.5,0.3204960369880676,0.6017523135593439,0.7047560945171394,0.4318942432463494,0.558707427552476,0.6088660448449315,0.11732652697466996,0.2910878163215498,0.49315622548279203,0.43163255741868156,0.4623943914507368,-0.15380917016027618,-4.853464504220799,-36.46455569780917,-4.445229487057826
159.60000000000002,0.7188973986060769,0.7856012876511811,0.6535530233111901,0.576403536749406,0.5907454217631962,0.6442130934061814,0.1996657092537299,0.2639520763735799,0.47279381813845384,0.47417170977457285,0.47348276395651334,0.003444729090297527,-4.865964106702598,-36.41888711763159,-4.444885014148797
159.70000000000002,0.6236502027955539,0.5948929817594197,0.6601392050498034,0.80869631491544,0.5973263779696678,0.634349071076829,0.19259373425353912,0.12127206207362344,0.48228506026834855,0.5574202511528544,0.5198526557106015,0.1878379772112647,-4.879705112211603,-36.36875077747702,-4.4261012164276705
159.8,0.3756638116549724,0.24251021680270704,0.42141277451171205,0.559706946784707,0.5529938647067287,0.5559813002220046,0.24315177608377314,0.15883942111783486,0.4185324243398579,0.46766955234240026,0.4431009883411291,0.12284282000635596,-4.892217975525304,-36.326244153165256,-4.413816934427035
159.9,0.381172012583019,0.696176592704727,0.8294939908589097,0.6351448538581375,0.5186294942819868,0.5840203587185491,0.061200821085665755,0.22041496373823147,0.4868889433926856,0.4552935325292112,0.47109123796094843,-0.07898852715868612,-4.906075394189067,-36.28121925457778,-4.421715787142904
160.0,0.9036221366625059,0.4146135598133305,0.523423225452136,0.8714365908663368,0.5956280227580906,0.5501389989375054,0.30913648621430306,0.05141037781840663,0.4114976687118815,0.5218561451494882,0.46667690693068486,0.27589619109401675,-4.9194502257050985,-36.23650921950128,-4.394126168033502
160.10000000000002,0.6770507174013771,0.7871058166212253,0.4565455400276727,0.7019440915038397,0.6119125616867479,0.5975323624742493,0.31823367987282736,0.18232772141576803,0.41718137542076567,0.4885856483521387,0.45288351188645215,0.17851068232843256,-4.933621724622704,-36.19349522908171,-4.376275099800658
160.20000000000002,0.4442593506131407,0.9253342133041378,0.543171691165414,0.5890674994056336,0.5783819194720264,0.6630927326402271,0.2010067771378406,0.2628734875217517,0.4621232338841564,0.488783233460762,0.4754532336724592,0.0666499989415141,-4.94930316720298,-36.14861037492469,-4.369610099906507
160.3,0.9198953774882337,0.3134669242038907,0.4076408967347356,0.6847604144867773,0.6466846110752679,0.5931675709529598,0.3890332573359946,0.1211993510399432,0.3951027903595956,0.5212760462955216,0.4581894183275586,0.31543313983981497,-4.9647031703077715,-36.10545698183624,-4.338066785922526
160.4,0.4110657506064029,0.2615816543741531,0.8075217653524611,0.9118538007575298,0.5995608389814948,0.5268503876371985,0.09315216060284791,0.05444849245704411,0.5437104514175124,0.49816417827994375,0.5209373148487281,-0.11386568284392162,-4.983750813023652,-36.056970445901136,-4.349453354206918
160.5,0.6665270865023523,0.590645872790924,0.5485062575604092,0.4656315984361314,0.6129540884856663,0.5396094846679436,0.26857830377355096,0.28925018604541175,0.448327919109123,0.38352734083587214,0.41592762997249755,-0.16200144568312716,-4.998517082173718,-36.01808709176169,-4.36565349877523
160.60000000000002,0.9923304813543472,0.8682872249381999,0.7151615105710021,0.5003828425183556,0.6888293670594026,0.6053450327219948,0.184376431334348,0.3071660292778275,0.5618254665626923,0.4194036026777231,0.49061453462020765,-0.35605465971242295,-5.015189605792863,-35.97194542759605,-4.401258964746472
160.70000000000002,0.44368181707795035,0.788949169729217,0.6715698115110182,0.8408890024607526,0.6397998570631122,0.6420658601234392,0.17640818240871423,0.08823907551449145,0.5269339271732534,0.5854105622067302,0.5561722446899917,0.14619158758369194,-5.03221596218455,-35.91899848391033,-4.3866398059881035
160.8,0.5891946509691288,0.4914314654991076,0.408136632268501,0.6115758268585831,0.6296788158443155,0.6119389811985729,0.325454388509302,0.2085356928513434,0.42474708187644244,0.4843278617715833,0.4545374718240129,0.1489519497378522,-5.046762009079108,-35.87593509281461,-4.371744611014318
160.9,0.8196210364337981,0.8855649284430012,0.9413000964091589,0.7574461243347295,0.667667259962212,0.6666641706474585,0.021365084100131,0.16611641121879325,0.6534024928022153,0.5559203111313495,0.6046614019667824,-0.24370545417716438,-5.06696341426313,-35.81894336237171,-4.396115156432034
161.0,0.7825724341857452,0.21658182232320533,0.9871824625595761,0.9137593145083887,0.6906482948069186,0.5766477009826079,0.014232198345965568,0.019008796609182213,0.6808188512879236,0.565686322119477,0.6232525867037003,-0.2878313229211166,-5.08634827534897,-35.759709376949395,-4.424898288724146
161.10000000000002,0.5982657851630728,0.3954942439650547,0.8446074576488409,0.9839743529143357,0.6721717928781494,0.5404170095790972,0.07818097639015302,0.0171175193613419,0.619620745809016,0.5311664109544285,0.5753935783817223,-0.22113583713646884,-5.10266337602372,-35.7045315264077,-4.447011872437793
161.20000000000002,0.3550736899414495,0.9638515256510869,0.7832402517256065,0.979271836313265,0.6087521722908095,0.6251039127934952,0.11089995937843919,0.02136205901213615,0.5412415811122221,0.6117504061196833,0.5764959936159527,0.17627206251865313,-5.11778332055628,-35.64890002828042,-4.4293846661859275
161.3,0.9193771059059528,0.5594154774387579,0.974983675224004,0.7161441274357687,0.6708771590138382,0.6119662257225478,0.0073170452673084925,0.15583676366283097,0.6659683204725306,0.5165993896349884,0.5912838550537596,-0.37342232709385553,-5.1342944320072,-35.59212372009534,-4.466726898895313
161.4,0.9103959222507219,0.5128209804841748,0.6503765714702002,0.9963662249278149,0.7187809116612149,0.5921371766748732,0.22457825791650918,0.0,0.557358346696699,0.5921371766748732,0.5747477616857861,0.08694707494543541,-5.148272216045966,-35.53637453670227,-4.45803219140077
161.5,0.6160621863713005,0.47461955448491316,0.7674204578532037,0.6600757738739232,0.6982371666032321,0.5686336522368812,0.1252883540957219,0.1852372631662591,0.6107561812310528,0.463301510752287,0.5370288459916699,-0.36863667619691454,-5.161785094013392,-35.48439952402013,-4.4948958590204615
161.60000000000002,0.8338724097430577,0.4307268268477355,0.9816819340363214,0.6993562113966034,0.7253642152311972,0.5410522871590521,0.01902645970884777,0.14064397351025845,0.7115631022158608,0.4649565436161896,0.5882598229160252,-0.616516396499178,-5.174478710563759,-35.42695939613513,-4.556547498670379
161.70000000000002,0.32018220140448905,0.973337175189148,0.7742770801103451,0.7985921926614947,0.6443278124658556,0.6275092647650713,0.08877168450739568,0.13036782285358603,0.5871297471782962,0.5457022480971945,0.5664159976377454,-0.10356874770275443,-5.183270134723462,-35.37100422045813,-4.5669043734406545
161.8,0.8398280518932744,0.21247391971265187,0.42457185633774985,0.569810379261392,0.6834278603513393,0.5445021957545874,0.36965558658147685,0.14774624748676765,0.43079493374704136,0.4640540395835417,0.44742448666529155,0.08314776459125081,-5.189756534045628,-35.3267344414152,-4.5585895969815295
161.9,0.4446572006052151,0.5442582628265351,0.7961519889568243,0.400385026856819,0.6356737284021144,0.5444534091689769,0.08746873620593694,0.30443138282374077,0.5800721507394655,0.3787047049325653,0.47938842783601543,-0.5034186145172505,-5.197100465874167,-35.2793614605851,-4.608931458433255
162.0,0.4266124295309978,0.887208434951265,0.7991955993705584,0.8613312269482722,0.5938614686278911,0.6130044143254345,0.0807090620873063,0.07425201257400282,0.5459314664851438,0.5674876028450231,0.5567095346650834,0.05389034089969824,-5.202849775692483,-35.223988177347756,-4.603542424343285
162.10000000000002,0.4165351160922304,0.9967314048591442,0.5180364479067212,0.7511349018734388,0.558396198120759,0.6897498124321765,0.20811968081033563,0.16263450360589446,0.44218295960216175,0.5775726940750107,0.5098778268385862,0.33847433618212225,-5.208388668029832,-35.17330213731017,-4.569694990725073
162.20000000000002,0.5785422142322943,0.48370579033332173,0.8870254532031727,0.782226789234165,0.5624254013430661,0.6485410080124056,0.05693911332570563,0.12614350104264563,0.5304013976787377,0.5667317746919942,0.5485665861853659,0.09082594253314119,-5.216189846436528,-35.119003015675865,-4.560612396471758
162.3,0.2785109573187449,0.4090087289821751,0.5812135931717104,0.5864414803980379,0.5056425125382018,0.6006345522063594,0.17484686774509417,0.19888410210814447,0.4172325030221377,0.48117788859567023,0.44920519580890395,0.1598634639338313,-5.222981583304743,-35.0745989011173,-4.544626050078375
162.4,0.4579839217923894,0.6625339337538263,0.8099927102073745,0.5197039987892826,0.4961107943890393,0.6130144285158527,0.0772379305088686,0.2735451107595699,0.4577922233273191,0.44532732877026937,0.45155977604879427,-0.03116223639262436,-5.230521597752908,-35.03007687852652,-4.547742273717637
162.5,0.4408498126566177,0.26847834168275675,0.7399990540465056,0.7769912963859187,0.485058598042555,0.5441072111492335,0.1256820581451329,0.0858904516071342,0.424095435119574,0.4973735970609276,0.4607345160902508,0.18319540485338404,-5.238073212735689,-34.98462650939358,-4.529422733232299
162.60000000000002,0.9007371832958004,0.5495142525198596,0.483165925114921,0.6651407988107207,0.5681943150932041,0.5451886194233587,0.33379330848937455,0.19145691440206783,0.37853485479338933,0.44080848858143923,0.40967167168741425,0.15568408447012475,-5.24552707020587,-34.9443431530954,-4.513854324785287
162.70000000000002,0.7700788042399822,0.5747030994546046,0.6566015025968219,0.6523033989732574,0.6085712129225597,0.5510915154296079,0.20520745590074121,0.1653448235540237,0.4836878625842929,0.45997138604877985,0.4718296243165364,-0.05929119133878266,-5.254833106630315,-34.89808702236775,-4.519783443919165
162.8,0.6471272827769644,0.9659934029982669,0.6525511730690106,0.8535138732519101,0.6162824268934406,0.6340718929433397,0.19878043621339964,0.09264329026113025,0.4937775372449099,0.5753293865189655,0.5345534618819376,0.20387962318513891,-5.26506536322521,-34.845620128414744,-4.499395481600651
162.9,0.394116524340644,0.6097654364890525,0.4763649163583953,0.7259617309268374,0.5718492463828813,0.6292106016524822,0.24226280478282963,0.1407848340954835,0.433311444041217,0.5406272914877182,0.4869693677644676,0.26828961861625283,-5.275359247786937,-34.79802362022308,-4.472566519739026
163.0,0.8042681386775217,0.5141274578925124,0.6417652756128277,0.4035717075890652,0.6183330248418093,0.6061939729004883,0.23501636836811293,0.31658098734279405,0.47301464290141715,0.41428448643840077,0.44364956466990896,-0.14682539115754095,-5.285897263525757,-34.754928381662346,-4.48724905885478
163.10000000000002,0.5681766023588064,0.24347698738967827,0.43281565280336814,0.8979365735628017,0.6083017403452087,0.5336505757983263,0.30505485190557036,0.03389840434951445,0.42273634303030033,0.5155606727985634,0.46914850791443186,0.23206082442065776,-5.296370664049499,-34.70919752658339,-4.464042976412714
163.20000000000002,0.2779192496653803,0.43246153930093884,0.6888807402130643,0.5987845578684544,0.542225242209243,0.5134127684988488,0.11035678122374007,0.19938764929750458,0.4823870097807681,0.4110446034685394,0.4467158066246537,-0.17835601578057178,-5.307350985225812,-34.66589645655333,-4.481878577990772
163.3,0.7395303995062166,0.7914907378968679,0.43181215987312493,0.5230386697482945,0.5816862736686377,0.5690283623784526,0.3242993002165402,0.30370955391487997,0.3930458221723316,0.3962090122755781,0.39462741722395484,0.007907975258116262,-5.316367213652474,-34.627477507983556,-4.48108778046496
163.4,0.5962437220597431,0.37883486685188017,0.8054084568008846,0.9113534174327946,0.5845977633468588,0.5309896632731381,0.0968227457081705,0.032462574450078274,0.5279954027647606,0.5137523717969119,0.5208738872808363,-0.03560757741962184,-5.328307948787625,-34.57677726233383,-4.484648538206922
163.5,0.9913269039185715,0.20516064051161315,0.6909730864629027,0.8126648181708152,0.6659435914612013,0.4658238587208331,0.19983510597878648,0.05157550537744565,0.5328646832856584,0.4417987577904343,0.48733172053804635,-0.2276648137380602,-5.339310772711782,-34.52930242769357,-4.507415019580728
163.60000000000002,0.683032529830331,0.29682753395928474,0.45811818203571175,0.5225761924845294,0.6693613791350272,0.4320245937685234,0.30956340511751734,0.21322121293166396,0.46215159135583067,0.3399077858688895,0.4010296886123601,-0.30560951371735295,-5.347473397800325,-34.49003896295663,-4.537975970952464
163.70000000000002,0.555052699987375,0.24452252939965985,0.47308684870566614,0.6427344016002992,0.6464996433054968,0.3945241808947507,0.29436762295634905,0.15493431292769905,0.4561910800635302,0.3333988479944593,0.3947949640289947,-0.30698058017267726,-5.354324278065867,-34.45115842700593,-4.568674028969731
163.8,0.8733766427500742,0.6373753980414363,0.8930118752096298,0.80879226821272,0.6918750431944123,0.44309442432408785,0.08384536464616818,0.11079710192516566,0.6338645279081934,0.39400084622977927,0.5139326870689863,-0.5996592041960352,-5.361684860431292,-34.400294983398354,-4.628639949389335
163.9,0.5458829590454481,0.7089577318528764,0.5108847117797413,0.8911300603058866,0.6626766263646194,0.4962670858298456,0.2598330813193717,0.05036567578643618,0.4904913166179744,0.4712722586814601,0.48088178764971723,-0.048047644841285736,-5.365707492564382,-34.352375348929236,-4.633444713873463
164.0,0.7933317762591163,0.6373448205015124,0.6856950393936029,0.5740217132394717,0.6888076563435188,0.524482632764179,0.20073215442732162,0.25475516449043023,0.5505418114996501,0.3908679733819666,0.4707048924408084,-0.3991845952942087,-5.369419579264034,-34.30545145981067,-4.673363173402884
164.10000000000002,0.5943713090857232,0.7341597275446734,0.6347135322652195,0.8185916221135341,0.6699203868919597,0.5664180517202778,0.18072569229404525,0.10437146221937896,0.5488485611890156,0.5073001714347806,0.5280743663118981,-0.10387097438558757,-5.371479909015223,-34.25268423129833,-4.683750270841443
164.20000000000002,0.5398663648853691,0.22237652709139716,0.6742493679529122,0.7385254504804137,0.6439095824906416,0.49760974679450165,0.1485106992069232,0.09381114854878196,0.5482821201689184,0.4509284049186409,0.4996052625437797,-0.24338428812569382,-5.372910518438025,-34.20274419184807,-4.708088699654013
164.3,0.7160871902133366,0.9145767787527528,0.7719258775315256,0.4255790780847147,0.6583451040351805,0.5810031531861519,0.15003295716171805,0.40097895214817103,0.5595716412438435,0.3480331176267854,0.45380237943531443,-0.5288463090426452,-5.373105665599349,-34.15736437349897,-4.7609733305582775
164.4,0.5743256859923851,0.7784522143504033,0.5661424234917166,0.9890522114559167,0.6415412204266214,0.6204929654190022,0.22413739956561957,0.020926851529434593,0.4977478395660446,0.6075080012566202,0.5526279204113325,0.2744004042264389,-5.370421814894437,-34.10216679085647,-4.733533290135633
164.5,0.6025644970582731,0.4790672654065521,0.8237347700821861,0.63437459549179,0.6337458757529517,0.5922078254165122,0.07787466765948257,0.18598805633297202,0.5843931262981229,0.4820642430221191,0.533228684660121,-0.2558222081900095,-5.3692944236571885,-34.048855841789305,-4.759115510954635
164.60000000000002,0.48149360213240017,0.7753672871777282,0.6035746460831839,0.8291093998789663,0.6032954210288414,0.6288397177687554,0.20674598951657439,0.09540197821805341,0.4785665122374152,0.5688471647115337,0.5237068384744745,0.22570163118529635,-5.366848213687252,-33.996542319795154,-4.736545347836105
164.70000000000002,0.8100860694554088,0.4423439080922421,0.6363572377035474,0.9496960141032583,0.6446535507141549,0.5915405558334527,0.23273096330977094,0.019052769833985246,0.49462270885538534,0.5802700697756902,0.5374463893155378,0.2141184023007621,-5.365550064700772,-33.94281336090805,-4.715133507606029
164.8,0.5774018502583611,0.7271774481557283,0.7456233726821848,0.956447347284765,0.6312032106229961,0.6186679342979078,0.14607992224699723,0.026751354853484267,0.5389970946931338,0.6021177288510324,0.5705574117720831,0.15780158539474648,-5.365393473862563,-33.885757834614886,-4.699353349066555
164.9,0.3035375755892319,0.45926128976852953,0.9731167580815765,0.6088571321271057,0.5656700836162433,0.5867866053920321,0.01602800316942067,0.18534852564293958,0.5566035217231957,0.47802657321559355,0.5173150474693946,-0.1964423712690054,-5.366067807587603,-33.834030725113095,-4.718997586193455
165.0,0.235943305668365,0.8816249473862499,0.4955078045951023,0.4579242646631344,0.4997247280266676,0.6457542737908757,0.1832090985424349,0.37115507361719974,0.4081706110855384,0.4060792987634018,0.4071249549244701,-0.0052282808053415175,-5.365798756711819,-33.79331911864947,-4.7195204142739895
165.10000000000002,0.5811304052094184,0.807927425095645,0.988797037773177,0.8851332899209928,0.5160058634632178,0.6781889040518295,0.015270923554395459,0.06104628658347612,0.5081259773686512,0.636787989857348,0.5724569836129996,0.321655031221742,-5.365390516258867,-33.73607487596424,-4.687354911151815
165.20000000000002,0.9198354475543227,0.33919836716749163,0.935483710694686,0.8534883244633067,0.5967717802814387,0.610390796674962,0.039894880980103346,0.046406907205260736,0.5729636411348263,0.5820644476147219,0.5775140443747742,0.022752016199738823,-5.366836117910604,-33.67834156711774,-4.685079709531841
165.3,0.6895228996901741,0.2915790262068407,0.9080811116841507,0.44372901666847664,0.6153220041631858,0.5466284425813377,0.06346181585221485,0.236021407694619,0.576272552445166,0.41761242807737314,0.4969424902612696,-0.396650310919482,-5.368193062934987,-33.62866584783285,-4.724744740623789
165.4,0.8725434841481414,0.9388406763915256,0.5926955287500962,0.8192354356475604,0.6667663001601769,0.6250708893433753,0.25945284418864406,0.1416678542072409,0.49377188717447984,0.5365184377226876,0.5151451624485837,0.10686637637051938,-5.367556578118526,-33.57715526376491,-4.714058102986737
165.5,0.6590237293032898,0.3597875427944538,0.5514969653983549,0.6625089124389694,0.6652177859887994,0.572014220033591,0.24422414067096965,0.13786507159795955,0.5027555438466399,0.493153438633609,0.4979544912401245,-0.024005263032577245,-5.3674734634475065,-33.5273598840052,-4.716458629289995
165.60000000000002,0.3296716656331003,0.8510701926262942,0.8852033307701537,0.5153774876267536,0.5981085619176596,0.6278254145521317,0.05286140228889968,0.31553049022137153,0.5664917046136949,0.42972735372506177,0.49810952916937834,-0.34191087722158287,-5.3672707509170525,-33.477549343573244,-4.750649717012153
165.70000000000002,0.734926599837578,0.3628316881253671,0.8860053083623762,0.9359746068950129,0.6254721695016433,0.5748266692667787,0.06209194002374171,0.024820889318279075,0.5866353890664276,0.560558960131713,0.5735971745990703,-0.06519107233678656,-5.365076661281172,-33.420231604977324,-4.757168824245832
165.8,0.6372646740942667,0.2575720926565606,0.5111826137409861,0.8379862694043381,0.6278306704201679,0.5113757539447351,0.2876871768232878,0.07098550052182201,0.4472118373239177,0.47507549009624395,0.46114366371008086,0.06965913193081555,-5.363012357219014,-33.37416346593809,-4.75020291105275
165.9,0.5969403755076939,0.8659223270861791,0.7422220416109668,0.6842397220470768,0.6216526114376731,0.5822850685730239,0.132968858120568,0.20883678780780668,0.5389921735471366,0.4606825252637851,0.4998373494054609,-0.19577412070837866,-5.361122726135064,-33.32421546244472,-4.769780323123588
166.0,0.6469578495825625,0.3102988290881865,0.44029280739521115,0.6565070493167819,0.626713659066651,0.5278878206760564,0.30779967154685256,0.12851677405172374,0.43381140065200974,0.4600453809015749,0.4469283907767923,0.06558495062391284,-5.35855915193291,-33.27959620704827,-4.763221828061197
166.10000000000002,0.26251504497046696,0.8259098858669214,0.5789361898641869,0.47075649722834934,0.5538739362474142,0.5874922337142294,0.15975631728390924,0.33767561062727347,0.46538907595298457,0.3891104349559961,0.42724975545449034,-0.1906966024924711,-5.356388254966095,-33.236926419824535,-4.782291488310444
166.20000000000002,0.4647358359249978,0.37921697986917374,0.9643705112780473,0.953363997466036,0.536046316182931,0.5458371829452183,0.0073674405941387446,0.029195798930788164,0.5320970267927463,0.5299010303030018,0.5309990285478741,-0.005489991224361113,-5.352679460726368,-33.183956196788614,-4.78284048743288
166.3,0.25436225457455236,0.8971786687246741,0.980868890679191,0.44486627370606574,0.4797095038612552,0.6161054801011094,0.010700060608400848,0.37988958156196573,0.47457658309551387,0.382053427067465,0.42831500508148945,-0.23130789007012223,-5.349664412567267,-33.141230947574854,-4.805971276439892
166.4,0.9454472399428329,0.6000376064314802,0.6395317954658489,0.4339889193144811,0.5728570510775708,0.6128919053671836,0.25236264531797004,0.29008947667055046,0.42828933027858357,0.4350984132836008,0.4316938717810922,0.017022707512543145,-5.34563041626939,-33.09825045358976,-4.804269005688638
166.5,0.5767829652841501,0.9339130698736544,0.5578318431372881,0.4179868178022268,0.5736422339188867,0.6770961382684778,0.22818628103014504,0.38245908593940087,0.4427449459191114,0.41813456813321764,0.43043975702616455,-0.06152594446473439,-5.341681096822578,-33.055388037416684,-4.810421600135111
166.60000000000002,0.46763299636857525,0.8117887321674344,0.48357317687973367,0.7282524085794198,0.5524403864088244,0.7040346570482692,0.2608822427928446,0.1867319010003388,0.40831849939314463,0.5725689271675243,0.4904437132803344,0.4106260694359491,-5.336880845964147,-33.006579145289756,-4.769358993191516
166.70000000000002,0.7306689018745394,0.9026161435981304,0.5413703210363766,0.44374714108852475,0.5880860895019674,0.7437509543582415,0.2895513851108819,0.3838819364457984,0.41780494772223065,0.4582383977657891,0.4380216727440099,0.10108362510889618,-5.334386785557652,-32.96284804056299,-4.759250630680627
166.8,0.7624726643264499,0.8124593782871217,0.4212172449194442,0.9886336255256671,0.6229634044668639,0.7574926391440175,0.36815354956894986,0.01102970450778121,0.3936172158608306,0.7491377191674398,0.5713774675141352,0.8888012582665229,-5.331710196339752,-32.90577301998492,-4.670370504853974
166.9,0.6899461205563759,0.26447479061793466,0.7308551511709607,0.9679604059284832,0.6363599476847663,0.658889069438801,0.14584196863504673,0.0,0.5435519601539247,0.658889069438801,0.6012205147963628,0.2883427732121907,-5.334235689987088,-32.84570403500967,-4.641536227532755
167.0,0.22848006782887406,0.6060834123208823,0.7902021811168984,0.6589093378674653,0.5547839717135878,0.6483279380152173,0.07424992768332757,0.19901229570399057,0.5135913019339847,0.5193027067017744,0.5164470043178795,0.014278511919474102,-5.3378917983777185,-32.794188911462065,-4.640108376340807
167.10000000000002,0.9771725191340157,0.21715460974721035,0.43321392845967627,0.8641679456017429,0.6392616811976735,0.5620932723616159,0.40402945757784503,0.053915673469552144,0.38098113089307617,0.531787635029535,0.45638438296130557,0.377016260341147,-5.341187700616118,-32.74866963995488,-4.6024067503066926
167.20000000000002,0.8882355772220396,0.745552973053426,0.8427541420672604,0.7314975760080218,0.6890564604025466,0.598785212499978,0.0851279202384513,0.17125110000787758,0.6303985170016091,0.496242586190906,0.5633205515962576,-0.33538982702675774,-5.3473707429470485,-32.69267794033752,-4.635945733009368
167.3,0.7563524253680551,0.5437749189218151,0.6561001489291113,0.4826622580688441,0.7025156533956484,0.5877831537843454,0.20473186408247346,0.28361330719892885,0.5586883141288405,0.42108002962375063,0.4898841718762955,-0.34402071126272454,-5.351111930506452,-32.64383258708673,-4.67034780413564
167.4,0.9860276454898791,0.49416693658703026,0.5161873773178114,0.661914898088881,0.7592180518144945,0.5690599103448823,0.3182817355499688,0.15753505921078045,0.5175728126221111,0.4794130236742199,0.4984929181481655,-0.09539947236972796,-5.353207036072853,-32.59402734211088,-4.679887751372613
167.5,0.6708939791324713,0.3817007089439957,0.8484854135777162,0.9330012029755191,0.7415532372780899,0.531588070064705,0.09784169912816396,0.03305097890137545,0.668998408548811,0.5140185639767736,0.5915084862627923,-0.3874496114300935,-5.3551291729068415,-32.534907732139224,-4.718632712515622
167.60000000000002,0.9927509892092174,0.2119188479975212,0.831896109506141,0.8875731351534291,0.7917927876643154,0.46765422565126824,0.1002497556090029,0.028326843900102986,0.7124157542079966,0.45440705740202125,0.5834114058050089,-0.6450217420149384,-5.354764908819611,-32.47656772874611,-4.783134886717116
167.70000000000002,0.3444747822439431,0.23497554251030614,0.6098004785288096,0.7931253711451205,0.7023291865802409,0.4211184890230758,0.16059518829827876,0.07320308877866501,0.5895384986140101,0.3902913148847823,0.4899149067493962,-0.49811795932306946,-5.35130185185394,-32.427698787740546,-4.832946682649423
167.8,0.6848990762103715,0.5829610923384596,0.47342581446434684,0.44608230028917434,0.698843164506267,0.4534870096861526,0.29224027917401313,0.297086144651842,0.49461304301210485,0.318762302328801,0.4066876726704529,-0.43962685170825966,-5.346410786759165,-32.3873252058675,-4.876909367820249
167.9,0.5959434014872025,0.7881749022807172,0.6141749884082682,0.9490605184082396,0.6782632119024541,0.5204245882050655,0.19653094295423743,0.039866887204238546,0.544963503296095,0.4996768798487819,0.5223201915724385,-0.11321655861828275,-5.337856267743105,-32.335798474653046,-4.888231023682078
168.0,0.953141590159736,0.8241667243922104,0.5756100484831822,0.7921863224098344,0.7332388875539104,0.5811730154424946,0.2901922382606107,0.12155476042577787,0.5204586535949209,0.5105286687844552,0.5154936611896881,-0.024824962026164243,-5.328838362974732,-32.28504402124395,-4.890713519884694
168.10000000000002,0.758217349895353,0.6027563220523486,0.432398520469526,0.9402552265413129,0.738234580022199,0.5854896767644654,0.350646626711151,0.03720291922238428,0.4793751148158917,0.5637077516142571,0.5215414332150744,0.21083159199591361,-5.319587212441984,-32.2337169243124,-4.869630360685103
168.20000000000002,0.423827076425827,0.36284394807844883,0.48227889317911277,0.9855630435988081,0.6753530793029245,0.540960531027262,0.23230745835766756,0.016102778171515328,0.5184635219560378,0.5322495635965849,0.5253565427763114,0.034465104101367716,-5.31136043267851,-32.181829401100146,-4.866183850274966
168.3,0.368615705506492,0.4979119880492136,0.8898278256711665,0.4851767392569825,0.6140056045436381,0.5323508224316523,0.06841251783897473,0.2649153250892532,0.5719999351695659,0.3913229312456398,0.4816614332076029,-0.45169250980981523,-5.303981894657286,-32.134231769446195,-4.911353101255948
168.4,0.7199264691125868,0.5630103883328734,0.4685431809184983,0.699344494207167,0.6351897774574278,0.5384827356118965,0.2938312255677751,0.14902421419521722,0.44855118667898947,0.45823576907964275,0.4533934778793161,0.024211456001633214,-5.295020391487394,-32.08978688313999,-4.908931955655785
168.5,0.5073413270736506,0.8617430804079562,0.4506959768819215,0.567455489283387,0.6096200873806723,0.6031348045711085,0.28065496878189167,0.27867454879305864,0.43852718078803565,0.4350564850458652,0.43679183291695045,-0.00867673935542615,-5.286490719001799,-32.04694863223828,-4.909799629591327
168.60000000000002,0.890218248263527,0.507730599904178,0.4266493300696393,0.5234380724101975,0.6657397195572432,0.5840539636377223,0.36354516446487,0.23699800621826372,0.42371326372000884,0.4456343387317078,0.4346738012258583,0.05480268752924747,-5.277965421250774,-32.00432548790357,-4.904319360838402
168.70000000000002,0.24180772102118997,0.44411845821920687,0.7249295000567867,0.6086827230627412,0.5809533198500325,0.5560668625540193,0.09016650235756947,0.19126124505564107,0.5285707909661367,0.44971282208775354,0.4891418065269451,-0.19714492219595786,-5.2686348366489515,-31.956309477449633,-4.924033853057998
168.8,0.9145354887021677,0.9381589462051247,0.9444697496110174,0.8861462120115087,0.6476697536204595,0.6324852792842404,0.040611174055254814,0.08717140496255923,0.6213671245258551,0.5773506488708965,0.5993588866983758,-0.11004118913739647,-5.256044203204066,-31.89771095613638,-4.935037971971738
168.9,0.47275550798050325,0.8633915640206964,0.6604456061083479,0.656529513519761,0.6126869044924683,0.6786665362315316,0.17524584752340933,0.23107753368127945,0.5053160686481916,0.5218419468471326,0.5135790077476621,0.04131469549735256,-5.2447036597786365,-31.847620776991093,-4.930906502422003
169.0,0.24569487456915795,0.28736816378411145,0.6328663376829338,0.8327782151064547,0.5392884985078062,0.6004068617420476,0.1533400233369889,0.0837287860876771,0.4565939875612495,0.5501355240496741,0.5033647558054618,0.23385384122106154,-5.23379158584777,-31.79848130796264,-4.907521118299897
169.10000000000002,0.9503808589861475,0.5708020295133294,0.7435615318382689,0.7409818326041655,0.6215069706034745,0.5944858952963039,0.17517373955593196,0.12334664325299662,0.5126352704027852,0.5211580556502524,0.5168966630265188,0.021306963118667976,-5.223769157685197,-31.747772605196687,-4.90539042198803
169.20000000000002,0.5050328282554892,0.7965070962465588,0.9547966833631407,0.479123627726939,0.5982121421338774,0.6348901354863549,0.0032999950753135575,0.334199159345848,0.5962380450108429,0.42271038592984356,0.5094742154703432,-0.4338191477024983,-5.213997163639967,-31.697771126271846,-4.94877233675828
169.3,0.9607737855577041,0.26842949389699755,0.5499595691472554,0.7256827337853234,0.6707244708186427,0.5615980071684834,0.3014682427450174,0.10753316599084292,0.4685223432348648,0.5012075954435082,0.48486496933918655,0.08171313052160858,-5.202642203231462,-31.650632975490932,-4.940601023706119
169.4,0.6924377994195812,0.48935589354483694,0.7955379661195574,0.8694557725773652,0.6750671365388304,0.5471495844437542,0.13037988636429557,0.06903627008495622,0.5870519599886274,0.5093764179552236,0.5482141889719254,-0.19418885508350942,-5.190239608986829,-31.597232941540526,-4.96001990921447
169.5,0.2994451302700946,0.6547528604315309,0.5925936348855486,0.5587105267387301,0.5999427352850832,0.5686702396413095,0.15817162620738995,0.24647003067944012,0.505048817213732,0.4285100682304314,0.4667794427220817,-0.19134687245825135,-5.178798478674035,-31.5519788696945,-4.979154596460295
169.60000000000002,0.5519274235300463,0.5731516005814299,0.9795312957110568,0.6881247459549148,0.5903396729340759,0.5695665118293336,0.02443252019636768,0.15377699662763547,0.575916186952397,0.48198028426054007,0.5289482356064685,-0.2348397567296423,-5.164854723915513,-31.500955011914574,-5.002638572133259
169.70000000000002,0.24686786877852862,0.9510674064132385,0.5658674026893569,0.7661971131776923,0.5216453121029664,0.6458666907461146,0.16567019618771323,0.14164752763588956,0.43522423090646706,0.5543812708195538,0.4948027508630104,0.2978925997827168,-5.150693895410885,-31.453544374303604,-4.972849312154987
169.8,0.3438431278348383,0.812781463782404,0.5656866055408454,0.9214332230162423,0.48608487524934074,0.6792496453533725,0.17511718794567277,0.05432660823113758,0.400963058792753,0.6423483159791207,0.5216556873859368,0.6034631429659191,-5.137259937256123,-31.4031382702078,-4.912502997858395
169.9,0.3175214282944153,0.6943594435213694,0.42974780454936234,0.4686679377612509,0.45237218585835565,0.6822716049869719,0.225042646395303,0.3143514480552134,0.35056915199716343,0.4677985379923627,0.40918384499476307,0.2930734649879982,-5.129126136830021,-31.36303645627532,-4.883195651359595
170.0,0.8884562220591836,0.6639125723679926,0.4251733521524417,0.8304146180806418,0.5395889930985213,0.6785997984631761,0.3591638338212243,0.10449354398485575,0.3457881416495222,0.6076905005743499,0.47673932111193607,0.6547558973120693,-5.121022648826393,-31.316056276570283,-4.817720061628388
170.10000000000002,0.40724380001594024,0.405956059790362,0.8070326917391906,0.9144941844764679,0.5131199544820051,0.6240710507286132,0.08345749011039831,0.0482691581275031,0.47029625095537514,0.5939476664981967,0.5321219587267859,0.309128538857054,-5.115428109003408,-31.263138992874296,-4.786807207742683
170.20000000000002,0.6804630710762551,0.47978372042872597,0.44648748564841423,0.6662876104407722,0.5465885778008551,0.5952135846686358,0.31715310516080963,0.15363677404284115,0.3732363131058831,0.5037668896536711,0.4385016013797771,0.32632644136947,-5.112167869002957,-31.21941019939373,-4.754174563605736
170.3,0.46063123685339624,0.4970874895402065,0.8936157659337651,0.6495818022104792,0.5293971096113633,0.5755883656429499,0.057192311836622024,0.18983498575985375,0.4991196650330639,0.466321556447583,0.48272061074032346,-0.0819952714637022,-5.11015137970739,-31.17118027454146,-4.762374090752107
170.4,0.31446358576234934,0.4612324333606168,0.8728986771119547,0.6009914710004575,0.4864104048415605,0.5527171791864833,0.050443394033645915,0.19939595710096655,0.4618742131280724,0.442507608236448,0.45219091068226025,-0.04841651222906099,-5.107892039555083,-31.126017661916492,-4.767215741975012
170.5,0.5765480276493999,0.9788009601477565,0.7731498213015082,0.4961876915468361,0.5044379294031284,0.637933935378738,0.10215548593010604,0.3656088216136907,0.45290682760337525,0.4046996609975333,0.42880324430045424,-0.12051791651460489,-5.105542227889007,-31.083201769909437,-4.779267533626473
170.60000000000002,0.9294981276466097,0.2204282290114885,0.7654228875554188,0.8848205282379944,0.5894499690518247,0.5544327941052881,0.15802057415524853,0.05594431436853312,0.4963047465064619,0.5234154315756377,0.5098600890410498,0.06777671267293964,-5.10213489872073,-31.032329742115092,-4.772489862359179
170.70000000000002,0.606545816561384,0.6651891989281191,0.6064316478666953,0.5289212318308936,0.5928691385537366,0.5765840750698543,0.22678647142445837,0.24797021496527288,0.45841443860467634,0.43360839802922946,0.4460114183169529,-0.062015101438617215,-5.099455944221891,-30.98780912828864,-4.77869137250304
170.8,0.781007809341399,0.5048717305815924,0.9986925109440629,0.4470669833802254,0.6304968727112691,0.562241606172202,0.0,0.2949647193778432,0.6304968727112691,0.3964001685850706,0.5134485206481698,-0.5852417603154961,-5.096054151370198,-30.93657709105653,-4.83721554853459
170.9,0.37966480592133034,0.6027967095244704,0.7446635483070807,0.7289398181466069,0.5803304593532813,0.5703526268426556,0.11210104597228121,0.15599755527225556,0.5152748078502041,0.48137901141209233,0.49832690963114823,-0.08473949109527937,-5.089849849147434,-30.88713213456394,-4.845689497644118
171.0,0.8780760638623215,0.6222051191222998,0.4308589023669154,0.6833974957132238,0.6398795802550894,0.5807231252985845,0.3716199220397674,0.17141812740412601,0.402087580525854,0.4811766546196295,0.4416321175727418,0.19772268523443867,-5.08398028900896,-30.843360710820836,-4.825917229120674
171.10000000000002,0.41534617659463635,0.8688071523621306,0.5758391853171714,0.546417397239884,0.5949728995229988,0.6383399307112937,0.18744060717008534,0.30441084118484046,0.48345081798666173,0.44402233544159597,0.4637365767141288,-0.0985712063626644,-5.078726870781102,-30.797285579537803,-4.8357743497569405
171.20000000000002,0.48957196611696896,0.5646569389987968,0.8489129676180938,0.4692501516330531,0.5738927128417929,0.6236033323687943,0.06455515898174577,0.2884135216180655,0.5368449775258256,0.44374769918754936,0.4902963383566875,-0.23274319584569061,-5.072692669267357,-30.74862868479357,-4.85904866934151
171.3,0.9041814232464183,0.48950492787176414,0.6111907656213215,0.7033860657056142,0.639950454922718,0.5967836514693883,0.2738498255564239,0.1531949703875772,0.4647001344773775,0.5053593976547451,0.4850297660660613,0.10164815794341905,-5.065604710936683,-30.700646400704507,-4.848883853547168
171.4,0.6841748668572296,0.5591744171756752,0.6513101379413753,0.741605352585708,0.6487953373096202,0.5892618046106457,0.21310425130677907,0.1203247151265312,0.5105342927009244,0.5183590458359241,0.5144466692684242,0.0195618828374991,-5.0586045614452795,-30.649680219149364,-4.846927665263418
171.5,0.6300927176770206,0.8211586171940908,0.6445704639290503,0.7508532017435252,0.6450548133831003,0.6356411671273348,0.18173589190858408,0.14699081375403023,0.5278252015429974,0.5422077547157262,0.5350164781293618,0.03595638293182213,-5.051428215345891,-30.596662048911593,-4.843332026970235
171.60000000000002,0.4295081516597974,0.4510754711506606,0.4489035743855065,0.6526135541723337,0.6019454810384397,0.598728027932,0.2793390005696722,0.16993540566968268,0.4337986319677314,0.49698293761956647,0.4653907847936489,0.1579607641295877,-5.045351646315001,-30.550521382092384,-4.827535950557277
171.70000000000002,0.7061038129415587,0.8181159806138527,0.9399234809573697,0.9258434181842319,0.6227771474190635,0.6426056184683705,0.015611549442746765,0.03134600222754806,0.613054631190318,0.6224625013204261,0.6177585662553721,0.02351967532527033,-5.038254052182948,-30.489154610795897,-4.82518398302475
171.8,0.41070089796489206,0.6436630231820457,0.9580750993036937,0.8457123954638632,0.5803618975282292,0.6428170994111055,0.004520826012708371,0.06737299849919676,0.5777381823650988,0.5995085839372231,0.5886233831511609,0.05442600393031072,-5.031628744106392,-30.430666319960775,-4.819741382631719
171.9,0.5451358915801732,0.75203725199065,0.9939600903079571,0.47942665300472265,0.573316696338618,0.6646611299270144,0.01780420107683138,0.3295131439631467,0.5631092505963007,0.4456465513346664,0.5043779009654835,-0.29365674815408566,-5.026224520346212,-30.380518886971903,-4.849107057447127
172.0,0.9234083141229075,0.4834942169633686,0.6413905040782483,0.7341644685332547,0.6433350198954759,0.6284277473342853,0.24851938526146106,0.11592382203747939,0.4834537962338824,0.5555780009888915,0.519515898611387,0.18031051188752284,-5.019143905356186,-30.329052076496968,-4.831076006258375
172.10000000000002,0.9179410566372608,0.9186831136741667,0.7548868012819772,0.7699777563263706,0.6982562272438328,0.6864788206022616,0.18329911121307335,0.13534320144346884,0.5702664813910445,0.5935685792988149,0.5819175303449298,0.05825524476942595,-5.012253502952394,-30.271269704825833,-4.825250481781432
172.20000000000002,0.7909987385316117,0.4839661058778706,0.6693372051895002,0.6453248350210428,0.7168047295013886,0.6459762776573834,0.20181052845916955,0.18845503976301822,0.5721459882386812,0.5242387925654947,0.548192390402088,-0.11976798918296644,-5.00607964763785,-30.21679923136082,-4.837227280699729
172.3,0.4314329132894281,0.5816848379380326,0.4807633239035746,0.5100704672502314,0.6597303662589965,0.6331179897135133,0.2560155481034678,0.2776263660616175,0.4908291349406979,0.4573477429411141,0.474088438940906,-0.08370347999895958,-5.000176568924969,-30.169759331902128,-4.8455976286996245
172.4,0.949297156985843,0.2670315930381798,0.9373595029463637,0.7561319720434321,0.7176437244043659,0.5599007103784466,0.03737288377068039,0.10518478598965406,0.6908233089034433,0.5010076739818344,0.5959154914426389,-0.4745390873040223,-4.992261914748564,-30.11069571383922,-4.8930515374300265
172.5,0.5034996647860817,0.5508696328206197,0.7052003147715323,0.7528485265938918,0.674814912480709,0.5580944948668812,0.165603246616599,0.11248068267193556,0.5630633721086075,0.4953196450888054,0.5291915085987065,-0.1693593175495052,-4.982753328341567,-30.058637829592254,-4.909987469184977
172.60000000000002,0.43787882622059265,0.472893768836784,0.7384788029686107,0.9383809753888561,0.6274276952286857,0.5410543496608617,0.1274553252850224,0.04390402558526868,0.5474586942404817,0.5172998856503304,0.5323792899454061,-0.07539702147537825,-4.9723019179593955,-30.006435865025285,-4.917527171332515
172.70000000000002,0.5413516240433287,0.458240058327125,0.5911469806312034,0.5070494873233751,0.6102124809916143,0.5244914913941144,0.19691706665296094,0.2508005096827662,0.49005122919971994,0.3929487580281964,0.4414999936139582,-0.24275617792880885,-4.963308454686836,-29.96321156558647,-4.941802789125396
172.8,0.7877005987309464,0.9913642986475522,0.526408413487096,0.7114809823554287,0.6457101045394807,0.617866052844802,0.29430233937085026,0.205585786612355,0.45567611021811527,0.49084157434963255,0.47325884228387394,0.08791366032879319,-4.952546230125773,-29.917125625859736,-4.933011423092517
172.9,0.27957322804537776,0.42783276537413917,0.47113064656187514,0.564309100001912,0.5724827292406601,0.5798593953506694,0.21536056075213936,0.22068237356461695,0.4491925276504764,0.4518946476509401,0.45054358765070823,0.006755300001159287,-4.942686668469763,-29.87316332055527,-4.932335893092401
173.0,0.4307830568504624,0.9341544524397196,0.9932833445348003,0.8520812829112385,0.5441427947626206,0.6507184067684795,0.020152999291528327,0.10630453087760408,0.5331766854052793,0.5815440918035343,0.5573603886044067,0.12091851599563747,-4.930526301293309,-29.818770016757963,-4.920244041492837
173.10000000000002,0.3128025001047612,0.3654744896421638,0.9032739974947191,0.8529188431897122,0.49787473583104874,0.5936696233432164,0.022214259903291737,0.08172776342919996,0.4868148170500151,0.5451503328115197,0.5159825749307674,0.14583878940376147,-4.9198784020426825,-29.76828237056733,-4.9056601625524605
173.20000000000002,0.9678853624501493,0.6318637999171968,0.8793952011844486,0.40399906406566155,0.5918768611548688,0.6013084586580124,0.09617426719679711,0.31046793945119994,0.5349535377625588,0.4146214605238822,0.4747874991432205,-0.3008301930966915,-4.910759149357783,-29.721687618460514,-4.935743181862129
173.3,0.3625127511133999,0.9534447666876302,0.7426990975134189,0.8392536511040837,0.546004039146575,0.671735720263936,0.11533596975876506,0.1227705233290126,0.4830301337994021,0.5892663743483414,0.5361482540738718,0.2655906013723483,-4.8988833719187745,-29.66940458666545,-4.909184121724895
173.4,0.43595326493975634,0.2876919014230424,0.8237933199965224,0.9068464746472563,0.5239938843052113,0.5949269564957573,0.08136535750808238,0.035956501477177646,0.48135893457666906,0.5735354645057048,0.5274471995411869,0.23044132482258936,-4.888570337072485,-29.61767793207328,-4.886139989242636
173.5,0.41044522575654874,0.891602201085198,0.9958463502457136,0.8389802455993693,0.5012841525954788,0.6542620054136454,0.0,0.0998809998050669,0.5012841525954788,0.5889136621784624,0.5450989073869705,0.21907377395745914,-4.879146771417935,-29.563988784206146,-4.86423261184689
173.60000000000002,0.26325366344617324,0.8346562041189776,0.8364169541344806,0.5962694294306361,0.4536780547656176,0.6903408451547118,0.06658285510725244,0.24695398257341838,0.42347087457981836,0.5198584241106562,0.4716646493452373,0.2409688738270946,-4.872012333871394,-29.517365021859955,-4.84013572446418
173.70000000000002,0.704499153706561,0.6102752904419987,0.8662273425195597,0.8240858809110712,0.5038422745538063,0.6743277342121692,0.07042128383981419,0.11270585100718183,0.4683610547269551,0.5983270530700419,0.5333440538984985,0.3249149958577169,-4.865217553413661,-29.464465213194707,-4.807644224878409
173.8,0.5467020994450974,0.9458944005078298,0.876518439596728,0.590516319231981,0.5124142395320644,0.7286410674713013,0.07770476107708063,0.28422164960970747,0.4725972134767314,0.5215455013012299,0.4970713573889807,0.12237071956124626,-4.860489845146745,-29.41498341737131,-4.795407152922285
173.9,0.9020588256483126,0.2285089489768895,0.780698293271445,0.40478235295078335,0.5903431567553141,0.6286146437724189,0.1303947149390089,0.22801867996723876,0.5133655291140103,0.48527876249135593,0.49932214580268314,-0.07021691655663603,-4.856349323859038,-29.365223170824937,-4.802428844577948
174.0,0.954529894710836,0.7386781048517126,0.5591716280733738,0.4908598638378404,0.6631805043464185,0.6506273359882777,0.3131168094288017,0.3125207366040898,0.4555275407500844,0.4472928016904645,0.45141017122027444,-0.020586847649049778,-4.85229032250688,-29.320265013224404,-4.804487529342853
174.10000000000002,0.42607973892564727,0.3588583745644851,0.9255183685811387,0.9704996549321989,0.6157603512622642,0.5922735437035191,0.04932480690081327,0.023062520929295158,0.5853880908390761,0.578614222705989,0.5820011567725325,-0.016934670332717783,-4.846937750678263,-29.262311553969024,-4.806180996376125
174.20000000000002,0.20255816837739218,0.25380901390726057,0.7346422967816167,0.5251281829624943,0.5331199146852899,0.5245806377442674,0.08823206011508887,0.18739861809423158,0.4860816463242263,0.42627495115200104,0.45617829873811366,-0.14951673793056314,-4.842665432772895,-29.216894225754878,-4.821132670169181
174.3,0.41045905121194254,0.5042321838797711,0.750339373505335,0.7826287762017716,0.5085877419906204,0.5205109469713681,0.11525769601644292,0.11533123255500136,0.4499690906265764,0.4604797778987893,0.4552244342626829,0.026276718180532205,-4.837724904870443,-29.171640672971225,-4.818504998351128
174.4,0.34405146764451056,0.440080456976246,0.539136002399202,0.5752695500909201,0.47568048712139843,0.5044248489723437,0.20108597120098265,0.21405521023600854,0.3800278143872355,0.39645008187730185,0.38823894813226867,0.04105566872516592,-4.833612795378086,-29.133035163468158,-4.814399431478611
174.5,0.5137680446972972,0.4857022973502476,0.688575431535023,0.45791993984101953,0.4832979986365782,0.5006803386479245,0.14192206402836743,0.2831756378413717,0.4147073491292959,0.3588998643966645,0.3868036067629802,-0.13951871183157855,-4.829673834198393,-29.09455588479933,-4.828351302661769
174.60000000000002,0.8039688811536825,0.42981708299871696,0.9816172858201246,0.5952382277580928,0.5474321751399991,0.486507687518083,0.01792319390787051,0.1756507085677106,0.5376204421135575,0.4010522674818934,0.46933635479772545,-0.3414204365791604,-4.8242434904968565,-29.047937460258904,-4.862493346319685
174.70000000000002,0.5717887458581657,0.45512476361163173,0.4681217760484453,0.8181811484609066,0.5523034892836324,0.48023110273679276,0.28940501227631155,0.09859303144480092,0.39246409118725306,0.4328836625238927,0.4126738768555729,0.10104892834159912,-4.818072310635107,-29.007134104692184,-4.852388453485525
174.8,0.586990987301593,0.8437770477772308,0.6935046267556793,0.6472017512644318,0.5592409888872245,0.5529402917448804,0.15330702228944698,0.2165499099679791,0.4735054181387184,0.43320112134985844,0.4533532697442884,-0.10076074197214985,-4.811746101559115,-28.962242335395295,-4.86246452768274
174.9,0.6059899223751197,0.911848490542104,0.8696967366740368,0.4364819566708385,0.5685907755848035,0.6247219315043251,0.08154791108098737,0.36505685399529275,0.5222233855759444,0.3966629085674934,0.4594431470717189,-0.3139011925211274,-4.804876836997494,-28.916814444641993,-4.893854646934853
175.0,0.4540946865751092,0.5131027150692375,0.6651709277564255,0.6392077070207867,0.5456915577828647,0.6023980882173076,0.17776111192444977,0.17301977928176376,0.44868881970359753,0.4981713039541925,0.473430061828895,0.12370621062648746,-4.796332779934511,-28.870248799329836,-4.881484025872204
175.10000000000002,0.782549477928568,0.47187324545542114,0.8911147507084691,0.5851063897355036,0.5930631418120054,0.5762931196649302,0.06314127450582269,0.20567918870429097,0.5556163791755679,0.45776161835638246,0.5066889987659752,-0.2446369020479637,-4.787805691999872,-28.820302566378196,-4.905947716077001
175.20000000000002,0.33322811446197687,0.36496065723629,0.7751719032689137,0.9687266765605914,0.5410961363419997,0.5340266271792022,0.10194820497486351,0.007134777162933101,0.48593235652309885,0.5302164661952059,0.5080744113591524,0.11071027418026763,-4.778032759510879,-28.770443907497867,-4.894876688658974
175.3,0.683968964456125,0.21593593329357239,0.8333372325649158,0.8814477266931002,0.5696707019648247,0.4704084884020763,0.07920580284223458,0.05399478113012757,0.5245494766600014,0.445008885029052,0.4847791808445267,-0.1988514790773735,-4.769235155009016,-28.722770951885362,-4.914761836566711
175.4,0.9297828516525068,0.8134736404777345,0.7317365142559921,0.7929589497262919,0.6416931319023611,0.539021518817208,0.18099572117161536,0.12396519990444733,0.5255494207228207,0.4722016084842339,0.4988755146035273,-0.13336953059646703,-4.759208040209867,-28.673901485349354,-4.928098789626358
175.5,0.3587518512321549,0.3255943288692775,0.7214192870059294,0.9158337014220082,0.5851048757683198,0.4963360808276219,0.11272413123275611,0.048262933162508376,0.5191494369672862,0.47238144573249696,0.4957654413498916,-0.11691997808697313,-4.74859663499096,-28.62547389189636,-4.939790787435055
175.60000000000002,0.9285230241649147,0.465201690276833,0.5293690586967073,0.8400006096752155,0.6537885054476388,0.4901092027174641,0.3335865001925018,0.059215610726039425,0.43569348604927455,0.46108708695609724,0.44839028650268586,0.06348400226705672,-4.7384878112285636,-28.581789224420913,-4.933442387208349
175.70000000000002,0.21602269861174703,0.9522841544542038,0.4615124382145672,0.6387624448150848,0.5662353440804604,0.5825441930648121,0.20747248087681613,0.23224940672831587,0.4487570924839497,0.44724864983248397,0.4480028711582168,-0.0037711066286642836,-4.728665011432136,-28.538079061645885,-4.933819497871216
175.8,0.44117314829972004,0.38400419134828745,0.8634469808104784,0.5483852432688088,0.5412229049243124,0.5428361927215072,0.05596164575021095,0.18979892402906312,0.5109351804470379,0.4398064674189319,0.4753708239329849,-0.17782178257026493,-4.718224658905444,-28.49170263183951,-4.951601676128242
175.9,0.8272428892723127,0.7242207670256551,0.47871591367555805,0.8443154418913497,0.5984269017939124,0.5791131075823368,0.3196765938242341,0.07520202864628833,0.4071238281756451,0.5355626270764888,0.47134322762606695,0.3210969972521094,-4.7070567554908855,-28.44591046749218,-4.919491976403031
176.0,0.25911219420736825,0.7776902955978466,0.8574315953223652,0.6492280141420104,0.5305639602766036,0.6188285451854387,0.03813667762383309,0.22755844426303898,0.5103300135647105,0.4780088841774806,0.4941694488710956,-0.0808028234680748,-4.696895363109274,-28.39754952719071,-4.927572258749839
176.10000000000002,0.6838974888263617,0.32147804555628695,0.8415240388580969,0.8755720036825115,0.5612306659865552,0.5593584452596083,0.07866667629642404,0.05755640975934772,0.5170805148577644,0.5271637813818947,0.5221221481198295,0.025208166310325686,-4.685746672492408,-28.346541468287217,-4.925051442118806
176.20000000000002,0.44975176325304367,0.4589813853809399,0.7074133787012846,0.4140591709412067,0.5389348854398529,0.5392830332838746,0.1313745155220939,0.27146328983383894,0.46813257596723706,0.3928874869170623,0.4305100314421497,-0.18811272262543685,-4.676660193113854,-28.304460299526994,-4.94386271438135
176.3,0.411415964181795,0.724840566970117,0.6828402118828031,0.5747431923279221,0.5134311011882413,0.5763945400211231,0.1310642722472594,0.2695498497219176,0.4461386275618955,0.4210274783778956,0.4335830529698955,-0.06277787295999968,-4.666713268876517,-28.26225838800105,-4.95014050167735
176.4,0.6487970070752973,0.5866796152855336,0.9445994542667842,0.7199223421808787,0.5405042823656525,0.5784515550740053,0.02078220853439589,0.13043813965788187,0.5292714096557954,0.5029994103479433,0.5161354100018694,-0.06567999826963045,-4.6545573512037715,-28.212096736511977,-4.956708501504313
176.5,0.5976279123279897,0.5149161455122077,0.6236426000119762,0.7279488491173628,0.55192900835812,0.5657444731616458,0.1872080667073504,0.12661119166710666,0.4486034457436913,0.49411489123557034,0.47135916848963083,0.11377861372969755,-4.643155356242749,-28.166360654824746,-4.945330640131343
176.60000000000002,0.98015247598226,0.5178788946342814,0.5392693286258814,0.6218929759121223,0.6375737018829479,0.5561713574561729,0.3213798554442988,0.19747030890162504,0.43267035773671964,0.4463440276970663,0.439507192716893,0.034184174900866726,-4.633009740198526,-28.123596976316204,-4.941912222641256
176.70000000000002,0.46594837989670784,0.8477446295613875,0.9854904565973633,0.4572334210316185,0.6032486374856999,0.6144860118772157,0.0,0.36147406323801534,0.6032486374856999,0.3923652563610352,0.4978069469233676,-0.5272084528116617,-4.621683970339106,-28.075121781616822,-4.994633067922422
176.8,0.5918491696918579,0.39997524669104084,0.4847983393215913,0.7698930822524594,0.6009687439269314,0.5715838588399808,0.27546975454775513,0.11476820034955627,0.43542003154650694,0.5059842080120613,0.4707021197792841,0.17641044116388602,-4.608574368244406,-28.029914003651456,-4.976992023806033
176.9,0.6533113644157744,0.385943806522685,0.860445087373634,0.5512143093877669,0.6114372680247,0.5344558483765216,0.07079379623066757,0.197432869508392,0.5681513026643232,0.42893669660600287,0.49854399963516305,-0.3480365151458009,-4.5955361390756915,-27.981794716708833,-5.011795675320613
177.0,0.32048957965677805,0.4571543853819227,0.7391874161305878,0.6439205700371917,0.5532477303511156,0.5189955557776018,0.09190173209765139,0.17955303171507528,0.5024033056527537,0.42580833029108295,0.4641058179719183,-0.1914874384041769,-4.581847182559284,-27.93744886490457,-5.030944419161031
177.10000000000002,0.8040303442621797,0.8357566326184684,0.7273532412937975,0.5878097055530933,0.6034042531333285,0.5823477711457752,0.17556087950331273,0.25432691563448256,0.49747007175720176,0.4342410586836547,0.46585556522042826,-0.15807253268386764,-4.567256818988517,-27.893207081855724,-5.0467516724294175
177.20000000000002,0.7670945375144262,0.6115448925185635,0.915191746084474,0.9956532153475403,0.636142310009548,0.5881871954203328,0.03472222785638021,0.0,0.6140540317723124,0.5881871954203328,0.6011206135963226,-0.06466709087994904,-4.547530010746652,-27.836424047791905,-5.0532183815174125
177.3,0.759404451116946,0.5005488403277545,0.8541320235146188,0.49725586855384263,0.6607947382310276,0.5706595244018171,0.09799545969677223,0.2381303151687198,0.5960398540928697,0.4347681920019807,0.5154040230474253,-0.40317915522722264,-4.530301657207285,-27.787848365562446,-5.093536297040135
177.4,0.5500810078963587,0.9775330192665135,0.4234371686823793,0.654509334989717,0.6386519921640939,0.6520342233747564,0.28666023821889874,0.2508647578826144,0.45557585995136046,0.4884618157966696,0.472018837874015,0.0822148896132728,-4.512743231545435,-27.744033761588923,-5.085314808078808
177.5,0.5897547014943683,0.7991947464598121,0.7282510299301774,0.6396433949884408,0.6288725340301488,0.6814663279917675,0.1375008250395161,0.22072419983481673,0.5424020417563121,0.5310502180314138,0.536726129893863,-0.028379559312245728,-4.493188059978594,-27.694050317829017,-5.088152764010032
177.60000000000002,0.43537892532314654,0.9375761740221153,0.8060098958213968,0.7134880616771555,0.5901738122887483,0.7326882971978371,0.09658473197557195,0.1882695607857978,0.533172032809838,0.5947453932915062,0.5639587130506721,0.15393340120417043,-4.472491726683189,-27.64158932195224,-5.072759423889615
177.70000000000002,0.7201765725967031,0.31321407729504575,0.7139507443533415,0.5226771047837155,0.6161743643503392,0.6487934532172789,0.1727771585396973,0.2115775606442684,0.5097135085128834,0.5115233170235958,0.5106184127682396,0.004524521276780824,-4.454486253950344,-27.593807373621868,-5.072306971761938
177.8,0.6155038273603783,0.40099149031704684,0.6777280995724371,0.9617214992501311,0.6160402569523471,0.5992330606372325,0.19310858914336185,0.026428501741280357,0.4970775920767653,0.5833962286507487,0.540236910363757,0.21579659143495855,-4.435459246081046,-27.543245212228832,-5.0507273126184415
177.9,0.8819169397821525,0.3082713971390617,0.7146270724315111,0.8976448095166851,0.6692155935183082,0.5410407279375983,0.16667481331555575,0.03997994589788077,0.5576742094007853,0.519409948906103,0.5385420791534441,-0.09566065123670559,-4.417583952681828,-27.4924441335387,-5.060293377742112
178.0,0.3202792612939682,0.2536384105283636,0.9861856803548444,0.5871043057805209,0.5994283270734402,0.48356026445575134,0.0,0.1735209981778111,0.5994283270734402,0.3996524046882631,0.4995403658808516,-0.49943980596294274,-4.40055319771756,-27.445482881885972,-5.110237358338407
178.10000000000002,0.6301851955568407,0.4648281043452893,0.4366646734996413,0.6812164616336873,0.6055797007701202,0.47981383243365894,0.2972609519627167,0.14892499236062384,0.42556450242989713,0.40835756110395466,0.4169610317669259,-0.04301735331485618,-4.3843986401596675,-27.40704338019526,-5.114539093669892
178.20000000000002,0.6473248713215779,0.3808236083087769,0.7772930518424339,0.956727699306491,0.6139287348804118,0.4600157876086825,0.11546080766651799,0.032403512905174875,0.5430440273014359,0.44510966009832037,0.49407684369987814,-0.24483591800778873,-4.3650605799033935,-27.361577363211925,-5.139022685470671
178.3,0.8944745267997125,0.6675747080404943,0.5834501923647886,0.7747005616142846,0.6700378932642719,0.5015275716950449,0.27013295348425237,0.11794148960583523,0.48903857821042784,0.44237666281093396,0.46570762051068093,-0.1166547884987347,-4.345789198083604,-27.31918102232296,-5.150688164320544
178.4,0.6328135945892295,0.7274940562402494,0.4464856755404433,0.4914530818297399,0.6625930335292634,0.5467208686040859,0.315389176197666,0.2917494409060703,0.4536183625301565,0.3872153608571627,0.4204168616936596,-0.1660075041824846,-4.327946705061918,-27.28111333499191,-5.167288914738793
178.5,0.410350093624948,0.2818576999110227,0.8781306886180541,0.7523902370549596,0.6121444455484003,0.49374823486547326,0.06720660045122241,0.09540562378653974,0.5710042983779939,0.4466418765246299,0.5088230874513119,-0.3109060546334101,-4.305590421600824,-27.23540550269763,-5.198379520202134
178.60000000000002,0.8175829461419595,0.6737359798239184,0.5663425026833663,0.884379749315674,0.6532321456671122,0.5297457838571623,0.28677110226052427,0.07258496089948016,0.46590404322214707,0.4912942068492257,0.47859912503568636,0.06347540906769658,-4.283235801345174,-27.19308715941632,-5.192031979295364
178.70000000000002,0.5787254703599614,0.33447951080006827,0.8700189496509627,0.9934523353715693,0.638330810605682,0.49069252924574347,0.05273718366066665,0.014974476385367268,0.6046670414105079,0.4833446655540769,0.5440058534822924,-0.3033059396410774,-4.258131971883479,-27.144825151246454,-5.222362573259471
178.8,0.3171933242281278,0.331854709836626,0.9247684538375446,0.5940027255317006,0.5741033133301712,0.45892496536391997,0.047952775218126686,0.15777959291518295,0.5465734661940678,0.38651597115018627,0.466544718672127,-0.40014373760970373,-4.2353573954908885,-27.104107115741943,-5.262376947020441
178.9,0.609364210410323,0.5517512168014391,0.7989053374753404,0.5962536184604093,0.5811554927462015,0.4774902156514238,0.10935935906193163,0.19492279723283415,0.5176007005441559,0.3844164871653391,0.45100859385474745,-0.33296053344704185,-4.211784214955915,-27.065657243482416,-5.295673000365145
179.0,0.6481161081388394,0.501847641312597,0.6313179151993003,0.684686800934337,0.594547615824729,0.4823617007836584,0.19865461791783534,0.15876906199316185,0.47643798636910756,0.40577758600881075,0.4411077861889592,-0.176651000900742,-4.187489412427487,-27.028839810648634,-5.313338100455219
179.10000000000002,0.6245484058749655,0.9066284871422112,0.905314732554105,0.9732160739576055,0.6005477738347763,0.567215058055369,0.06987939068497144,0.031092603307762774,0.5585818613219862,0.5495788652650637,0.554080363293525,-0.02250749014230613,-4.1561602923715055,-26.983139299421815,-5.315588849469449
179.20000000000002,0.769078142302537,0.8719008829429342,0.7362915192916102,0.694056102760582,0.6342538475283285,0.628152223032882,0.17179611782249146,0.2058989742304206,0.5252914988089832,0.4988163246498532,0.5120539117294182,-0.06618793539782494,-4.127112470207274,-26.94097039959399,-5.322207643009232
179.3,0.6463240677104123,0.5483306983237989,0.6089082934469539,0.4151773327565421,0.6366678915647452,0.6121879180910653,0.213063792037088,0.30236032400741614,0.5010170163197031,0.4270865808236252,0.4640517985716641,-0.18482608874019466,-4.100535350456801,-26.902929665855734,-5.3406902518832515
179.4,0.7360312780498954,0.7827932025437232,0.5282679764195123,0.7358764136267968,0.6565405688617753,0.6463089749815969,0.30031942127422506,0.17951502108532946,0.4593686851781564,0.5302868057101379,0.4948277454441471,0.17729530132995372,-4.071450796269483,-26.862896758337815,-5.322960721750256
179.5,0.5059659324539056,0.34320448001141807,0.8485770970379043,0.4064034530334298,0.6264256415802013,0.5856880759875611,0.07375602570492712,0.26060906557688596,0.5802229758575865,0.4330524537849186,0.5066377148212525,-0.36792630518166985,-4.042403432531566,-26.821386899259878,-5.359753352268423
179.60000000000002,0.2044916307102943,0.4483125587013456,0.4564650904135738,0.6213204558900316,0.5420388394062199,0.558212972530318,0.19767022194662934,0.19837313950243238,0.434893901717099,0.44747851265849375,0.4411862071877964,0.03146152735348684,-4.015796104506507,-26.786194530918227,-5.356607199533074
179.70000000000002,0.6854195313038101,0.2268225529624111,0.5649708508327934,0.6872409212513,0.5707149777857379,0.4919348886167366,0.23153643046812147,0.13002401171562705,0.43857366901453493,0.4279715408959084,0.4332726049552217,-0.026505320296566354,-3.989774898553874,-26.751551373688876,-5.359257731562731
179.8,0.4024303631435265,0.7002163294388473,0.982684416646574,0.893995425241112,0.5370580548572956,0.5335911767811587,0.022509414471771107,0.07859481969324342,0.5249691925051095,0.491653674452138,0.5083114334786237,-0.0832887951324289,-3.9591394408566303,-26.710989398074624,-5.367586611075974
179.9,0.9977852619144099,0.7057920661835713,0.6941802911777987,0.6840690497306108,0.6292034962687185,0.5680313546616412,0.2288003452070291,0.1939953623398757,0.4852415191169661,0.4578359061936457,0.4715387126553059,-0.06851403230830097,-3.9304078344224496,-26.67359979568255,-5.374438014306804
180.0,0.8459445482724146,0.23055487495382937,0.4173021820765159,0.9365590812860897,0.6725517066694577,0.5005360587200789,0.3581090323436324,0.03433076760999426,0.4317048657929997,0.48335227160773747,0.4575285687003686,0.1291185145368444,-3.9022819846849477,-26.637512949210272,-5.36152616285312
180.10000000000002,0.8967305770572609,0.30531856467023266,0.6517435498568316,0.9074818810198907,0.7173874807470184,0.4614925599101096,0.21163573781213252,0.044553561640097744,0.5655626519619361,0.44093142269570806,0.503247037328822,-0.3115780731655701,-3.871860736229101,-26.597424004996313,-5.392683970169677
180.20000000000002,0.24986037799260946,0.2779803684824127,0.726450091350726,0.9900420569743628,0.6238820601961366,0.42479012162457025,0.09717198116333199,0.0086547795942888,0.5632582043946168,0.42111365674807844,0.49218593057134763,-0.35536136911634597,-3.84090114004503,-26.559162100879515,-5.428220107081311
180.3,0.21333956320682157,0.8698188225745613,0.908938015548884,0.5898881713944814,0.5417735607982735,0.5137958618145685,0.04346180306450833,0.281951733688948,0.5182271049933016,0.36893022781374374,0.44357866640352267,-0.37324219294889466,-3.81179152212779,-26.525691957802504,-5.465544326376201
180.4,0.6694779915936919,0.9554407797232662,0.7098042697347904,0.9643270969293803,0.5673144469573572,0.6021248453963081,0.1608975043335333,0.03784387640386575,0.47603496826955977,0.5793381071674334,0.5276865377184966,0.25825784724468404,-3.7757007130076228,-26.48719540837343,-5.439718541651732
180.5,0.7357129398672784,0.2519639205511804,0.8950285260139096,0.7009154162444797,0.6009941455393415,0.5320926604272825,0.07154127354468555,0.10322753285701096,0.5579982589745569,0.4771660478400509,0.517582153407304,-0.202080527836265,-3.7412878496602726,-26.448534476006323,-5.459926594435359
180.60000000000002,0.5547190966874864,0.42042036419230117,0.5192100406678768,0.7032794985588708,0.5917391357689705,0.5097582011802863,0.2378370651154155,0.14878822407300557,0.4510016364037462,0.43391218372002155,0.44245691006188387,-0.042723631709311594,-3.7112080805385315,-26.416086230103073,-5.46419895760629
180.70000000000002,0.8702877577608223,0.20257950610616515,0.5642578835512372,0.6104108666675444,0.6474488601673409,0.448322462165462,0.2760691463405652,0.15117278031471024,0.4687082060417712,0.38054830908237264,0.4246282575620719,-0.22039974239849644,-3.682207584858147,-26.385069092557934,-5.48623893184614
180.8,0.7570337479477838,0.6529514308588078,0.6778032232291786,0.46975701414649673,0.6693658377234295,0.4892482559041312,0.17784703519378575,0.30674407736954057,0.5503211080243129,0.3391742510421616,0.44474767953323724,-0.5278671424553782,-3.6511244366539013,-26.35325961469025,-5.539025646091678
180.9,0.3485271115154104,0.6729188241161401,0.9794593573515447,0.8600335411846749,0.6051980924818257,0.525982369546533,0.02057524828441877,0.06836539767765097,0.5927459914677554,0.4900233756810511,0.5413846835744033,-0.2568065394667608,-3.611297073467978,-26.316588714813832,-5.564706300038353
181.0,0.4996236470958537,0.2650199465584659,0.8345660594548463,0.5480392708232208,0.5840832034046313,0.47378988494891955,0.09618439855482531,0.18919235773040688,0.5279035117791812,0.38415245954661525,0.4560279856628982,-0.35937763058141475,-3.576966931985419,-26.286571109598473,-5.600644063096495
181.10000000000002,0.9211833588158245,0.35286884753351466,0.8534995261048248,0.4796408890656549,0.6515032344868699,0.44960567746583857,0.08006507378906468,0.23779169971479308,0.5993405799438644,0.3426931792198158,0.4710168795818401,-0.6416185018101214,-3.540417327168396,-26.256860919490876,-5.664805913277507
181.20000000000002,0.342403228753587,0.3123408589663503,0.5893245879440729,0.5355762280610588,0.5896832333402133,0.42215271376594093,0.16697907008225,0.21269328268051224,0.49121847539397007,0.33236366728257627,0.4117910713382732,-0.39713702027848446,-3.5068638075889687,-26.232988756032736,-5.7045196153053555
181.3,0.34168966996239547,0.4359458759984618,0.8185348962527439,0.5587270860034766,0.5400845206646497,0.4249113462124451,0.07883685811468708,0.2124781635863079,0.49750595393907193,0.3346269636822389,0.4160664588106554,-0.40719747564208264,-3.472031009167122,-26.210233775576242,-5.7452393628695635
181.4,0.4790873573563727,0.7134607286634609,0.669803886843473,0.7786158443408007,0.5278850880029944,0.48262122270264823,0.1756051649127252,0.11106405085209911,0.4351857400692601,0.42901935468209906,0.43210254737567955,-0.015415963467902555,-3.4349236439787103,-26.188094002242728,-5.746780959216354
181.5,0.8677793537689624,0.5085445532542718,0.7227692703994124,0.5263976782281203,0.595863941156188,0.48780588881297293,0.18748675890619967,0.2322967102181797,0.4841473420797398,0.3744901856166642,0.429318763848202,-0.27414289115768903,-3.3980214729138636,-26.166153724655096,-5.774195248332123
181.60000000000002,0.848726658117877,0.8370171206515373,0.5244681746163122,0.8197922958515158,0.6464364845485258,0.5576481351806858,0.3042487724846239,0.12759139201310304,0.44975897763536127,0.486497033359471,0.4681280054974161,0.09184513931027427,-3.357142799057766,-26.143342053978078,-5.765010734401095
181.70000000000002,0.8354360238847143,0.2726060003833321,0.8640453973891824,0.5549283097010326,0.6842363924157635,0.5006397082212151,0.08492645773088218,0.1633111144702577,0.6261266193573348,0.41887967952354377,0.5225031494404393,-0.5181173495844776,-3.311751657174599,-26.117462725348958,-5.8168224693595425
181.8,0.29223854849952347,0.726665744966946,0.5118553063655339,0.4838891690995404,0.6058368236325155,0.5458449155703613,0.20697811723195841,0.29974058374503026,0.48044185852726734,0.38223304194304447,0.4313374502351559,-0.24552204146055717,-3.2732241816826613,-26.098068045873084,-5.841374673505598
181.9,0.5023281255859422,0.6707126253919298,0.4203098713861646,0.8207729701904042,0.5851350840232008,0.570818457534675,0.2955637840577252,0.1166252056887927,0.4121903444043686,0.5042466375137341,0.4582184909590513,0.23014073277341382,-3.2318021941808137,-26.078475679860663,-5.818360600228257
182.0,0.20631864165515001,0.5371262101858612,0.6008274868279926,0.78872878806135,0.5093717955495907,0.5640800080649122,0.13670275374582444,0.12529903866029052,0.43973926841750655,0.49340132532688974,0.46657029687219814,0.13415514227345798,-3.1900954680054814,-26.057560914479,-5.80494508600091
182.10000000000002,0.4450205037757495,0.5734729859040862,0.5116964358927839,0.41304998147044497,0.49650153719482243,0.565958603632747,0.2457819617459181,0.30898282448152603,0.37447041537321507,0.39108711574268035,0.3827787655579477,0.04154175092366319,-3.1561121327131287,-26.039944764047416,-5.800790910908544
182.20000000000002,0.6607721608549264,0.5479747815785101,0.6396000883291904,0.900457846717188,0.5293556619268432,0.5623618392218996,0.19347985564716708,0.046609872998489704,0.426936004871227,0.5361502253165698,0.48154311509389836,0.2730355511133568,-3.113452868653675,-26.017605898658836,-5.773487355797209
182.3,0.47030260850523464,0.74284467340203,0.5801039786940618,0.9824594032570252,0.5175450512425215,0.5984584060579257,0.22005739256696782,0.021001074209924905,0.40365543673015447,0.5858901366607497,0.4947727866954521,0.45558674982648817,-3.070264551825294,-25.993465260844662,-5.72792868081456
182.4,0.9206924195700075,0.60556860630426,0.6525915909971038,0.8644434687615676,0.5981745249080187,0.5998804461071925,0.25032431577762837,0.06953247634585438,0.448436896244811,0.5581692731779035,0.5033030847113573,0.2743309423327314,-3.0274956079492163,-25.966933065486483,-5.700495586581287
182.5,0.2228441367389319,0.6097634802245184,0.953412158640844,0.9319571477033994,0.5231084472742014,0.6018570529306577,0.03673850776517832,0.05472272753428485,0.5038902235219878,0.5689217934085457,0.5364060084652666,0.16257892471639473,-2.9827064789519495,-25.937416155369693,-5.6842376941096475
182.60000000000002,0.3587697145431869,0.9779422019004123,0.8511100551763886,0.4779344960901428,0.49024070072799847,0.6770740827246087,0.059359749225376186,0.37923613850043897,0.4611401356727118,0.42030312211340126,0.44072162889305655,-0.1020925338982763,-2.9463059847761466,-25.912569433946157,-5.694446947499475
182.70000000000002,0.9762601023340145,0.4474188315443005,0.859493867195223,0.8808937743876983,0.5874445810492017,0.6311430324885471,0.09536859325938692,0.04366169824271455,0.5314208177366895,0.6035862558560403,0.5675035367963649,0.18041359529837708,-2.8991100102572562,-25.881055268369767,-5.676405587969637
182.8,0.2006745675719297,0.31799280762914733,0.9297728441897114,0.5807694001832311,0.5100905783537473,0.5685129875166671,0.009920279209928912,0.16854144944401162,0.505030337394124,0.47269498457286274,0.48886266098349335,-0.08083838205315302,-2.858950501976119,-25.853179097405018,-5.684489426174952
182.9,0.36265758536189124,0.27213351562103266,0.5468395135736671,0.8108281458408306,0.48060397975537605,0.5092370931375403,0.21551171689029708,0.07231386935733157,0.3770281909339854,0.47241218851248495,0.42472018972323516,0.23845999394624895,-2.8238655871610447,-25.8292433260992,-5.660643426780328
183.0,0.5818752715547669,0.4757694905991165,0.6824804166696775,0.8120718630882231,0.5008582381152542,0.5025435726298555,0.17710978244774211,0.10865595249910599,0.4121513445255021,0.4479392220734549,0.4300452832994785,0.0894696938698819,-2.7889287553467037,-25.804167296914784,-5.6516964573933395
183.10000000000002,0.7347494803446029,0.8650775937049626,0.823734460366109,0.8578337039811152,0.547636486561124,0.5750503768448769,0.08851706186659324,0.07698393545807856,0.4991613137997892,0.5307807357487071,0.5149710247742482,0.07904855487229481,-2.7473628966318264,-25.773766129949266,-5.64379160190611
183.20000000000002,0.8104354377702618,0.30682101488044,0.8639562636335723,0.9388127741956469,0.6001962768029515,0.5214045044519895,0.09770662997090752,0.03508046273172993,0.5415531212754492,0.5031133931654054,0.5223332572204273,-0.09609932027510953,-2.7054478628945318,-25.742598033074632,-5.653401533933621
183.3,0.5396739518459968,0.5150802882559011,0.4429940775641822,0.6929855972671957,0.5880918118115606,0.5201396612127718,0.2969595763979226,0.15881630585908085,0.41345231649291275,0.43753300168816556,0.4254926590905391,0.06020171298813201,-2.671061466082873,-25.717537790783094,-5.647381362634809
183.4,0.3773552351331003,0.6868178676257135,0.8607063557289134,0.6214795397025962,0.5459444964758685,0.5534753024953601,0.056407405675790674,0.23047550992075147,0.515149183786689,0.42591279992419984,0.4705309918554444,-0.22309095965622278,-2.6332027987045006,-25.689596505070043,-5.669690458600431
183.5,0.6884532189319741,0.8013475680242823,0.9487516004321112,0.7873463611159033,0.5744462409670896,0.6030497556011446,0.015010566141183377,0.11947870417365702,0.565823477672499,0.5309981522496793,0.5484108149610891,-0.08706331355704922,-2.5883624857554035,-25.658022931400122,-5.678396789956135
183.60000000000002,0.36898587526045984,0.5483205025962016,0.6037519934061163,0.7924269609743758,0.5333541678257636,0.592103905000156,0.17438682179041473,0.09919709790910629,0.4403442296099572,0.5333689159634913,0.4868565727867243,0.23256171588383528,-2.548312575339047,-25.630340845129428,-5.655140618367752
183.70000000000002,0.50945241257711,0.8570200114289048,0.42089599636652836,0.9751076472774911,0.5285738167760329,0.6450871262859057,0.2886110494006952,0.0025427186676222346,0.3760215728305712,0.6434468512076558,0.5097342120191135,0.6685631959427114,-2.5070660081777927,-25.600390713803513,-5.58828429877348
183.8,0.745871821149281,0.8673859960224066,0.6789536214153272,0.44958428299257247,0.5720334176506825,0.6895469002332059,0.1995403171900265,0.34015007293019134,0.4578896880493704,0.4549974718300935,0.45644357993973195,-0.007230540548192332,-2.47200579670384,-25.571164202070435,-5.5890073528282995
183.9,0.88997318389698,0.8428402054722048,0.4073346934954097,0.5914154669437088,0.635621370899942,0.7202055612810057,0.39176937226515207,0.2556835600521992,0.3866043854241563,0.5360608394032859,0.4613326124137211,0.37364113494782386,-2.4365487008552855,-25.541650270669297,-5.551643239333517
184.0,0.5637536526417055,0.5889115074504448,0.9759526312508953,0.6410220343878436,0.6212478272482946,0.6939467505148935,0.02349131381772449,0.18437407215253346,0.6066538995798254,0.5660009622654444,0.586327430922635,-0.10163234328595255,-2.392917428951929,-25.50248254575938,-5.561806473662112
184.10000000000002,0.40691923941412567,0.7072937435862923,0.7621816283782947,0.8814510371158013,0.5783821096814609,0.6966161491291732,0.108065457496352,0.06401727738604007,0.5158789823910286,0.6520206798787759,0.5839498311349023,0.34035424371936823,-2.349068879459071,-25.463917292483963,-5.527771049290175
184.20000000000002,0.5788378281117885,0.46805080678563354,0.7210144995381098,0.6189170723185188,0.5784732533675264,0.6509030806604653,0.15971038355371928,0.2049007273226175,0.48608506819663094,0.5175325660166036,0.5018088171066173,0.07861874454993159,-2.312537820094439,-25.429513766633303,-5.519909174835182
184.3,0.6253693029857323,0.5067774586100238,0.8048313457370211,0.4902323320818993,0.5878524632911676,0.622077956250377,0.10085621798038198,0.27363288871218217,0.528563887113169,0.4518569680774159,0.49021042759529243,-0.1917672975893829,-2.277116433891671,-25.3956258922133,-5.5390859045941205
184.4,0.6721224144568239,0.3580904395276086,0.8877010656052237,0.8365772599229448,0.6047064535242989,0.5692804529058233,0.06208070716988859,0.05437661428192966,0.567165849259315,0.5383249092999212,0.5527453792796181,-0.07210234989848463,-2.2364510567247846,-25.35818792160825,-5.546296139583969
184.5,0.4253711643209722,0.29724115650592275,0.6937728470277074,0.6202624725553699,0.5688393956836335,0.5148725936258431,0.15953886353090826,0.1665262125046829,0.47808740496465796,0.42913281068686876,0.4536101078257634,-0.122386485694473,-2.2028583896003147,-25.3277058938758,-5.558534788153416
184.60000000000002,0.4018614436727913,0.46996939584610625,0.5776866723604519,0.8915016056159004,0.5354438052814651,0.5058919540698957,0.1962885156199583,0.0400950154719493,0.4303423355448643,0.4856082083443286,0.4579752719445964,0.1381646819986608,-2.1685683553369817,-25.297347912267224,-5.54471831995355
184.70000000000002,0.4855082894388451,0.21401519445639938,0.5947795300082118,0.7815896199745613,0.525456702112941,0.44751660214719646,0.2040924561175579,0.0785101492737717,0.41821495319527896,0.412382006910129,0.415298480052704,-0.014582365712874912,-2.1378569753196253,-25.26939188585483,-5.546176556524838
184.8,0.22928988058131053,0.7909442448390398,0.5491760306443288,0.4504281157329017,0.46622333780661496,0.5162021306855651,0.16037784343897915,0.3478153490468361,0.3914514443282674,0.3366591064224448,0.3640552753753561,-0.13698084476455652,-2.110899329641364,-25.24492460617826,-5.559874641001294
184.9,0.7063360184040683,0.5448804372114937,0.5648177400770169,0.9831116652102658,0.5142458739261057,0.5219377919907509,0.2610683183189925,0.0,0.3799925684177366,0.5219377919907509,0.4509651802042437,0.3548630589325356,-2.0770941404639114,-25.215076572369597,-5.52438833510804
185.0,0.8604571277116566,0.8679343219534534,0.8396126664600625,0.7141352485227657,0.5834881246832159,0.5911370979832914,0.10165555256320319,0.16806560289145417,0.5241733169544763,0.4917872852192249,0.5079803010868507,-0.08096507933812863,-2.040231824633407,-25.180125041150852,-5.5324848430418525
185.10000000000002,0.49823626302651985,0.31740035777898723,0.9861059996059993,0.7826886898836931,0.5664377523518767,0.5363897499424306,0.022218673566626664,0.08805978787598423,0.5538522568365566,0.4891553823436479,0.5215038195901023,-0.16174218623227168,-2.0020988799097443,-25.14455059997221,-5.54865906166508
185.20000000000002,0.9842131896340791,0.2630118926630779,0.9564643307182538,0.8495601995378106,0.6499928398083171,0.48171417848656006,0.0271012491159891,0.041854261806580174,0.6323772219330627,0.4615523871442419,0.5469648045386523,-0.4270620869720519,-1.961505976434531,-25.107891069676636,-5.591365270362285
185.3,0.9602871045277539,0.4054864032363531,0.7917372602642399,0.9297552171913531,0.7120516927522045,0.4664686234365187,0.15594976394000917,0.02980416790714112,0.6010073993544143,0.4525659142602037,0.526786656807309,-0.3711037127355264,-1.9209388620564474,-25.07428525099984,-5.628475641635838
185.4,0.293140344581871,0.35331490976151897,0.556585448957615,0.5819208515386946,0.6282694231181378,0.44383788070151875,0.1855790259315907,0.19867892916292584,0.5116757955532714,0.35565664584179857,0.43366622069753497,-0.390047874278682,-1.8865393839076732,-25.047878058554733,-5.667480429063706
185.5,0.39500192221556385,0.839163279824443,0.624541832089436,0.6837510401690421,0.581615922937623,0.5229029605261036,0.1823888914082895,0.19850631906431052,0.4755356395276208,0.41910341860423633,0.44731952906592853,-0.14108055230846114,-1.8500217134543016,-25.022043830184284,-5.681588484294552
185.60000000000002,0.7974958341649967,0.8226471792800039,0.5661122866044778,0.8028637843388714,0.6247919051830977,0.5828518042768837,0.2727606743171864,0.14040014178988416,0.4543732438174364,0.5010193283139194,0.4776962860656779,0.1166152112412075,-1.810638858623445,-24.99500814704919,-5.669926963170431
185.70000000000002,0.7425665991599113,0.418143522769517,0.6443096751293674,0.41123136929594234,0.6483468439784604,0.5499101479754103,0.208929593012075,0.26029718267143875,0.5128880017353774,0.40677008573497697,0.4598290437351772,-0.2652947900010011,-1.7730350937746047,-24.96854337114201,-5.696456442170531
185.8,0.41364262379670874,0.6792635607138766,0.9855385734208971,0.5908956368140028,0.6014059999421101,0.5757808305231036,0.0,0.2146101004659192,0.6014059999421101,0.45221244863818993,0.52680922429015,-0.37298387825980034,-1.7291647309914182,-24.939377108830165,-5.733754829996511
185.9,0.4596870673957927,0.2509779668532984,0.5726987871296583,0.8272201624929136,0.5730622134328466,0.5108202577891425,0.21983929949729997,0.07269609076519654,0.44708061786339737,0.47368562196420194,0.46038311991379965,0.06651251025201144,-1.689902242639837,-24.915335828093532,-5.72710357897131
186.0,0.7078181302263187,0.4630016120759125,0.633423707525147,0.9579236174717118,0.600013396791541,0.5012565286464965,0.19426331509933692,0.014039327050844562,0.4834528052268024,0.4942192243044573,0.4888360147656299,0.026916047694137274,-1.6483839366387532,-24.889532015194664,-5.724411974201896
186.10000000000002,0.47709305180685935,0.5555064508424916,0.6771685310647904,0.8455426938785968,0.5754293277946047,0.5121065130856955,0.1468831967571613,0.08856701838219538,0.49090842862030865,0.46675076612759275,0.4788295973739507,-0.06039415623178973,-1.607783684810707,-24.864147031745542,-5.730451389825075
186.20000000000002,0.7383887612227276,0.4045540774043692,0.4193599059911005,0.9113750066070853,0.6080212144802293,0.4905960259494303,0.3643962204393675,0.04618430152916164,0.3864605819766797,0.4679381911579734,0.4271993865673266,0.20369402295323427,-1.5714250716505602,-24.84171838025006,-5.710081987529751
186.3,0.6490605889853668,0.4762393539136171,0.5245307210743915,0.9909211629461873,0.6162290893812568,0.48772469154226766,0.2608517899722859,0.0,0.4554846283831641,0.48772469154226766,0.4716046599627159,0.08060015789775887,-1.5317997977102353,-24.816145988532828,-5.702021971739975
186.4,0.4522704687803935,0.7396010963164574,0.41773874084308965,0.7749176185649793,0.5834373652610841,0.5380999724971056,0.26668357900789375,0.1281782399802997,0.42784420056632244,0.4691272650889789,0.4484857328276507,0.10320766130664114,-1.4943142592007466,-24.79152427193643,-5.691701205609311
186.5,0.5452246333086073,0.9966606722172509,0.41404500641549413,0.9840142411763415,0.5757948188705888,0.6298121124411347,0.30583491616910535,0.010798953568725412,0.39969665871069704,0.623010800681862,0.5113537296962796,0.5582853549279123,-1.4518660667242682,-24.76301151471755,-5.63587267011652
186.60000000000002,0.3877748511748572,0.9369410248851342,0.4790184335936405,0.764273045728292,0.5381908253314425,0.6912378949299346,0.25109061730526927,0.1429421808203365,0.40305615877093826,0.5924308427629911,0.49774350076696466,0.47343670998013204,-1.4121607054360834,-24.732995348897575,-5.588528999118506
186.70000000000002,0.37464430458131526,0.9937047249712514,0.7424470094860299,0.5071734630982278,0.505481521181417,0.751731260938198,0.10222690228851197,0.3548385715860499,0.4538077111069559,0.4849880140903076,0.46939786259863175,0.07795075745837932,-1.3760980997404264,-24.702948185894037,-5.5807339233726685
186.8,0.7875685690575629,0.5208932074908634,0.6451097116709856,0.8507685522038606,0.5618989307566462,0.705563650248731,0.21499446094218846,0.07983283485961343,0.441093773034629,0.649236503875478,0.5451651384550535,0.5203568271021226,-1.3344877890755653,-24.66772557485736,-5.5286982406624565
186.9,0.45552279812395374,0.49053974527284894,0.463383266318893,0.9308547199674422,0.5406237042301077,0.6625588692535546,0.2771710585316082,0.04478111250012469,0.39077845986136966,0.6328887459915558,0.5118336029264627,0.6052757153254652,-1.2971944178591426,-24.632669322431283,-5.46817066912991
187.0,0.454220077409176,0.6285016389638686,0.6353040198613668,0.9154339525280861,0.5233429788659214,0.6557474231956174,0.17546301714371842,0.04518633169734077,0.4315156407931256,0.6261166026214238,0.5288161217072747,0.4865024045707454,-1.2609251548005884,-24.594185488644033,-5.419520428672836
187.10000000000002,0.8609107489857097,0.5595647404013144,0.9543463343680287,0.5065759766104267,0.590856532889879,0.6365108866367568,0.02095390468114612,0.2597749094753102,0.5784757814194721,0.4711613286806439,0.524818555050058,-0.2682861318470704,-1.2268300186495986,-24.5542872825679,-5.446349041857543
187.20000000000002,0.4672438786204749,0.5712171891700661,0.5033624009043802,0.9443685312494177,0.5661340020359982,0.6234521471434187,0.23714576791374228,0.035524670761906525,0.4318777193810912,0.601304214880345,0.5165909671307181,0.42356623874813454,-1.1922279634900295,-24.515928971187645,-5.403992417982729
187.3,0.9793979133264397,0.5282350432209668,0.781850125025396,0.7713255802878407,0.6487867842940864,0.6044087263589283,0.13645005709990818,0.12171667449599652,0.5602597905314926,0.5308421061501588,0.5455509483408256,-0.07354421095333435,-1.1574341965408261,-24.473909307292747,-5.411346839078062
187.4,0.9991279070407499,0.6796545360719246,0.839288796821722,0.9672934115953756,0.7188550088434191,0.6194578883015276,0.10544259259552152,0.008701279157775792,0.6430570730106924,0.6140678122889297,0.6285624426498111,-0.07247315180440667,-1.11699121526705,-24.425792026521822,-5.4185941542585025
187.5,0.6554449178307957,0.5775308351776782,0.4545798642270837,0.6221775473179795,0.7061729906408944,0.6110724776767578,0.31634179815773084,0.21596888168239917,0.4827809569711315,0.4790998380460156,0.48094039750857354,-0.009202797312789779,-1.0857805288687985,-24.389200637997924,-5.419514433989781
187.60000000000002,0.7232928358873092,0.6416458875616518,0.9180629634545664,0.9101854082042281,0.7095969596901774,0.6171871596537366,0.03474207052113797,0.044758615787875516,0.6849440920750361,0.5895627167055848,0.6372534043903104,-0.23845343842362837,-1.0443812891515871,-24.34075456524783,-5.4433597778321445
187.70000000000002,0.89972015761921,0.34016879482369944,0.9622845323955678,0.952831410764688,0.7476215992759839,0.5617834866877291,0.017796954935365657,0.012287966258429981,0.7343162113649632,0.5548803101587672,0.6445982607618652,-0.44858975301549003,-1.0013483776248098,-24.292762506495357,-5.488218753133694
187.8,0.9155565263681993,0.36560581670762443,0.6767077526116054,0.5470281825229724,0.781208584694427,0.5225479526917082,0.21951456450187604,0.2217237308687469,0.6097219224401029,0.4066866710630772,0.5082042967515901,-0.5075881284425643,-0.9657583915586178,-24.25648484168385,-5.53897756597795
187.9,0.8374028454832905,0.9782442299211396,0.7001289634766248,0.4666943779752566,0.7924474368521996,0.6136872081375945,0.1945667264967858,0.3619233150109737,0.6382635331430987,0.39157949938860687,0.5149215162658528,-0.6167100843862295,-0.9278794877776456,-24.22160461336626,-5.600648574416573
188.0,0.9361246520810045,0.3274132683567015,0.6773273395987434,0.9774844157837731,0.8211828798979606,0.5564324201814159,0.19790186345680857,0.0,0.6586692577273255,0.5564324201814159,0.6075508389543707,-0.25559209386477405,-0.8807350531219644,-24.183282524433924,-5.62620778380305
188.10000000000002,0.7414979005238218,0.8936501712785214,0.9973207301059777,0.9173013823568027,0.8052458840231328,0.623875970400837,0.0,0.05105462326052701,0.8052458840231328,0.5920242177707266,0.6986350508969297,-0.5330541656310156,-0.8254142128790023,-24.140615042925987,-5.679513200366151
188.20000000000002,0.4080233984193625,0.772781262024292,0.47258918456343496,0.8659579170062106,0.7258013869023787,0.653657028725528,0.2501851995304844,0.08301354139159248,0.5442166221007048,0.599394643915516,0.5718056330081104,0.1379450545370281,-0.7783399351752954,-24.108155387997563,-5.6657186949124485
188.3,0.21897610091281605,0.584646051095449,0.8356190505316239,0.5757778427526163,0.6244363297044662,0.6398548331995122,0.05964835405585937,0.23936720109932721,0.5871897304249128,0.4866945726666681,0.5369421515457905,-0.25123789439561184,-0.7345604733289577,-24.077067971547955,-5.69084248435201
188.4,0.8150092127317576,0.49069861411708254,0.8299747746917154,0.706935819816298,0.6625509063099244,0.6100235893830263,0.11242160979331771,0.1425852703916366,0.588065866852541,0.5230432109455707,0.5555545388990559,-0.1625566397674258,-0.6884697274217032,-24.046051014917325,-5.707098148328752
188.5,0.29924547734035856,0.3167869916383647,0.5574994597938974,0.895137154667729,0.5898898205160112,0.5513762698340939,0.19585979047904936,0.029217877057972103,0.47435412386402126,0.5352662257693982,0.5048101748167098,0.15228025476344234,-0.6461363172963077,-24.018551641958293,-5.691870122852408
188.60000000000002,0.335162772932437,0.5303144434484064,0.6039007744578276,0.947784754230389,0.5389444109992964,0.5471639045569564,0.18375497754766723,0.015144172698300276,0.4399106928566799,0.5388775598920695,0.48939412637437474,0.24741716758847412,-0.6055064134989968,-23.99127020089081,-5.6671284060935605
188.70000000000002,0.2777005632521252,0.7136284571511511,0.44444173332262943,0.9395171867717037,0.4866956414498621,0.5804568150757954,0.22804209465454978,0.025198884411642575,0.3757085479143958,0.5658299508867503,0.470769249400573,0.4753035074308862,-0.5670839596647065,-23.96406814392514,-5.619598055350472
188.8,0.40799964274432005,0.4362336557459481,0.6668032392740006,0.8724243690835364,0.47095644170875367,0.551612183209826,0.1623191588474776,0.06326305041093166,0.39451118823678766,0.5167155138561387,0.45561335104646317,0.30551081404837754,-0.5311912980542666,-23.93600478526948,-5.589046973945634
188.9,0.6755425038084069,0.80905819022668,0.48881438458761256,0.5730582581129989,0.5118736541286844,0.6031013846131967,0.28032759042513333,0.26108485251906877,0.36838134606468215,0.4456407485574141,0.4070110473110481,0.19314850623182986,-0.49990821668351576,-23.909967336349062,-5.569732123322451
189.0,0.4901793880093284,0.43297463838257033,0.96687514654921,0.4949814672811624,0.5075348009048132,0.5690760353670714,0.021788087387916304,0.2379810401477928,0.4964765883102904,0.4336467285472336,0.465061658428762,-0.15707464940764207,-0.4647446043957858,-23.87953143924904,-5.585439588263215
189.10000000000002,0.5518898825244827,0.4359036931660252,0.8462398997181593,0.8170495098615576,0.5164058172287471,0.5424415669268622,0.06593253315835518,0.07847797993466629,0.4823578735611453,0.49987184852184696,0.49111486104149615,0.04378493740175418,-0.4271108414007951,-23.847977708087814,-5.581061094523039
189.20000000000002,0.5073813394147502,0.7094098641152264,0.41680282287710524,0.5269972261036799,0.5146009216659477,0.575835226364535,0.2854387617782729,0.2794913565593657,0.3677138717756616,0.4148942577932417,0.3913040647844517,0.11795096504395017,-0.3972358714179366,-23.822705690366792,-5.569265998018644
189.3,0.40753693797684787,0.7769114941870663,0.8472743430893088,0.9976705127216188,0.49318812492812775,0.6160504799290413,0.06694802099494636,0.006161168014997176,0.4601701559859812,0.6122548894164788,0.53621252270123,0.3802118335762439,-0.35670885817877923,-23.78759444013372,-5.53124481466102
189.4,0.33632810099365296,0.4753708341351242,0.49352611416787845,0.911566283558735,0.4618161201412328,0.5879145507702579,0.21265057522247222,0.03832014208429485,0.3636106565461893,0.5653855816513172,0.46449811909875327,0.5044373127628199,-0.3227835516522943,-23.755866556442133,-5.480801083384738
189.5,0.8923269505863327,0.588196627189973,0.5014725262110632,0.7151421225758753,0.5479182862302527,0.587970966054201,0.31451353657695985,0.16836368457987635,0.375590568272789,0.4889780077833263,0.43228428802805763,0.2834685987763431,-0.29274003600384535,-23.724784661000562,-5.452454223507104
189.60000000000002,0.2113860766216803,0.9575586024806058,0.6054201970614128,0.5855849707414028,0.48061184430853826,0.661888493339482,0.14070981104203845,0.2741878012296338,0.4129850425113183,0.48040674269153427,0.4466958926014263,0.16855425045053996,-0.26261771983187576,-23.69179953900434,-5.43559879846205
189.70000000000002,0.8224114878699889,0.8314193971132722,0.7899979972702661,0.6139008782749932,0.5489717730208283,0.69579467409424,0.1304566930963564,0.26074195634486463,0.4773547309092875,0.5143718095565704,0.4958632702329289,0.09254269661820719,-0.2298017647713255,-23.654625395824908,-5.42634452880023
189.8,0.925041621996169,0.8719817086831128,0.9074475608120701,0.8698524629519228,0.6241857428158964,0.7310320810120146,0.06297640847466038,0.07357362261798017,0.5848767665122633,0.6772474025619999,0.6310620845371315,0.23092659012434152,-0.18847802720217005,-23.60693113769336,-5.403251869787796
189.9,0.3620239875528832,0.7313952686359915,0.6390947340118975,0.4593040121437383,0.5717533917632938,0.7311047185368099,0.15371472844333972,0.30308170036026977,0.4838664744118406,0.5095202573012572,0.4966933658565489,0.06413445722354139,-0.1568286044794666,-23.568651155480996,-5.396838424065441
190.0,0.6426275847056876,0.6278030982411242,0.8447547325688411,0.923569368181142,0.5859282303517725,0.7104443944776728,0.10529702551679519,0.024361536517901662,0.5242317305294113,0.6931368774176665,0.6086843039735389,0.422262867220638,-0.11834474909190487,-23.521492288938777,-5.354612137343377
190.10000000000002,0.6533617289242076,0.39837755706722877,0.5536432435986542,0.8436614670575469,0.5994149300662596,0.648031026995584,0.2581479572877108,0.0778465536424498,0.4446771903018987,0.5975840448906005,0.5211306175962496,0.3822671364717545,-0.08713021594063447,-23.479761914795827,-5.316385423696202
190.20000000000002,0.3960696412822004,0.7517099602066297,0.6736396305744231,0.4241396754058189,0.5587458723094477,0.6687668136377931,0.1539781929440653,0.347989100238076,0.47271119257628347,0.4360432518908925,0.454377222233588,-0.09166985171347744,-0.06132448126042588,-23.442363376609666,-5.32555240886755
190.3,0.2730873569435504,0.35201133330665374,0.8984154280310876,0.4382013614750249,0.5016141692362682,0.6054157175715652,0.05769729997823242,0.24854569469414647,0.4726723860405114,0.4549422474689854,0.4638073167547484,-0.04432534642881514,-0.03463434195404266,-23.40443174423564,-5.329984943510431
190.4,0.24869209055740857,0.3820689990755355,0.7514064346030973,0.7487622625110253,0.4510297535004963,0.5607463738723593,0.0978782227230445,0.11524472739262612,0.40688376283265487,0.4961233108790356,0.4515035368558452,0.22309887011595184,-0.008488815578067126,-23.367621882942007,-5.307675056498836
190.5,0.8251300695603061,0.4550866710544593,0.7803434211301261,0.5178554973526256,0.5258498167124582,0.5396144333087792,0.12305132861680115,0.21574581381235372,0.4611432981130889,0.4231948782496846,0.4421690881813868,-0.09487104965851076,0.016305623479900853,-23.331010807879505,-5.317162161464688
190.60000000000002,0.3579169934980625,0.6338950669132225,0.5289963659567852,0.6923384009299918,0.4922632520695791,0.5584705600296679,0.21150634283440448,0.1735770895144118,0.3881464519125718,0.46153286564023455,0.4248396587764032,0.18346603431915687,0.04046096573090343,-23.29606217704181,-5.298815558032772
190.70000000000002,0.8889112824498941,0.2892191214560357,0.9319104899882159,0.866437518489185,0.5715928581456421,0.5046202723149414,0.032429017050080264,0.06775090845859533,0.553056663603133,0.4704317904389804,0.5117442270210567,-0.20656218291038142,0.06878028611959278,-23.253437798669612,-5.319471776323811
190.8,0.6915306255551759,0.5650035500063759,0.40029707365519307,0.8527361500583688,0.5955804116275488,0.5166969278532283,0.34985021968567165,0.07716519976622256,0.3872164737791681,0.4768259061968404,0.43202118998800426,0.2240235810441807,0.09342596939420292,-23.21795522010049,-5.297069418219393
190.9,0.34122550087356207,0.6058343856530168,0.7085201410223053,0.9708614184496386,0.5447094294767515,0.534524419413186,0.11921359274187,0.03049327499364626,0.47977266138845365,0.5182250193012006,0.4989988403448271,0.09613089478186732,0.12096735866088841,-23.176344280386086,-5.287456328741206
191.0,0.39921760166372233,0.42023067878390874,0.7367585905033154,0.5852824104991036,0.5156110639141457,0.5116656712873305,0.1186104165285295,0.21321525839908412,0.4544542208565706,0.40257074296986156,0.4285124819132161,-0.12970869471677263,0.14427378007506972,-23.140385412322438,-5.300427198212883
191.10000000000002,0.9565576146971004,0.5900643527896242,0.5915245289804065,0.9846126340756473,0.6038003740707366,0.5273454075877892,0.27765502335650966,0.0,0.436152167105457,0.5273454075877892,0.48174878734662313,0.2279831012058306,0.17099782230541385,-23.10030244202369,-5.2776288880923
191.20000000000002,0.2524475798632968,0.5456119339047443,0.5827845875676034,0.9551772022040034,0.5335298152292487,0.5309987128511803,0.16502256551987776,0.028744499709866502,0.4454853563387717,0.51573542050369,0.4806103884212308,0.1756251604122959,0.19674020018180338,-23.059716811119966,-5.260066372051071
191.3,0.630872075692163,0.3461245369529456,0.8672750761004315,0.8577115888825184,0.5529982673218315,0.49402387767153333,0.061839114409668786,0.06245751431230433,0.5188013442005682,0.46316837426124347,0.49098485923090585,-0.1390824248483119,0.22230606364353706,-23.017799655379196,-5.273974614535902
191.4,0.45601268867504907,0.6243196157924868,0.46175027050709566,0.5800368514398553,0.533601151592475,0.520083025295724,0.26403546889522894,0.23370577424993672,0.3927115213287218,0.39853661919473743,0.39562407026172963,0.014562744665039123,0.2433741913588837,-22.98431356805514,-5.272518340069398
191.5,0.3236781199202861,0.3251101803297046,0.8598384293745756,0.8714866765071926,0.4916165452580372,0.4810884563025202,0.07428965603012663,0.059671322137774006,0.4550945212120985,0.45238127204972806,0.45373789663091324,-0.006783122905926059,0.267481094970632,-22.94587351099685,-5.2731966523599905
191.60000000000002,0.3257061262469366,0.9653655857829231,0.988692644866296,0.7920943778540028,0.4584344614558171,0.5779438821986007,0.016415301775486384,0.1538438562202281,0.45090912142673734,0.48903076668227874,0.46996994405450804,0.09530411313885351,0.2924774018376791,-22.90607524311803,-5.2636662410461055
191.70000000000002,0.4155065490527367,0.9462748364380325,0.6831890043660849,0.9137425221552209,0.44984887897520104,0.6516100730464871,0.13984284092647972,0.04432601674746654,0.3869407337517168,0.6227267940358107,0.5048337638937637,0.5894651507102346,0.3189193675593213,-22.863070664984452,-5.204719725975082
191.8,0.46697773174470447,0.48314685719747114,0.84712836138314,0.6698247252763072,0.45327464952910174,0.6179174298766839,0.07142846851208687,0.15860352918031104,0.42089793549788507,0.5199135447562144,0.4704057401270497,0.2475390231458234,0.34115455789512766,-22.821616932774006,-5.179965823660499
191.9,0.5336989105085881,0.8097781952618797,0.6424486639587913,0.9812079716121603,0.469359501724999,0.656289582953723,0.1777397825455186,0.023939388711085932,0.3859356459527247,0.6405784115203573,0.513257028736541,0.6366069139190814,0.36428831213378543,-22.775800372555018,-5.116305132268591
192.0,0.9799886075072868,0.8136388795030554,0.41168777414500596,0.8226033458212603,0.5714853228814566,0.6877594422635894,0.3954537410359158,0.11962063015025476,0.34548931400086635,0.6054892243882312,0.47548926919454876,0.649999775968412,0.3829761036894911,-22.73207775943592,-5.05130515467175
192.10000000000002,0.43583751221031986,0.4987801493625581,0.5931074772514329,0.8745519819069192,0.5443557607472292,0.6499635836833831,0.18603077207435811,0.06506168838573166,0.4430888382922976,0.6076758555397014,0.5253823469159995,0.4114675431185094,0.4004432339135977,-22.6825281331382,-5.0101584003599
192.20000000000002,0.359561716303078,0.3719838834855308,0.7017660533194385,0.9138420653669374,0.507396951858399,0.5943676436438127,0.11663697093902539,0.02839263824906901,0.44821570832994084,0.5774919781508824,0.5128538432404116,0.32319067455235384,0.4154897768544976,-22.63349964967407,-4.977839332904664
192.3,0.4603864295652458,0.5837461587279686,0.832758387593658,0.6819230554344298,0.4979948473997683,0.5922433466606438,0.0998161181306988,0.1515335591989295,0.4482869348832337,0.502498604429271,0.4753927696562523,0.13552917386509322,0.42796141491299566,-22.587625461958623,-4.9642864155181545
192.4,0.7275345885161342,0.7502407727225524,0.9453324081293731,0.6922248091541803,0.5439027956230414,0.6238428318730256,0.023515007650210393,0.18896294977337846,0.5311129172229948,0.5059596501673209,0.5185362836951579,-0.06288316763918472,0.44088551494638606,-22.53740826954994,-4.970574732282073
192.5,0.5000151697356512,0.2811519328124199,0.7837771997274098,0.5656277322973119,0.5351252704455634,0.5553046520609044,0.10289066531263401,0.19610576505531027,0.4800658753438161,0.44640620842972784,0.463236041886772,-0.0841491672852207,0.4527131752819862,-22.49262007070231,-4.978989649010595
192.60000000000002,0.2888246325960211,0.30742778707057083,0.8498957249849532,0.594727310436273,0.4858651428756549,0.5057292790628377,0.07338252364926623,0.1679697365091133,0.45021113253822803,0.42078206531370904,0.43549659892596854,-0.07357266806129747,0.4641864954141954,-22.45060893168056,-4.986346915816725
192.70000000000002,0.321418070041839,0.32033565992002677,0.5793133776221638,0.5199965844832497,0.4529757283088917,0.4686505552342755,0.1638127059598019,0.19531497575535128,0.37877254852050013,0.3771160834009611,0.37794431596073064,-0.004141162798847603,0.474411547599627,-22.414223943464602,-4.986761032096609
192.8,0.6581865343247959,0.8102297285836386,0.5564314792603601,0.7186164877592474,0.49401788951207254,0.5369663899041481,0.241507662564405,0.15648324072769149,0.3747087837510114,0.4529401490500979,0.41382446640055465,0.1955784132477162,0.48562381239825403,-22.374389385502923,-4.967203190771838
192.9,0.8176805720919722,0.2544031254692395,0.8715404258634953,0.8268416139739375,0.5587504260280525,0.4804537370171664,0.07311188096320699,0.08370566279343836,0.5178991313921483,0.44023703851856016,0.47906808495535425,-0.19415523218397027,0.49769947190332736,-22.328029480976,-4.986618713990235
193.0,0.9240827964109359,0.5566722974018645,0.9307511309451437,0.5104840173777959,0.6318169001046292,0.49569744909410607,0.04510439209972049,0.25428693706199895,0.6033191829070801,0.3696480630545197,0.4864836229807999,-0.5841777996314009,0.5108737175697952,-22.281198909706745,-5.045036493953375
193.10000000000002,0.46640967845311865,0.7421350417818944,0.8224361863390766,0.5532146659655134,0.5987354557743271,0.5449849676316637,0.09630214779580783,0.247591153550037,0.5410759454217575,0.4100515108283105,0.475563728125034,-0.3275610864836176,0.5264030870302775,-22.23624952395742,-5.077792602601736
193.20000000000002,0.2953523495330824,0.5286231602867302,0.6377847886356628,0.691814518562393,0.5380588345260782,0.541712606162677,0.13337825221394717,0.15875713296229071,0.46629348758871647,0.45571186591875984,0.4610026767537382,-0.026454054174891578,0.5428759250383332,-22.193192813821813,-5.080438008019225
193.3,0.9303857623913472,0.6098093353120945,0.4097207616227027,0.6623241498872092,0.616524220099132,0.5553319519925605,0.37804209190946403,0.18383837167497136,0.3834521142200053,0.4532406301991648,0.41834637220958504,0.17447128994789868,0.5579278518060063,-22.154159797387134,-5.062990879024436
193.4,0.8386225958291889,0.8321100028682316,0.6952056822895099,0.7448892816919948,0.6609438952451434,0.6106875621676947,0.19905620984488598,0.1708226400294204,0.5293789085375298,0.5063683005650783,0.517873604551304,-0.05752651993112867,0.5757149018858466,-22.105522861295654,-5.068743531017549
193.5,0.6522454446085901,0.9793820295231976,0.8683529262796115,0.7190574623266932,0.6592042051178327,0.6844264556387953,0.08578424284200545,0.20819476406052795,0.6026548715035334,0.541932451190293,0.5722936613469132,-0.15180605078310094,0.5956799463165596,-22.051888941533452,-5.083924136095859
193.60000000000002,0.2701842044229819,0.9379975048807072,0.7660188897706897,0.995769835371766,0.5814002049788626,0.7351406654871777,0.10555782708281111,0.013540814340197684,0.5200288626757928,0.7251862622218864,0.6226075624488396,0.5128934988652339,0.6182834818218186,-21.993876167501803,-5.032634786209336
193.70000000000002,0.544757382975553,0.4214919296843717,0.6707731525124123,0.9283243521795407,0.5740716405782007,0.6724109183266165,0.18006502015541467,0.03960472510852625,0.470701419046835,0.6457802687463191,0.558240843896577,0.43769712424871027,0.6358568968165205,-21.94089028746412,-4.988865073784464
193.8,0.2584206293921102,0.7182718907309995,0.6038858314784485,0.7166283806314151,0.5109414383409826,0.6815831128074931,0.16748332632087926,0.1792349744104906,0.4253672666924604,0.5594195810248195,0.49239342385863993,0.3351307858308977,0.6492976256887159,-21.89352089179586,-4.955351995201375
193.9,0.545917736824733,0.21718682289997374,0.7448427049539109,0.40381237398247305,0.5179366980377327,0.5887038548259892,0.1453940514427417,0.2114047923506025,0.4426317831191508,0.4642490386405017,0.45344041087982623,0.05404313880337727,0.6602064800203096,-21.84950863260185,-4.949947681321037
194.0,0.38018394900789443,0.5417197176843579,0.5553117700915394,0.53373399191071,0.490386148231765,0.5793070273976629,0.2080133324066024,0.23397876968919157,0.38837929137203747,0.443761481854855,0.4160703866134462,0.13845547620704377,0.6699978891408869,-21.809070111689234,-4.936102133700333
194.10000000000002,0.5662026563502114,0.7323214960118027,0.8619566969045612,0.7446630489469612,0.5055494498554542,0.6099099211204909,0.06686299733171076,0.16660905012084667,0.4717468983387212,0.5082934085033254,0.4900201534210233,0.09136627541151049,0.6808690728401176,-21.76128920679444,-4.926965506159181
194.20000000000002,0.8937944983056549,0.3220838259985886,0.8637952006531527,0.5236865027628019,0.5831984595454944,0.5523447020961104,0.07682054875571404,0.18530817821729462,0.5383968338497225,0.4499907116027059,0.4941937727262142,-0.2210153056175415,0.691392122946334,-21.71300318121275,-4.949067036720935
194.3,0.6815371748476906,0.8757586541143214,0.8676779305666247,0.7240457505666595,0.6028662026059337,0.6170274924997526,0.09395600837783871,0.17255244558220026,0.5462233006231748,0.5105578896774676,0.5283905951503212,-0.08916352736426797,0.703781539802847,-21.661637155861467,-4.957983389457362
194.4,0.4522689993886084,0.3840830842147293,0.5252843523101572,0.5817577041534584,0.5727467619624687,0.5704386108427479,0.2252657082380532,0.18057172273362543,0.4437265569879415,0.4674335281690968,0.45558004257851914,0.059267427952888196,0.7148581913337189,-21.61744621173462,-4.952056646662073
194.5,0.9490418131344216,0.3737886474868377,0.6132068590549966,0.4823872992886793,0.6480057721968593,0.5311086181715658,0.2788262730772398,0.23026054834787094,0.4673247378026702,0.4088152565191011,0.4380699971608857,-0.14627370320892272,0.7252570883813901,-21.574891351091946,-4.966684016982965
194.60000000000002,0.8673257943869455,0.5000911535347932,0.6663714775481795,0.8463654273190562,0.6918697766348765,0.5249051252442113,0.22543091663349452,0.07203955067462076,0.5359009386970652,0.48709119587481275,0.511496067285939,-0.1220243570556312,0.7381244460445382,-21.525386670755047,-4.978886452688529
194.70000000000002,0.5574499096783808,0.5193425607600077,0.5233793606057036,0.6283029329339438,0.6649858032435774,0.5237926123473706,0.26184302142620836,0.17243843546979398,0.49086391131674495,0.4334706337635537,0.46216727254014933,-0.1434831938829781,0.7502958140405833,-21.4808014301571,-4.993234772076827
194.8,0.34007742706956456,0.9306265686649295,0.8347110041223296,0.47302225155927086,0.6000041280087748,0.6051594036108824,0.08233537561455358,0.33907545505385206,0.5506025627588896,0.3999647034514047,0.4752836331051472,-0.37659464826871225,0.7634691745644917,-21.435135163707088,-5.0308942369036975
194.9,0.5912867411413312,0.6838787279033085,0.8498095541984926,0.5901277486166113,0.5982606506352861,0.6209032684693676,0.06821862719146476,0.2544889251139228,0.5574481303462744,0.4628902630768768,0.5101691967115756,-0.23639466817349394,0.7794449875748941,-21.38668416277429,-5.054533703721047
195.0,0.8398329705411802,0.4878867833493885,0.5531707220169988,0.46719541525049585,0.6465751146164649,0.5942999714453718,0.2824317173034312,0.24411092519909053,0.46396179462967385,0.44922485557004904,0.45659332509986145,-0.036842347649062024,0.7947640713045007,-21.343671370270865,-5.058217938485953
195.10000000000002,0.8427293385268089,0.5202466783617063,0.9144958440962405,0.6128086597937008,0.6858059593985337,0.5794893128286387,0.07230326241886062,0.210192790903751,0.636219951147723,0.4576848368662903,0.5469523940070067,-0.44633778570358174,0.8133044815898219,-21.292214374638085,-5.1028517170563115
195.20000000000002,0.5473191079255377,0.8782465258360019,0.5804166625262446,0.9998239384645846,0.6581085891039345,0.6392407554301114,0.20111145129454422,0.005857946841774845,0.5257554156398374,0.6354961170657057,0.5806257663527716,0.27435175356467084,0.8354040483783388,-21.238521992000628,-5.075416541699845
195.3,0.5117489688154567,0.5770891667357089,0.9707854865382662,0.5648296776248325,0.628836665046239,0.6268104376912309,0.02063893754549595,0.22393476549070718,0.6158581443900317,0.4864457893197176,0.5511519668548747,-0.3235308876757853,0.8549757908948836,-21.186998872912728,-5.107769630467423
195.4,0.31258865503916033,0.3991984973988436,0.7387475490984646,0.47676898174861976,0.5655870630448233,0.5812880496327535,0.09727188876683429,0.24832132841155585,0.5105713411603668,0.43694182895818573,0.4737565850592763,-0.18407378050545278,0.8732229758201449,-21.14327824550216,-5.126177008517969
195.5,0.8098302724301267,0.24894516823413657,0.8814281636915755,0.9198070365481789,0.614435704921884,0.5148194733530301,0.08041886350293362,0.0269115109109661,0.5650234838364423,0.5009649034787123,0.5329941936575773,-0.1601464508943251,0.8946536351033187,-21.09447706777646,-5.1421916536074015
195.60000000000002,0.5319010962441606,0.32598615538620446,0.5034519933520443,0.9617749520477638,0.5979287831863394,0.477052809759665,0.27322218116780295,0.026130515787101516,0.43456137686115737,0.464587173782959,0.4495742753220582,0.07506449230450407,0.9133870099172444,-21.053608608564073,-5.134685204376951
195.70000000000002,0.8482557396213282,0.3452917537991286,0.9274464469773523,0.4656349455709314,0.6479941744733371,0.45070059856755773,0.0328786015942415,0.23401647071466591,0.6266890321754388,0.34522923514179044,0.48595913365861465,-0.7036494925841209,0.9333043381875117,-21.009281835272564,-5.205050153635363
195.8,0.44485185386928494,0.7002499900650032,0.9453885116044803,0.5591088069464873,0.6073657103525266,0.5006104768670468,0.018943964664960934,0.26709173529496,0.5958597957968994,0.36690155589378987,0.4813806758453446,-0.5723955997577738,0.9560723087834798,-20.96686847575325,-5.262289713611141
195.9,0.46526563780603936,0.9110563604265589,0.4205336633396931,0.923216917265985,0.5789456958432292,0.5826996535789493,0.29822528823539074,0.032876389181551044,0.4062894488277433,0.5635425929919328,0.48491602090983804,0.39313286041047363,0.9814141460657501,-20.925525680050622,-5.222976427570093
196.0,0.5016294167190927,0.6788059814126652,0.7151227601009915,0.4949035470192816,0.5634824400184019,0.6019209191456925,0.12322183190045974,0.3045614810814378,0.49404910151559345,0.41859899251677996,0.4563240470161867,-0.18862527249703373,1.0037142392536054,-20.885713342733336,-5.241838954819796
196.10000000000002,0.27369911920954504,0.9905532066007001,0.4674463538917768,0.6854136219520865,0.5055257758566305,0.679647376636694,0.23740463087239944,0.23326734868697843,0.3855116156429038,0.5211078350465921,0.45330972534474795,0.33899054850922067,1.026609041257813,-20.846588860473382,-5.207939899968874
196.20000000000002,0.6293817605997076,0.3075243166501264,0.7619626573149493,0.7821131423147989,0.5302969728052459,0.6052227646393804,0.12379498283597389,0.09094773934751052,0.4646488681588516,0.5501791223937783,0.5074139952763149,0.2138256355873168,1.0507374074284246,-20.80195130261053,-5.186557336410143
196.3,0.9223063603452542,0.30255888892934596,0.7938245633541916,0.6193496359448374,0.6086988503132476,0.5446899894973736,0.14245978051048977,0.1689153814057884,0.5219837457006348,0.4526834721735098,0.4873336089370723,-0.17325068381781245,1.0729889973499558,-20.758594559075522,-5.2038824047919245
196.4,0.5822318762111764,0.7989751328890882,0.9111810828949788,0.5177722578905507,0.6034054554928333,0.5955470181757165,0.036103402207609485,0.2839758168603359,0.5816204656389098,0.4264260672105301,0.50402326642472,-0.3879859960709492,1.0967760256311117,-20.71415840469054,-5.242681004399019
196.5,0.9538313039695951,0.38044147288328367,0.44931339059703906,0.4568735139843884,0.6734906251881857,0.55252590911723,0.3714643748025023,0.2610657988654734,0.42331285116730993,0.40828029125966836,0.4157965712134891,-0.037581399769103935,1.1178064041517906,-20.67828932238271,-5.2464391443759295
196.60000000000002,0.2841825678931403,0.3809787228743476,0.5107760536523026,0.7956216155042117,0.5956290137291766,0.5182164718686535,0.19552378119608152,0.11141731150550327,0.4791693767747553,0.46047818579518085,0.46982378128496805,-0.046727977448936114,1.1417215478875025,-20.637849122646443,-5.251111942120823
196.70000000000002,0.7346850907253304,0.6159335405642055,0.7463002651377451,0.9301497039201522,0.6234402291284074,0.5377598856077639,0.16106143025940492,0.023432628775646256,0.523028054143735,0.5251587578378831,0.5240934059908091,0.005326759235370349,1.1686096488765498,-20.592862802423145,-5.250579266197286
196.8,0.5376167617724579,0.7289614626480401,0.7476211357254252,0.960774646032222,0.6062755356572175,0.5760002010158192,0.11135591490191754,0.03944569596518867,0.5387631687014579,0.5532794722106616,0.5460213204560598,0.03629075877300936,1.196597770415477,-20.545979352500513,-5.246950190319985
196.9,0.5080240108482852,0.23841474529620915,0.5187376915493487,0.5093034819408733,0.586625230695431,0.5084831098718972,0.2278939944590731,0.17536923113437294,0.452936863621774,0.41931081784884766,0.43612384073531085,-0.08406511443231582,1.218816688817268,-20.50845123358107,-5.255356701763216
197.0,0.8358177735676129,0.3295081639096951,0.593519426934626,0.7432520396148102,0.6364637392698674,0.47268812067945676,0.25719544136392125,0.10462067851021385,0.4727681669362222,0.42323516877025413,0.44800166785323814,-0.12383249541492017,1.241964001548627,-20.470094267364885,-5.2677399513047085
197.10000000000002,0.7029703370900502,0.8535915909456,0.7463208887233892,0.6712624683649784,0.649765058833904,0.5488688147326855,0.1360287371712026,0.21571679896761423,0.5613783384227559,0.4304685909654021,0.495923464694079,-0.32727436864338444,1.2681111475701017,-20.42795488455885,-5.300467388169047
197.20000000000002,0.636703541516441,0.29425530281639356,0.5675831168389045,0.8611066319696199,0.6471527553704114,0.4979461123494271,0.256809034560177,0.0515062380871609,0.48095808105077764,0.47229878133218134,0.47662843119147946,-0.021648249296490757,1.2945527421605074,-20.388299006183544,-5.302632213098696
197.3,0.9140214752335514,0.4042275389491498,0.8841930994628568,0.6924130891502251,0.7005264993430393,0.4792023976693716,0.07903809924808886,0.14854003606137792,0.645158216362048,0.4080216562388644,0.5265899363004561,-0.5928414003079588,1.3238607958675563,-20.344549633639083,-5.361916353129492
197.4,0.7344101480019949,0.4739000187115033,0.7114437532254905,0.43787066242972433,0.7073032290748305,0.47814192187779797,0.16595121817528125,0.2808877504460854,0.5899253965905523,0.3438377130475754,0.46688155481906385,-0.6152192088574423,1.3520982632584466,-20.307368599526903,-5.423438274015236
197.5,0.9718028398950027,0.3009825354491682,0.5362750335414166,0.6744600631151108,0.760203151238865,0.442710044592072,0.3038226643254321,0.13887330608479317,0.5292362044008836,0.38122943706262474,0.4552328207317542,-0.3700169183456471,1.3818080844308533,-20.272876633264925,-5.460439965849801
197.60000000000002,0.43657074645936045,0.8986453911520496,0.5842182432974793,0.6616984645424717,0.695476670282964,0.5338971139040676,0.2167142557425517,0.20641439665418668,0.5447569612962835,0.4236930632621479,0.48422501227921566,-0.30265974508533894,1.4147456214935175,-20.237382164999946,-5.490705940358335
197.70000000000002,0.893573993275641,0.6037789772904657,0.638534859508395,0.9647498319400442,0.7350961348814994,0.5478734865813472,0.2575796735013811,0.006883493914025519,0.5457503124665956,0.5441022027708085,0.544926257618702,-0.004120274239467758,1.4530039092372669,-20.198578174466242,-5.491117967782282
197.8,0.8720102529559992,0.37748567328400234,0.41003154307012457,0.8400473940875939,0.7624789584963994,0.5137959239218782,0.37693141431685895,0.0761751606047911,0.47507668628350597,0.4746574368990421,0.474867061591274,-0.0010481234611596502,1.4863573973595574,-20.164776812187192,-5.491222780128398
197.9,0.3214169535808742,0.8879409583244415,0.7150271343305492,0.8801559934012126,0.6742665575132943,0.5886249308023909,0.11663614984779735,0.06773590460895804,0.5956227022738153,0.5487538886391056,0.5721882954564604,-0.11717203408677435,1.5265507569414394,-20.1240522704452,-5.502939983537075
198.0,0.9577307998965672,0.6246960590288249,0.6246832720581432,0.4600828439611058,0.7309594059899489,0.5958391564476777,0.24300139504946516,0.3022612994914137,0.553335250609863,0.4157400387319348,0.4845376446708989,-0.3439880296948204,1.5609888332525068,-20.089967285612797,-5.537338786506558
198.10000000000002,0.6945474101677984,0.8745910342374377,0.8506625088278321,0.49123064819345574,0.7236770068255188,0.6515895320056297,0.10397771396130254,0.3350034731139098,0.6484307260094435,0.4333047757390767,0.5408677508742601,-0.5378148756759169,1.600716311728386,-20.053264333506647,-5.591120274074149
198.20000000000002,0.8866361570489176,0.42273710399217707,0.9754340587667214,0.9693394649067797,0.7562688368701986,0.6058190464029392,0.007942060319861867,0.030420963640547704,0.7502625041497437,0.5873894472195641,0.668825975684654,-0.40718264232544904,1.6522112234623811,-20.01058464368803,-5.6318385383066945
198.3,0.9776070917920121,0.9149955956729998,0.6808024882760104,0.48167192662454084,0.8005364878545613,0.6676543562569512,0.23810488717738518,0.32521972821606604,0.6099248377325708,0.450519987972793,0.5302224128526819,-0.3985121243994444,1.6943781168683232,-19.97843948586597,-5.671689750746639
198.4,0.401063392808086,0.6446059028394232,0.5869632104430562,0.9538312914973222,0.7206418688452663,0.6630446655734457,0.19469730202265384,0.044125891473874614,0.5803348412565297,0.6337872286180203,0.6070610349372749,0.1336309684037265,1.7440836883462532,-19.943588558110118,-5.658326653906266
198.5,0.2473777816007707,0.5283004232663111,0.4862749404352849,0.8934647507678849,0.6259890513963672,0.6360958171120188,0.2155349013232175,0.06675315272911027,0.4910665629742366,0.593634415881992,0.5423504894281143,0.2564196322693883,1.7880707977085297,-19.911861995992858,-5.632684690679327
198.60000000000002,0.9607284902235667,0.39397045011066356,0.8717877097104922,0.7876507748023089,0.6929369391618071,0.5876707437117478,0.08337455369012181,0.08490334740326014,0.6351636311237924,0.537775530399657,0.5864695807617246,-0.2434702518103385,1.8347409169655908,-19.876346285946177,-5.657031715860361
198.70000000000002,0.8674632212543925,0.25642531053009665,0.9780144063340876,0.5657307228763715,0.7278421955803241,0.5214216570754175,0.029929895662644382,0.15976269371080967,0.706057954607735,0.4381179285818948,0.5720879415948149,-0.6698500650646005,1.8810964944517226,-19.842820078807446,-5.724016722366821
198.8,0.7917239879723175,0.9554728846092064,0.49110772105677913,0.6660288131642719,0.7406185540587228,0.6082319025821753,0.3207180962500615,0.23825490516599787,0.503088781353536,0.46331766831352467,0.4832032248335303,-0.09942778260002824,1.9220574604964074,-19.8171870371311,-5.733959500626824
198.9,0.20861522934887766,0.2938336105383651,0.5866963544081493,0.46156732635941217,0.6342178891167538,0.5453522441734132,0.1636214970344977,0.22365802199859314,0.5304462086534115,0.42337983994909384,0.4769130243012527,-0.2676659217607942,1.9627347519318608,-19.79229088704807,-5.760726092802903
199.0,0.7283371474639893,0.4390577722921394,0.4749186957236803,0.8457470384688781,0.6530417407862009,0.5240933497971585,0.3086735762267302,0.056182382446633546,0.45146501123239496,0.49464853678111725,0.4730567740067561,0.10795881387180573,2.003729597555546,-19.768684749146516,-5.749930211415722
199.10000000000002,0.9831943676128998,0.9284049315452982,0.6048263141895927,0.5632616726286168,0.7190722661515407,0.6049556661467864,0.29348349889317976,0.28846957340990337,0.5080364215243387,0.43044436320151896,0.4692403923629288,-0.19398014580704934,2.0441385597368793,-19.744831421628604,-5.769328225996428
199.20000000000002,0.9128933981385969,0.2902700580769678,0.6799154106940801,0.7509871445676208,0.757836492548952,0.5420185445328227,0.22795631306298492,0.11127372395455147,0.5850828798029086,0.48170612263022966,0.5333945012165692,-0.2584418929316974,2.090589490898762,-19.718612956122882,-5.795172415289597
199.3,0.8355644910770901,0.8067676263517554,0.5347800486810772,0.461830099322973,0.7733820922545797,0.5949683608966092,0.3149587064164303,0.33925483427434583,0.5297986689124449,0.3931224682221509,0.4614605685672979,-0.3416905017257349,2.1313487478224338,-19.69697637740871,-5.8293414654621705
199.4,0.6792375854556862,0.4900395050125872,0.9216167726366166,0.7989463664346865,0.754553190894801,0.5739825897198048,0.05827966653307688,0.11825555606059944,0.7105780825479828,0.5061059594033863,0.6083420209756846,-0.5111803078614913,2.1860246133458108,-19.670305234311396,-5.88045949624832
199.5,0.537339294294432,0.7104479259561902,0.9191003461328696,0.568122138868235,0.7111104115747272,0.6012756569670819,0.05062021603123483,0.2433286760647587,0.6751138489187543,0.4549680474073138,0.5650409481630341,-0.5503645037786011,2.2380081598030364,-19.64815972395965,-5.93549594662618
199.60000000000002,0.4013366439358319,0.6062588413287977,0.6517872154726616,0.901777748396616,0.6491556580469482,0.602272293839425,0.1796875199256071,0.036609653267433345,0.5325104878068165,0.580223313989382,0.5563669008980993,0.11928206545641362,2.290315690432274,-19.629202838043952,-5.923567740080538
199.70000000000002,0.28090478606877095,0.844793191466026,0.5456465315183286,0.6969856495621269,0.5755054836513127,0.6507764733647452,0.19100144364243965,0.19992322869239323,0.46558310544977155,0.5206711396526161,0.49312712255119384,0.13772008550711146,2.3364739412942517,-19.611848891307865,-5.909795731529828
199.8,0.2831723630267533,0.8247375418320944,0.8251174531334429,0.7364024561940459,0.5170388595264008,0.685568687058215,0.08577000673003884,0.16107167286644133,0.4726924330651298,0.5751429917688986,0.5239177124170142,0.25612639675942195,2.3852557240361216,-19.59273775930665,-5.8841830918538855
199.9,0.615173428478202,0.9401944736692729,0.62955233473525,0.760997385268499,0.536665773316761,0.7364938443804266,0.20590384508657283,0.1733283581637355,0.4261642270644808,0.6088385755362696,0.5175014013003753,0.456685871179472,2.432940843623242,-19.572632874988642,-5.838514504735938
200.0,0.9632571822320029,0.660500419705591,0.4704840181770754,0.8584184046325727,0.6219840550998094,0.7212951594454595,0.357306856693458,0.0867847356398579,0.39974488745864584,0.6586977497146762,0.529221318586661,0.6473821556400758,2.480716421052705,-19.54986785265728,-5.773776289171931
